SKU,Type,Name,Published,Is featured?,Visibility in catalog,Short description,Description,Regular price,In stock?,Allow customer reviews?,Categories,Images,Attribute 1 name,Attribute 1 value(s),Attribute 1 visible,Attribute 1 global,Attribute 2 name,Attribute 2 value(s),Attribute 2 visible,Attribute 2 global
"audemars-piguet-code-11-59-by-audermars-piguet-selfwinding-15210or-oo-a099cr-01","simple","Audemars Piguet Code 11.59 By Audermars Piguet Selfwinding 15210OR.OO.A099CR.01","1","0","visible","Audemars Piguet Code 11.59 Selfwinding 15210OR phiên bản mặt số trắng-nâu là biểu tượng của sự nhã nhặn và phong thái quý tộc. Điểm làm nên sức hút khác biệt của mẫu này chính là sự kết hợp giữa Vàng hồng 18k và mặt số Sơn mài (Lacquer) màu trắng kem (White lacquer). Dưới lớp kính sapphire vòm, màu trắng không hề đơn điệu mà có độ bóng mượt như gốm sứ, tạo nên một ""phông nền"" hoàn hảo để các chi tiết bằng vàng hồng như bộ kim và cọc số tỏa sáng. Đây là mẫu đồng hồ dành cho những ai yêu thích sự tinh giản nhưng đòi hỏi sự hoàn hảo trong từng đường nét hoàn thiện.","<p data-path-to-node=""6""><b data-path-to-node=""6"" data-index-in-node=""0""><a href=""https://theempire.vn/danh-muc/audemars-piguet/"">Audemars Piguet</a> Code 11.59 Selfwinding 15210OR</b> phiên bản mặt số trắng-nâu là biểu tượng của sự nhã nhặn và phong thái quý tộc. Điểm làm nên sức hút khác biệt của mẫu này chính là sự kết hợp giữa <b data-path-to-node=""6"" data-index-in-node=""195"">Vàng hồng 18k</b> và mặt số <b data-path-to-node=""6"" data-index-in-node=""219"">Sơn mài (Lacquer)</b> màu trắng kem (White lacquer). Dưới lớp kính sapphire vòm, màu trắng không hề đơn điệu mà có độ bóng mượt như gốm sứ, tạo nên một “phông nền” hoàn hảo để các chi tiết bằng vàng hồng như bộ kim và cọc số tỏa sáng. Đây là mẫu đồng hồ dành cho những ai yêu thích sự tinh giản nhưng đòi hỏi sự hoàn hảo trong từng đường nét hoàn thiện.</p>
<p data-path-to-node=""7"">Trải nghiệm trên cổ tay là sự cảm nhận về sự cân bằng tuyệt đối giữa kích thước và trọng lượng. Với độ dày chỉ khoảng 10.7mm, chiếc đồng hồ dễ dàng nằm gọn dưới cổ tay áo sơ mi, mang lại vẻ ngoài lịch lãm cho các quý ông trong những buổi gặp gỡ quan trọng. Bộ máy <b data-path-to-node=""7"" data-index-in-node=""264"">Calibre 4302</b> không chỉ mạnh mẽ với mức dự trữ năng lượng 70 giờ mà còn là một tác phẩm nghệ thuật có thể quan sát qua nắp lưng sapphire, với những đường vân Côtes de Genève và các cạnh được vát bóng tỉ mỉ. Sự kết hợp với dây da cá sấu màu nâu sáng (Honey brown) không chỉ giúp tôn lên sắc ấm của vàng hồng mà còn mang lại cảm giác trẻ trung, phóng khoáng hơn so với dây đen truyền thống. Đây chính là mảnh ghép cuối cùng hoàn hảo để khẳng định rằng Code 11.59 không chỉ có những siêu phẩm phức tạp mà còn có những thiết kế thanh lịch chuẩn mực nhất.</p>","557000000","1","1","AUDEMARS PIGUET, AUDEMARS PIGUET > Code 11:59","https://theempire.vn/wp-content/uploads/2026/01/Audemars-Piguet-Code-11.59-By-Audermars-Piguet-Selfwinding-15210OR.OO_.A099CR.01.png","Thương hiệu","AUDEMARS PIGUET","1","1","Bộ sưu tập","Code 11:59","1","1"
"audemars-piguet-code-11-59-by-chronograph-26393cr-oo-a009cr-01","simple","Audemars Piguet Code 11.59 By Chronograph 26393CR.OO.A009CR.01","1","0","visible","Audemars Piguet Code 11.59 Selfwinding Chronograph 26393CR.01 phiên bản mặt số xám là một minh chứng cho nghệ thuật phối hợp màu sắc thượng lưu. Chiếc đồng hồ sở hữu bộ vỏ Two-tone độc đáo với sự đan xen giữa Vàng trắng 18k ở vành bezel, càng nối dây và Vàng hồng 18k ở phần thân giữa hình bát giác. Điểm nhấn làm nên linh hồn của phiên bản này chính là mặt số Sơn mài xám (Grey Lacquer) với hiệu ứng chuyển màu (Smoked) sâu dần về phía rìa. Sự kết hợp giữa tông xám khói hiện đại và sắc vàng hồng ấm áp tạo nên một diện mạo vô cùng tinh tế, sang trọng nhưng không quá phô trương.","<p data-path-to-node=""5""><b data-path-to-node=""5"" data-index-in-node=""0""><a href=""https://theempire.vn/danh-muc/audemars-piguet/"">Audemars Piguet</a> Code 11.59 Selfwinding Chronograph 26393CR.01</b> phiên bản mặt số xám là một minh chứng cho nghệ thuật phối hợp màu sắc thượng lưu. Chiếc đồng hồ sở hữu bộ vỏ <b data-path-to-node=""5"" data-index-in-node=""172"">Two-tone</b> độc đáo với sự đan xen giữa Vàng trắng 18k ở vành bezel, càng nối dây và Vàng hồng 18k ở phần thân giữa hình bát giác. Điểm nhấn làm nên linh hồn của phiên bản này chính là mặt số <b data-path-to-node=""5"" data-index-in-node=""361"">Sơn mài xám (Grey Lacquer)</b> với hiệu ứng chuyển màu (Smoked) sâu dần về phía rìa. Sự kết hợp giữa tông xám khói hiện đại và sắc vàng hồng ấm áp tạo nên một diện mạo vô cùng tinh tế, sang trọng nhưng không quá phô trương.</p>
<p data-path-to-node=""6"">Trải nghiệm trên cổ tay là sự tận hưởng cảm giác cổ điển quý phái khi đi kèm bộ dây da cá sấu màu xám đồng điệu. Dưới lớp kính sapphire vòm kép, các chi tiết như bộ kim, cọc số và viền mặt số phụ bằng vàng hồng trở nên cực kỳ nổi bật trên nền xám, giúp việc quan sát thời gian trở thành một thú vui thị giác. Bên trong là bộ máy <b data-path-to-node=""6"" data-index-in-node=""329"">Calibre 4401</b> đẳng cấp với tính năng <b data-path-to-node=""6"" data-index-in-node=""365"">Flyback Chronograph</b>, cho phép thực hiện các phép đo thời gian liên tiếp một cách mượt mà. Đây là lựa chọn lý tưởng cho những nhà sưu tầm tìm kiếm một chiếc đồng hồ mang phong cách lịch lãm, có khả năng kết hợp hoàn hảo với những bộ Âu phục sang trọng trong những dịp quan trọng nhất.</p>","1005000000","1","1","AUDEMARS PIGUET, AUDEMARS PIGUET > Code 11:59","https://theempire.vn/wp-content/uploads/2026/01/Audemars-Piguet-Code-11.59-By-Chronograph-26393CR.OO_.A009CR.01.png","Thương hiệu","AUDEMARS PIGUET","1","1","Bộ sưu tập","Code 11:59","1","1"
"audemars-piguet-code-11-59-chronograph-26393bc-oo-a002cr-01","simple","Audemars Piguet Code 11.59 Chronograph 26393BC.OO.A002CR.01","1","0","visible","Audemars Piguet Code 11.59 Selfwinding Chronograph 26393BC.01 phiên bản dây da cá sấu là sự định nghĩa lại cho khái niệm đồng hồ bấm giờ sang trọng theo phong cách cổ điển. Việc kết hợp giữa bộ vỏ Vàng trắng 18k và mặt số Sơn mài đen (Black Lacquer) tạo nên một diện mạo vô cùng lịch lãm và có phần ""kín tiếng"". Khác với các phiên bản dây vải năng động, bộ dây da cá sấu đen bóng giúp chiếc đồng hồ này trở thành một món phụ kiện hoàn hảo để đi cùng những bộ suit may đo cao cấp, mang lại vẻ ngoài quyền lực nhưng không quá phô trương cho các quý ông thượng lưu.","<p data-path-to-node=""5""><b data-path-to-node=""5"" data-index-in-node=""0""><a href=""https://theempire.vn/danh-muc/audemars-piguet/"">Audemars Piguet</a> Code 11.59 Selfwinding Chronograph 26393BC.01</b> phiên bản dây da cá sấu là sự định nghĩa lại cho khái niệm đồng hồ bấm giờ sang trọng theo phong cách cổ điển. Việc kết hợp giữa bộ vỏ <b data-path-to-node=""5"" data-index-in-node=""197"">Vàng trắng 18k</b> và mặt số <b data-path-to-node=""5"" data-index-in-node=""222"">Sơn mài đen (Black Lacquer)</b> tạo nên một diện mạo vô cùng lịch lãm và có phần “kín tiếng”. Khác với các phiên bản dây vải năng động, bộ dây da cá sấu đen bóng giúp chiếc đồng hồ này trở thành một món phụ kiện hoàn hảo để đi cùng những bộ suit may đo cao cấp, mang lại vẻ ngoài quyền lực nhưng không quá phô trương cho các quý ông thượng lưu.</p>
<p data-path-to-node=""6"">Trải nghiệm trên cổ tay là sự tận hưởng công nghệ cơ khí đỉnh cao ẩn sau vẻ ngoài tinh tế. Trái tim của đồng hồ là bộ máy <b data-path-to-node=""6"" data-index-in-node=""122"">Calibre 4401</b>, cỗ máy Chronograph tích hợp đầu tiên của AP với tính năng <b data-path-to-node=""6"" data-index-in-node=""194"">Flyback</b> cho phép đo các khoảng thời gian liên tiếp chỉ bằng một cái nhấn nút. Dưới lớp kính sapphire vòm kép, mặt số đen bóng như gương làm nổi bật bộ kim và cọc số bằng vàng trắng, tạo nên một hiệu ứng chiều sâu vô tận đầy mê hoặc. Qua nắp lưng sapphire, quả văng bằng vàng hồng 22k được khoét rỗng tinh xảo hiện lên như một điểm nhấn rực rỡ, minh chứng cho trình độ hoàn thiện thủ công bậc thầy của Audemars Piguet, dành riêng cho những nhà sưu tầm trân trọng giá trị di sản và sự chuẩn mực.</p>","1109500000","1","1","AUDEMARS PIGUET, AUDEMARS PIGUET > Code 11:59","https://theempire.vn/wp-content/uploads/2026/01/Audemars-Piguet-Code-11.59-Chronograph-26393BC.OO_.A002CR.01-1.png","Thương hiệu","AUDEMARS PIGUET","1","1","Bộ sưu tập","Code 11:59","1","1"
"audemars-piguet-code-11-59-flying-tourbillon-26396or-oo-d002cr-01","simple","Audemars Piguet Code 11.59 Flying Tourbillon 26396OR.OO.D002CR.01","1","0","visible","Audemars Piguet Code 11.59 Flying Tourbillon 26396OR là một tuyệt tác kết hợp giữa nghệ thuật chế tác mặt số truyền thống và kỹ nghệ đại phức tạp. Điểm nhấn thu hút mọi ánh nhìn chính là mặt số Men Grand Feu (Enamel) màu đen sâu thẳm, được chế tác thủ công với độ bóng và độ bền vĩnh cửu. Trên nền men đen huyền bí, lồng Flying Tourbillon tại góc 6 giờ hiện lên như một thực thể sống động, không có cầu đỡ phía trên, tạo cảm giác như đang lơ lửng trong không trung. Sự tương phản giữa sắc vàng hồng rực rỡ của bộ vỏ và mặt số đen bóng mang lại một vẻ đẹp quyền lực, đậm chất nghệ thuật cho những nhà sưu tầm tinh hoa.","<p data-path-to-node=""5""><b data-path-to-node=""5"" data-index-in-node=""0""><a href=""https://theempire.vn/danh-muc/audemars-piguet/"">Audemars Piguet</a> Code 11.59 Flying Tourbillon 26396OR</b> là một tuyệt tác kết hợp giữa nghệ thuật chế tác mặt số truyền thống và kỹ nghệ đại phức tạp. Điểm nhấn thu hút mọi ánh nhìn chính là mặt số <b data-path-to-node=""5"" data-index-in-node=""194"">Men Grand Feu (Enamel)</b> màu đen sâu thẳm, được chế tác thủ công với độ bóng và độ bền vĩnh cửu. Trên nền men đen huyền bí, lồng <b data-path-to-node=""5"" data-index-in-node=""321"">Flying Tourbillon</b> tại góc 6 giờ hiện lên như một thực thể sống động, không có cầu đỡ phía trên, tạo cảm giác như đang lơ lửng trong không trung. Sự tương phản giữa sắc vàng hồng rực rỡ của bộ vỏ và mặt số đen bóng mang lại một vẻ đẹp quyền lực, đậm chất nghệ thuật cho những nhà sưu tầm tinh hoa.</p>
<p data-path-to-node=""6"">Trải nghiệm trên cổ tay là sự tận hưởng nhịp đập của cỗ máy <b data-path-to-node=""6"" data-index-in-node=""60"">Calibre 2950</b> – bộ máy tự động đầu tiên của AP kết hợp giữa Flying Tourbillon và quả văng trung tâm. Dưới lớp kính sapphire vòm kép, cơ chế Tourbillon xoay tròn nhịp nhàng không chỉ giúp triệt tiêu sai số do trọng lực mà còn phô diễn toàn bộ sự tinh xảo của các chi tiết được đánh bóng thủ công. Với dây da cá sấu đen sang trọng, chiếc đồng hồ này là biểu tượng của sự sang trọng tối thượng, nơi công nghệ cơ khí đỉnh cao phục vụ cho tính thẩm mỹ thuần khiết, khẳng định vị thế dẫn đầu của Audemars Piguet trong thế giới Haute Horlogerie.</p>","9777900000","1","1","AUDEMARS PIGUET, AUDEMARS PIGUET > Code 11:59","https://theempire.vn/wp-content/uploads/2026/01/Audemars-Piguet-Code-11.59-Flying-Tourbillon-26396OR.OO_.D002CR.01.png","Thương hiệu","AUDEMARS PIGUET","1","1","Bộ sưu tập","Code 11:59","1","1"
"audemars-piguet-code-11-59-grande-sonnerie-carillon-supersonnerie-26397bc-oo-d321cr-04","simple","Audemars Piguet Code 11.59 Grande Sonnerie Carillon Supersonnerie 26397BC.OO.D321CR.04","1","0","visible","Audemars Piguet Code 11.59 Grande Sonnerie Carillon Supersonnerie là đỉnh cao nhất về âm thanh trong thế giới Haute Horlogerie, một kiệt tác hiếm hoi kết hợp giữa kỹ nghệ chế tác mặt số nghệ thuật và bộ máy siêu phức tạp. Điểm đặc biệt của phiên bản này chính là mặt số Tráng men Grand Feu (Grand Feu Enamel) do nghệ nhân lừng danh Anita Porchet thực hiện. Với tông màu xanh dương sâu thẳm được tạo nên từ nhiều lớp bột thủy tinh nung ở nhiệt độ trên 800°C, mặt số không chỉ mang vẻ đẹp vĩnh cửu mà còn có độ trong suốt và chiều sâu mê hoặc, phản chiếu ánh sáng một cách ảo diệu dưới lớp kính sapphire vòm kép.","<p data-path-to-node=""5""><b data-path-to-node=""5"" data-index-in-node=""0""><a href=""https://theempire.vn/danh-muc/audemars-piguet/"">Audemars Piguet</a> Code 11.59 Grande Sonnerie Carillon Supersonnerie</b> là đỉnh cao nhất về âm thanh trong thế giới Haute Horlogerie, một kiệt tác hiếm hoi kết hợp giữa kỹ nghệ chế tác mặt số nghệ thuật và bộ máy siêu phức tạp. Điểm đặc biệt của phiên bản này chính là mặt số <b data-path-to-node=""5"" data-index-in-node=""270"">Tráng men Grand Feu (Grand Feu Enamel)</b> do nghệ nhân lừng danh Anita Porchet thực hiện. Với tông màu xanh dương sâu thẳm được tạo nên từ nhiều lớp bột thủy tinh nung ở nhiệt độ trên 800°C, mặt số không chỉ mang vẻ đẹp vĩnh cửu mà còn có độ trong suốt và chiều sâu mê hoặc, phản chiếu ánh sáng một cách ảo diệu dưới lớp kính sapphire vòm kép.</p>
<p data-path-to-node=""6"">Trải nghiệm trên cổ tay là sự tận hưởng một “nhà hát giao hưởng” thu nhỏ. Khác với những chiếc Minute Repeater thông thường, cơ chế <b data-path-to-node=""6"" data-index-in-node=""132"">Carillon (Chuông chùm)</b> sử dụng 3 bộ gông và búa gõ (thay vì 2) để tạo ra hợp âm ba nốt đầy nhạc tính và trong trẻo. Đặc biệt, công nghệ <b data-path-to-node=""6"" data-index-in-node=""268"">Supersonnerie</b> độc quyền của AP – lấy cảm hứng từ cấu trúc của đàn Guitar – giúp khuếch đại âm thanh vang dội và sắc nét hơn bất kỳ chiếc đồng hồ điểm chuông nào khác trên thị trường. Bộ máy <b data-path-to-node=""6"" data-index-in-node=""458"">Calibre 2956</b> bên trong là một kỳ quan với 489 chi tiết, cho phép đồng hồ tự động điểm giờ và khắc (Grande Sonnerie) hoặc chỉ điểm giờ (Petite Sonnerie). Với bộ vỏ <b data-path-to-node=""6"" data-index-in-node=""621"">Vàng trắng 18k</b> sang trọng và mặt số nghệ thuật độc bản, 26397BC không chỉ là một chiếc đồng hồ, mà là một di sản âm thanh dành cho những nhà sưu tầm tinh hoa nhất.</p>","16680000000","1","1","AUDEMARS PIGUET, AUDEMARS PIGUET > Code 11:59","https://theempire.vn/wp-content/uploads/2026/01/Audemars-Piguet-Code-11.59-Grande-Sonnerie-Carillon-Supersonnerie-26397BC.OO_.D321CR.04-1.png","Thương hiệu","AUDEMARS PIGUET","1","1","Bộ sưu tập","Code 11:59","1","1"
"audemars-piguet-code-11-59-grande-sonnerie-carillon-supersonnerie-26397nb-oo-d002kb-01","simple","Audemars Piguet Code 11.59 Grande Sonnerie Carillon Supersonnerie 26397NB.OO.D002KB.01","1","0","visible","Audemars Piguet Code 11.59 Grande Sonnerie Carillon Supersonnerie 26397NB là một tác phẩm nghệ thuật độc bản, nơi đỉnh cao âm thanh giao thoa với hội họa đương đại. Điểm nhấn làm nên giá trị độc nhất của phiên bản này chính là mặt số Tráng men Grand Feu (Grand Feu Enamel) do chính tay nữ nghệ nhân huyền thoại Anita Porchet chế tác. Với những đường nét hình học trừu tượng phối hợp giữa các tông màu xanh, vàng và đen, mặt số này không chỉ là một bảng hiển thị thời gian mà là một bức tranh sơn dầu vĩnh cửu. Việc kết hợp bộ vỏ Vàng hồng 18k với phần thân giữa bằng Ceramic đen giúp tôn vinh cấu trúc đa tầng phức tạp, đồng thời mang lại vẻ ngoài mạnh mẽ và đầy cá tính.","<p data-path-to-node=""5""><b data-path-to-node=""5"" data-index-in-node=""0""><a href=""https://theempire.vn/danh-muc/audemars-piguet/"">Audemars Piguet</a> Code 11.59 Grande Sonnerie Carillon Supersonnerie 26397NB</b> là một tác phẩm nghệ thuật độc bản, nơi đỉnh cao âm thanh giao thoa với hội họa đương đại. Điểm nhấn làm nên giá trị độc nhất của phiên bản này chính là mặt số <b data-path-to-node=""5"" data-index-in-node=""234"">Tráng men Grand Feu (Grand Feu Enamel)</b> do chính tay nữ nghệ nhân huyền thoại Anita Porchet chế tác. Với những đường nét hình học trừu tượng phối hợp giữa các tông màu xanh, vàng và đen, mặt số này không chỉ là một bảng hiển thị thời gian mà là một bức tranh sơn dầu vĩnh cửu. Việc kết hợp bộ vỏ <b data-path-to-node=""5"" data-index-in-node=""529"">Vàng hồng 18k</b> với phần thân giữa bằng <b data-path-to-node=""5"" data-index-in-node=""567"">Ceramic đen</b> giúp tôn vinh cấu trúc đa tầng phức tạp, đồng thời mang lại vẻ ngoài mạnh mẽ và đầy cá tính.</p>
<p data-path-to-node=""6"">Trải nghiệm trên cổ tay là sự tận hưởng “nhà hát giao hưởng” nhỏ bé nhưng quyền năng nhất thế giới đồng hồ. Với tính năng <b data-path-to-node=""6"" data-index-in-node=""122"">Grande Sonnerie (Điểm chuông lớn)</b>, cỗ máy tự động đánh chuông báo giờ và mỗi khắc (15 phút) mà không cần sự can thiệp của người dùng. Hệ thống <b data-path-to-node=""6"" data-index-in-node=""265"">Carillon</b> với 3 bộ gông và búa gõ tạo nên những hợp âm trong trẻo, ngân vang như tiếng chuông nhà thờ cổ kính. Đặc biệt, công nghệ <b data-path-to-node=""6"" data-index-in-node=""395"">Supersonnerie</b> với cấu trúc nắp lưng đóng vai trò như một bảng cộng hưởng âm thanh, giúp tiếng chuông thoát ra ngoài với âm lượng lớn và độ sắc nét kinh ngạc, ngay cả khi đồng hồ được đeo trên tay. Với bộ máy <b data-path-to-node=""6"" data-index-in-node=""603"">Calibre 2956</b> gồm 489 chi tiết hoàn thiện thủ công, đây là mẫu đồng hồ dành cho những nhà sưu tầm muốn sở hữu “tinh hoa của mọi tinh hoa”: từ vật liệu hiện đại, kỹ nghệ điểm chuông siêu phức tạp đến nghệ thuật tráng men thủ công đỉnh cao.</p>","7400000000","1","1","AUDEMARS PIGUET, AUDEMARS PIGUET > Code 11:59","https://theempire.vn/wp-content/uploads/2026/01/Audemars-Piguet-Code-11.59-Grande-Sonnerie-Carillon-Supersonnerie-26397NB.OO_.D002KB.01.png","Thương hiệu","AUDEMARS PIGUET","1","1","Bộ sưu tập","Code 11:59","1","1"
"audemars-piguet-code-11-59-grande-sonnerie-carillon-supersonnerie-26397qa-oo-d002kb-01","simple","Audemars Piguet Code 11.59 Grande Sonnerie Carillon Supersonnerie 26397QA.OO.D002KB.01","1","0","visible","Audemars Piguet Code 11.59 Grande Sonnerie Carillon Supersonnerie 26397QA là hiện thân của đỉnh cao kỹ nghệ âm thanh trong một bộ vỏ mang hơi hướng kiến trúc hiện đại. Điểm khác biệt lớn nhất của phiên bản này so với các mẫu truyền thống chính là sự kết hợp vật liệu đột phá: bộ vỏ bằng Vàng trắng 18k sang trọng được điểm xuyết bởi phần thân giữa hình bát giác bằng Ceramic đen. Sự phối hợp này không chỉ tạo nên sự tương phản màu sắc đầy nam tính, mạnh mẽ mà còn giúp cấu trúc vỏ đa tầng của dòng Code 11.59 trở nên nổi bật hơn bao giờ hết. Mặt số được chế tác bởi nghệ nhân tráng men lừng danh Anita Porchet, mang phong cách nghệ thuật đương đại với các mảng màu tinh tế, biến mỗi chiếc đồng hồ thành một tác phẩm hội họa độc bản.","<p data-path-to-node=""5""><b data-path-to-node=""5"" data-index-in-node=""0""><a href=""https://theempire.vn/danh-muc/audemars-piguet/"">Audemars Piguet</a> Code 11.59 Grande Sonnerie Carillon Supersonnerie 26397QA</b> là hiện thân của đỉnh cao kỹ nghệ âm thanh trong một bộ vỏ mang hơi hướng kiến trúc hiện đại. Điểm khác biệt lớn nhất của phiên bản này so với các mẫu truyền thống chính là sự kết hợp vật liệu đột phá: bộ vỏ bằng <b data-path-to-node=""5"" data-index-in-node=""287"">Vàng trắng 18k</b> sang trọng được điểm xuyết bởi phần thân giữa hình bát giác bằng <b data-path-to-node=""5"" data-index-in-node=""367"">Ceramic đen</b>. Sự phối hợp này không chỉ tạo nên sự tương phản màu sắc đầy nam tính, mạnh mẽ mà còn giúp cấu trúc vỏ đa tầng của dòng Code 11.59 trở nên nổi bật hơn bao giờ hết. Mặt số được chế tác bởi nghệ nhân tráng men lừng danh Anita Porchet, mang phong cách nghệ thuật đương đại với các mảng màu tinh tế, biến mỗi chiếc đồng hồ thành một tác phẩm hội họa độc bản.</p>
<p data-path-to-node=""6"">Trải nghiệm trên cổ tay là sự tận hưởng một “nhà hát giao hưởng” cơ khí với công nghệ âm thanh <b data-path-to-node=""6"" data-index-in-node=""95"">Supersonnerie</b> độc quyền. Khác với những chiếc đồng hồ điểm chuông thông thường, cơ chế <b data-path-to-node=""6"" data-index-in-node=""182"">Carillon (Chuông chùm)</b> của AP sử dụng tới 3 bộ gông và búa gõ, tạo ra hợp âm ba nốt trong trẻo và vang vọng như tiếng chuông nhà thờ. Khả năng <b data-path-to-node=""6"" data-index-in-node=""325"">Grande Sonnerie</b> cho phép đồng hồ tự động điểm giờ và mỗi khắc (15 phút) một cách kiêu hãnh. Đặc biệt, cấu trúc nắp lưng Supersonnerie đóng vai trò như một hộp cộng hưởng, giúp khuếch đại âm thanh ra bên ngoài một cách sắc nét nhất mà không bị cản trở bởi khả năng chống nước. Đi kèm dây đeo vải dệt hiện đại, 26397QA là sự lựa chọn dành cho những nhà sưu tầm tinh hoa, những người không chỉ tìm kiếm một cỗ máy thời gian mà còn khao khát sở hữu một di sản âm thanh đỉnh cao bên trong một diện mạo phá cách.</p>","7400000000","1","1","AUDEMARS PIGUET, AUDEMARS PIGUET > Code 11:59","https://theempire.vn/wp-content/uploads/2026/01/Audemars-Piguet-Code-11.59-Grande-Sonnerie-Carillon-Supersonnerie-26397QA.OO_.D002KB.01.png","Thương hiệu","AUDEMARS PIGUET","1","1","Bộ sưu tập","Code 11:59","1","1"
"audemars-piguet-code-11-59-minute-repeater-supersonnerie-26395bc-oo-d321cr-01","simple","Audemars Piguet Code 11.59 Minute Repeater Supersonnerie 26395BC.OO.D321CR.01","1","0","visible","Audemars Piguet Code 11.59 Minute Repeater Supersonnerie 26395BC là sự kết hợp giữa vẻ ngoài tối giản và tâm hồn cơ khí siêu phức tạp. Điểm thu hút đầu tiên là mặt số Sơn mài xanh dương (Blue Lacquer) với hiệu ứng chuyển màu (Smoked), mang lại cảm giác sâu thẳm và sang trọng. Trên nền mặt số này, các chi tiết bằng vàng trắng 18k như bộ kim và cọc số được chế tác thanh mảnh, tạo nên một diện mạo vô cùng lịch lãm, khiến người nhìn khó có thể nhận ra đây là một trong những cỗ máy phức tạp nhất thế giới nếu không kích hoạt cần gạt điểm chuông.","<p data-path-to-node=""6""><b data-path-to-node=""6"" data-index-in-node=""0""><a href=""https://theempire.vn/danh-muc/audemars-piguet/"">Audemars Piguet</a> Code 11.59 Minute Repeater Supersonnerie 26395BC</b> là sự kết hợp giữa vẻ ngoài tối giản và tâm hồn cơ khí siêu phức tạp. Điểm thu hút đầu tiên là mặt số <b data-path-to-node=""6"" data-index-in-node=""167"">Sơn mài xanh dương (Blue Lacquer)</b> với hiệu ứng chuyển màu (Smoked), mang lại cảm giác sâu thẳm và sang trọng. Trên nền mặt số này, các chi tiết bằng vàng trắng 18k như bộ kim và cọc số được chế tác thanh mảnh, tạo nên một diện mạo vô cùng lịch lãm, khiến người nhìn khó có thể nhận ra đây là một trong những cỗ máy phức tạp nhất thế giới nếu không kích hoạt cần gạt điểm chuông.</p>
<p data-path-to-node=""7"">Trải nghiệm trên cổ tay là sự tận hưởng công nghệ âm thanh <b data-path-to-node=""7"" data-index-in-node=""59"">Supersonnerie</b> mang tính cách mạng. Thông thường, đồng hồ điểm chuông (Minute Repeater) bằng vàng khối thường có âm lượng nhỏ do đặc tính hấp thụ âm của kim loại quý. Tuy nhiên, AP đã giải quyết bài toán này bằng cách không gắn gông trực tiếp vào bộ máy mà gắn vào một thiết bị bằng hợp kim đóng vai trò như <b data-path-to-node=""7"" data-index-in-node=""366"">bảng cộng hưởng (soundboard)</b>. Kết quả là tiếng chuông báo giờ, khắc và phút vang lên với âm lượng lớn, trong trẻo và có độ vang tương đương với những chiếc đồng hồ bỏ túi cổ điển đại tài. Bộ máy <b data-path-to-node=""7"" data-index-in-node=""561"">Calibre 2953</b> còn sở hữu cơ chế bảo vệ thông minh, ngăn người dùng chỉnh giờ khi chuông đang đánh để tránh hư hại bộ máy. Với 26395BC, Audemars Piguet đã mang đến một “nhà hát mini” trên cổ tay, dành riêng cho những nhà sưu tầm trân trọng vẻ đẹp kín đáo bên ngoài nhưng sở hữu sức mạnh kỹ nghệ bùng nổ bên trong.</p>","7310000000","1","1","AUDEMARS PIGUET, AUDEMARS PIGUET > Code 11:59","https://theempire.vn/wp-content/uploads/2026/01/Audemars-Piguet-Code-11.59-Minute-Repeater-Supersonnerie-26395BC.OO_.D321CR.01.png","Thương hiệu","AUDEMARS PIGUET","1","1","Bộ sưu tập","Code 11:59","1","1"
"audemars-piguet-code-11-59-minute-repeater-supersonnerrie-26395bc-oo-d321cr-01","simple","Audemars Piguet Code 11.59 Minute Repeater Supersonnerrie 26395BC.OO.D321CR.01","1","0","visible","Audemars Piguet Code 11.59 Minute Repeater Supersonnerie 26395BC là một kiệt tác âm thanh, nơi công nghệ cơ khí hiện đại phục vụ cho một trong những tính năng lãng mạn nhất của thế giới đồng hồ: Điểm chuông đến từng phút. Điểm nhấn thị giác đầu tiên chính là mặt số Sơn mài xanh (Blue Lacquer) với hiệu ứng chuyển màu (Smoked) sâu thẳm. Trên nền xanh huyền bí đó, bộ kim và cọc số bằng vàng trắng cùng mặt số phụ giây nhỏ tại góc 6 giờ hiện lên đầy thanh lịch, mang lại một tổng thể tinh tế, che giấu đi cỗ máy ""siêu phức tạp"" đang ẩn mình bên trong bộ vỏ Vàng trắng 18k.","<p data-path-to-node=""5""><b data-path-to-node=""5"" data-index-in-node=""0""><a href=""https://theempire.vn/danh-muc/audemars-piguet/"">Audemars Piguet</a> Code 11.59 Minute Repeater Supersonnerie 26395BC</b> là một kiệt tác âm thanh, nơi công nghệ cơ khí hiện đại phục vụ cho một trong những tính năng lãng mạn nhất của thế giới đồng hồ: Điểm chuông đến từng phút. Điểm nhấn thị giác đầu tiên chính là mặt số <b data-path-to-node=""5"" data-index-in-node=""266"">Sơn mài xanh (Blue Lacquer)</b> với hiệu ứng chuyển màu (Smoked) sâu thẳm. Trên nền xanh huyền bí đó, bộ kim và cọc số bằng vàng trắng cùng mặt số phụ giây nhỏ tại góc 6 giờ hiện lên đầy thanh lịch, mang lại một tổng thể tinh tế, che giấu đi cỗ máy “siêu phức tạp” đang ẩn mình bên trong bộ vỏ <b data-path-to-node=""5"" data-index-in-node=""556"">Vàng trắng 18k</b>.</p>
<p data-path-to-node=""6"">Trải nghiệm trên cổ tay không chỉ dừng lại ở thị giác mà còn là một bữa tiệc về thính giác. Khác với những chiếc Minute Repeater truyền thống thường có âm lượng nhỏ, công nghệ <b data-path-to-node=""6"" data-index-in-node=""176"">Supersonnerie</b> độc quyền của AP (được nghiên cứu trong 8 năm) đã thay đổi hoàn toàn cuộc chơi. Bằng cách gắn các gông (gongs) lên một bảng cộng hưởng đặc biệt thay vì gắn trực tiếp vào bản vi mạch, âm thanh được khuếch đại mạnh mẽ, trong trẻo và có độ vang như một chiếc đồng hồ bỏ túi cổ điển. Hơn nữa, cơ chế này còn loại bỏ hoàn toàn tiếng ồn của bộ điều tốc (governor), giúp tiếng chuông báo giờ, khắc và phút trở nên thuần khiết tuyệt đối. Trái tim của đồng hồ là bộ máy <b data-path-to-node=""6"" data-index-in-node=""651"">Calibre 2953</b>, một kỳ quan với cơ chế bảo vệ thông minh giúp ngăn chặn người dùng điều chỉnh thời gian khi chuông đang đổ, tránh gây hư hại cho bộ máy. Đi kèm dây da cá sấu xanh dương đồng điệu, 26395BC là sự lựa chọn tối thượng cho những nhà sưu tầm trân trọng những giá trị âm thanh di sản được bao bọc trong một diện mạo tân thời.</p>","7313000000","1","1","AUDEMARS PIGUET, AUDEMARS PIGUET > Code 11:59","https://theempire.vn/wp-content/uploads/2026/01/Audemars-Piguet-Code-11.59-Minute-Repeater-Supersonnerrie-26395BC.OO_.D321CR.01.png","Thương hiệu","AUDEMARS PIGUET","1","1","Bộ sưu tập","Code 11:59","1","1"
"audemars-piguet-code-11-59-perpetual-calendar-26394bc-oo-d027kb-01","simple","Audemars Piguet Code 11.59 Perpetual Calendar 26394BC.OO.D027KB.01","1","0","visible","Audemars Piguet Code 11.59 Perpetual Calendar 26394BC là sự kết hợp hoàn hảo giữa vẻ đẹp lạnh lùng, sang trọng của Vàng trắng 18k và sự huyền bí của dải ngân hà. Điểm nhấn làm say đắm mọi ánh nhìn chính là mặt số chế tác từ đá Aventurine xanh dương, mang lại hiệu ứng lấp lánh như hàng triệu vì sao đang tỏa sáng trong đêm cực. Trên nền đá quý này, các tính năng của bộ lịch vạn niên được trình bày một cách tinh tế: lịch thứ, ngày, tháng, năm nhuận và đặc biệt là lịch tuần trăng (Moonphase) tại góc 6 giờ với hình ảnh mặt trăng được quang khắc laser chân thực đến kinh ngạc.","<p data-path-to-node=""5""><b data-path-to-node=""5"" data-index-in-node=""0""><a href=""https://theempire.vn/danh-muc/audemars-piguet/"">Audemars Piguet</a> Code 11.59 Perpetual Calendar 26394BC</b> là sự kết hợp hoàn hảo giữa vẻ đẹp lạnh lùng, sang trọng của <b data-path-to-node=""5"" data-index-in-node=""115"">Vàng trắng 18k</b> và sự huyền bí của dải ngân hà. Điểm nhấn làm say đắm mọi ánh nhìn chính là mặt số chế tác từ <b data-path-to-node=""5"" data-index-in-node=""224"">đá Aventurine xanh dương</b>, mang lại hiệu ứng lấp lánh như hàng triệu vì sao đang tỏa sáng trong đêm cực. Trên nền đá quý này, các tính năng của bộ lịch vạn niên được trình bày một cách tinh tế: lịch thứ, ngày, tháng, năm nhuận và đặc biệt là lịch tuần trăng (Moonphase) tại góc 6 giờ với hình ảnh mặt trăng được quang khắc laser chân thực đến kinh ngạc.</p>
<p data-path-to-node=""6"">Trải nghiệm trên cổ tay là sự làm chủ thời gian thông qua bộ máy tự động siêu mỏng <b data-path-to-node=""6"" data-index-in-node=""83"">Calibre 5134</b>. Cỗ máy này sở hữu trí tuệ cơ khí vượt trội, có khả năng tự động tính toán chính xác số ngày trong tháng và năm nhuận mà không cần điều chỉnh cho đến năm 2100. Dưới lớp kính sapphire vòm kép đặc trưng, mặt số Aventurine tạo nên một hiệu ứng chiều sâu vô tận, khiến người đeo như đang nhìn vào một khoảng không vũ trụ mênh mông. Đi kèm dây đeo vải bọc cao su màu xanh dương hiện đại, 26394BC phiên bản vàng trắng là tuyên ngôn về phong cách sống tinh tế, dành cho những nhà sưu tầm trân trọng kỹ nghệ Haute Horlogerie đỉnh cao nhưng vẫn yêu thích nét thẩm mỹ đương đại, khác biệt.</p>","1130000000","1","1","AUDEMARS PIGUET, AUDEMARS PIGUET > Code 11:59","https://theempire.vn/wp-content/uploads/2026/01/Audemars-Piguet-Code-11.59-Perpetual-Calendar-26394BC.OO_.D027KB.01.png","Thương hiệu","AUDEMARS PIGUET","1","1","Bộ sưu tập","Code 11:59","1","1"
"audemars-piguet-code-11-59-perpetual-calendar-26394or-oo-d027kb-01","simple","Audemars Piguet Code 11.59 Perpetual Calendar 26394OR.OO.D027KB.01","1","0","visible","Audemars Piguet Code 11.59 Perpetual Calendar 26394OR là một trong những kiệt tác mang tính biểu tượng nhất của dòng Code, nơi kỹ nghệ lịch vạn niên đỉnh cao gặp gỡ vẻ đẹp huyền ảo của vũ trụ. Điểm nhấn mê hoặc nhất chính là mặt số được chế tác từ đá Aventurine xanh dương, tạo hiệu ứng như một bầu trời đêm đầy sao lấp lánh. Trên nền đá quý này, các mặt số phụ hiển thị ngày, thứ, tháng và năm nhuận được sắp xếp cân đối, cùng với lịch tuần trăng (Moonphase) tại góc 6 giờ được chế tác cực kỳ sống động bằng kỹ thuật quang khắc laser. Sự kết hợp giữa sắc ấm của vàng hồng và vẻ thâm trầm của đá Aventurine biến chiếc đồng hồ thành một ""vũ trụ thu nhỏ"" trên cổ tay người sở hữu.","<p data-path-to-node=""5""><b data-path-to-node=""5"" data-index-in-node=""0""><a href=""https://theempire.vn/danh-muc/audemars-piguet/"">Audemars Piguet</a> Code 11.59 Perpetual Calendar 26394OR</b> là một trong những kiệt tác mang tính biểu tượng nhất của dòng Code, nơi kỹ nghệ lịch vạn niên đỉnh cao gặp gỡ vẻ đẹp huyền ảo của vũ trụ. Điểm nhấn mê hoặc nhất chính là mặt số được chế tác từ <b data-path-to-node=""5"" data-index-in-node=""248"">đá Aventurine xanh dương</b>, tạo hiệu ứng như một bầu trời đêm đầy sao lấp lánh. Trên nền đá quý này, các mặt số phụ hiển thị ngày, thứ, tháng và năm nhuận được sắp xếp cân đối, cùng với lịch tuần trăng (Moonphase) tại góc 6 giờ được chế tác cực kỳ sống động bằng kỹ thuật quang khắc laser. Sự kết hợp giữa sắc ấm của vàng hồng và vẻ thâm trầm của đá Aventurine biến chiếc đồng hồ thành một “vũ trụ thu nhỏ” trên cổ tay người sở hữu.</p>
<p data-path-to-node=""6"">Trải nghiệm trên cổ tay là sự cảm nhận về một trong những bộ máy lịch vạn niên mỏng nhất thế giới – <b data-path-to-node=""6"" data-index-in-node=""100"">Calibre 5134</b>. Dựa trên nền tảng của bộ máy 2120 huyền thoại, cỗ máy này có khả năng tự động điều chỉnh chính xác độ dài các tháng và cả năm nhuận cho đến tận năm 2100 (nếu được lên cót liên tục). Đặc biệt, vòng bezel bên trong còn hiển thị 52 tuần trong năm, một tính năng hiếm gặp và đầy tinh tế. Dưới lớp kính sapphire vòm kép, mặt số Aventurine hiện lên với chiều sâu hun hút, làm nổi bật bộ kim và cọc số bằng vàng hồng rực rỡ. Với dây đeo vải bọc cao su hiện đại, 26394OR không chỉ là một cỗ máy thời gian siêu phức tạp mà còn là biểu tượng của sự lịch lãm, đẳng cấp và tầm nhìn vượt thời đại.</p>","1530000000","1","1","AUDEMARS PIGUET, AUDEMARS PIGUET > Code 11:59","https://theempire.vn/wp-content/uploads/2026/01/Audemars-Piguet-Code-11.59-Perpetual-Calendar-26394OR.OO_.D027KB.01.png","Thương hiệu","AUDEMARS PIGUET","1","1","Bộ sưu tập","Code 11:59","1","1"
"audemars-piguet-code-11-59-perpetual-calendar-26394or-oo-d321cr-01","simple","Audemars Piguet Code 11.59 Perpetual Calendar 26394OR.OO.D321CR.01","1","0","visible","Audemars Piguet Code 11.59 Perpetual Calendar 26394OR là sự giao thoa hoàn hảo giữa một trong những tính năng cổ điển, phức tạp nhất của thế giới đồng hồ – Lịch vạn niên – và ngôn ngữ thiết kế tương lai của dòng Code 11.59. Điểm nhấn lộng lẫy nhất chính là mặt số được chế tác từ đá Aventurine xanh dương, tạo hiệu ứng như một bầu trời đêm đầy sao vô tận. Trên nền đá quý lấp lánh đó, các mặt số phụ hiển thị thứ, ngày, tháng và lịch tuần trăng được sắp xếp cân xứng, tạo nên một tổng thể vừa tinh xảo, vừa mang tính chiêm tinh học đầy thơ mộng. Sắc xanh thẳm của Aventurine khi kết hợp cùng bộ vỏ Vàng hồng 18k tạo nên một diện mạo vô cùng vương giả và lôi cuốn.","<p data-path-to-node=""5""><b data-path-to-node=""5"" data-index-in-node=""0""><a href=""https://theempire.vn/danh-muc/audemars-piguet/"">Audemars Piguet</a> Code 11.59 Perpetual Calendar 26394OR</b> là sự giao thoa hoàn hảo giữa một trong những tính năng cổ điển, phức tạp nhất của thế giới đồng hồ – Lịch vạn niên – và ngôn ngữ thiết kế tương lai của dòng Code 11.59. Điểm nhấn lộng lẫy nhất chính là mặt số được chế tác từ đá <b data-path-to-node=""5"" data-index-in-node=""283"">Aventurine xanh dương</b>, tạo hiệu ứng như một bầu trời đêm đầy sao vô tận. Trên nền đá quý lấp lánh đó, các mặt số phụ hiển thị thứ, ngày, tháng và lịch tuần trăng được sắp xếp cân xứng, tạo nên một tổng thể vừa tinh xảo, vừa mang tính chiêm tinh học đầy thơ mộng. Sắc xanh thẳm của Aventurine khi kết hợp cùng bộ vỏ <b data-path-to-node=""5"" data-index-in-node=""598"">Vàng hồng 18k</b> tạo nên một diện mạo vô cùng vương giả và lôi cuốn.</p>
<p data-path-to-node=""6"">Trải nghiệm trên cổ tay là sự tận hưởng trí tuệ cơ khí đỉnh cao. Trái tim của đồng hồ là bộ máy tự động siêu mỏng <b data-path-to-node=""6"" data-index-in-node=""114"">Calibre 5134</b>, cho phép hiển thị chính xác lịch ngày, thứ, tháng, năm nhuận và cả số tuần trong năm (thông qua kim trung tâm chỉ vào vòng bezel ngoại vi) mà không cần điều chỉnh cho đến tận năm 2100. Đặc biệt, lịch tuần trăng tại góc 6 giờ được làm từ hình ảnh ảnh thực (photorealistic) của mặt trăng, nổi bật trên nền đá Aventurine, mang lại cảm giác sống động như đang quan sát vũ trụ qua một thấu kính thiên văn. Dưới lớp kính sapphire <b data-path-to-node=""6"" data-index-in-node=""552"">vòm kép (Double Curved)</b>, mặt số Aventurine thay đổi hiệu ứng ánh sáng liên tục theo từng cử động của cổ tay, biến 26394OR thành một kiệt tác thiên văn học dành cho những nhà sưu tầm yêu thích vẻ đẹp lãng mạn nhưng đầy quyền năng.</p>","1940000000","1","1","AUDEMARS PIGUET, AUDEMARS PIGUET > Code 11:59","https://theempire.vn/wp-content/uploads/2026/01/Audemars-Piguet-Code-11.59-Perpetual-Calendar-26394OR.OO_.D321CR.01.png","Thương hiệu","AUDEMARS PIGUET","1","1","Bộ sưu tập","Code 11:59","1","1"
"audemars-piguet-code-11-59-selfwinding-15210bc-oo-a002kb-01","simple","Audemars Piguet Code 11.59 Selfwinding 15210BC.OO.A002KB.01","1","0","visible","Audemars Piguet Code 11.59 Selfwinding 15210BC.01 là định nghĩa hoàn hảo cho vẻ đẹp tối giản nhưng đầy quyền lực. Sự kết hợp giữa bộ vỏ Vàng trắng 18k và mặt số Sơn mài đen (Black Lacquer) bóng bẩy tạo nên một tổng thể ""All-black"" cực kỳ sang trọng và bí ẩn. Điểm nhấn tinh tế nằm ở kỹ thuật sơn mài thủ công, tạo ra một bề mặt đen sâu thẳm như gương, làm nổi bật logo Audemars Piguet bằng vàng được chế tác bằng kỹ thuật tăng trưởng điện ly (galvanic growth). Đây là lựa chọn tối ưu cho những quý ông theo đuổi phong cách ""Quiet Luxury"" – không cần phô trương nhưng vẫn khẳng định được đẳng cấp thượng lưu.","<p data-path-to-node=""5""><b data-path-to-node=""5"" data-index-in-node=""0""><a href=""https://theempire.vn/danh-muc/audemars-piguet/"">Audemars Piguet</a> Code 11.59 Selfwinding 15210BC.01</b> là định nghĩa hoàn hảo cho vẻ đẹp tối giản nhưng đầy quyền lực. Sự kết hợp giữa bộ vỏ <b data-path-to-node=""5"" data-index-in-node=""136"">Vàng trắng 18k</b> và mặt số <b data-path-to-node=""5"" data-index-in-node=""161"">Sơn mài đen (Black Lacquer)</b> bóng bẩy tạo nên một tổng thể “All-black” cực kỳ sang trọng và bí ẩn. Điểm nhấn tinh tế nằm ở kỹ thuật sơn mài thủ công, tạo ra một bề mặt đen sâu thẳm như gương, làm nổi bật logo Audemars Piguet bằng vàng được chế tác bằng kỹ thuật tăng trưởng điện ly (galvanic growth). Đây là lựa chọn tối ưu cho những quý ông theo đuổi phong cách “Quiet Luxury” – không cần phô trương nhưng vẫn khẳng định được đẳng cấp thượng lưu.</p>
<p data-path-to-node=""6"">Trải nghiệm trên cổ tay là sự kết hợp thú vị giữa chất liệu quý tộc và thiết kế dây đeo hiện đại. Việc phối cùng dây vải bọc cao su màu đen không chỉ giúp chiếc đồng hồ trở nên trẻ trung, năng động hơn mà còn tạo ra một sự đồng nhất tuyệt đối về màu sắc. Dưới lớp kính sapphire vòm kép, mọi chi tiết của mặt số hiện lên lung linh với hiệu ứng ánh sáng chạy dọc theo các đường cong tinh tế của vỏ. Bên trong là bộ máy <b data-path-to-node=""6"" data-index-in-node=""417"">Calibre 4302</b> bền bỉ với khả năng dự trữ năng lượng 70 giờ, đảm bảo sự chính xác tuyệt vời cho nhịp sống hiện đại. 15210BC phiên bản mặt đen dây vải là món phụ kiện linh hoạt, sẵn sàng đồng hành cùng chủ nhân trong cả những buổi họp quan trọng lẫn những buổi tiệc tối đầy phong cách.</p>","600000000","1","1","AUDEMARS PIGUET, AUDEMARS PIGUET > Code 11:59","https://theempire.vn/wp-content/uploads/2026/01/Audemars-Piguet-Code-11.59-Selfwinding-15210BC.OO_.A002KB.01.png","Thương hiệu","AUDEMARS PIGUET","1","1","Bộ sưu tập","Code 11:59","1","1"
"audemars-piguet-code-11-59-selfwinding-15210bc-oo-a068cr-01","simple","Audemars Piguet Code 11.59 Selfwinding 15210BC.OO.A068CR.01","1","0","visible","Audemars Piguet Code 11.59 Selfwinding 15210BC.01 phiên bản mặt số đỏ tía là một trong những biến thể giàu tính nghệ thuật và đậm chất lãng mạn nhất của bộ sưu tập. Sự kết hợp giữa bộ vỏ Vàng trắng 18k lạnh lùng và mặt số Sơn mài đỏ tía (Smoked Burgundy) tạo nên một sự tương phản đầy mê hoặc. Hiệu ứng chuyển màu (gradient) từ sắc đỏ rượu vang rực rỡ ở tâm sang màu đen thẳm ở phần rìa không chỉ mang lại chiều sâu thị giác mà còn gợi lên cảm giác về sự nồng nàn, sang trọng và độc bản, giúp người đeo nổi bật giữa đám đông một cách vô cùng tinh tế.","<p data-path-to-node=""5""><b data-path-to-node=""5"" data-index-in-node=""0""><a href=""https://theempire.vn/danh-muc/audemars-piguet/"">Audemars Piguet</a> Code 11.59 Selfwinding 15210BC.01</b> phiên bản mặt số đỏ tía là một trong những biến thể giàu tính nghệ thuật và đậm chất lãng mạn nhất của bộ sưu tập. Sự kết hợp giữa bộ vỏ <b data-path-to-node=""5"" data-index-in-node=""187"">Vàng trắng 18k</b> lạnh lùng và mặt số <b data-path-to-node=""5"" data-index-in-node=""222"">Sơn mài đỏ tía (Smoked Burgundy)</b> tạo nên một sự tương phản đầy mê hoặc. Hiệu ứng chuyển màu (gradient) từ sắc đỏ rượu vang rực rỡ ở tâm sang màu đen thẳm ở phần rìa không chỉ mang lại chiều sâu thị giác mà còn gợi lên cảm giác về sự nồng nàn, sang trọng và độc bản, giúp người đeo nổi bật giữa đám đông một cách vô cùng tinh tế.</p>
<p data-path-to-node=""6"">Trải nghiệm trên cổ tay là sự tận hưởng cảm giác êm ái của bộ dây da cá sấu đồng màu đỏ tía, tạo nên một tổng thể nhất quán và thời thượng. Dưới lớp kính sapphire vòm kép đặc trưng, các kim và cọc số bằng vàng trắng hiện lên sắc nét, tỏa sáng rực rỡ trên nền sơn mài bóng mượt. Trái tim của đồng hồ là bộ máy <b data-path-to-node=""6"" data-index-in-node=""309"">Calibre 4302</b> bền bỉ với 70 giờ dự trữ năng lượng, được hoàn thiện thủ công tỉ mỉ và có thể chiêm ngưỡng qua nắp lưng sapphire trong suốt. Với phối màu Burgundy quý hiếm, mẫu 15210BC này không chỉ là một cỗ máy thời gian mà còn là một tác phẩm thời trang đỉnh cao, dành cho những nhà sưu tầm cá tính, yêu thích sự phá cách trên nền tảng của sự xa xỉ chuẩn mực.</p>","538500000","1","1","AUDEMARS PIGUET, AUDEMARS PIGUET > Code 11:59","https://theempire.vn/wp-content/uploads/2026/01/Audemars-Piguet-Code-11.59-Selfwinding-15210BC.OO_.A068CR.01.png","Thương hiệu","AUDEMARS PIGUET","1","1","Bộ sưu tập","Code 11:59","1","1"
"audemars-piguet-code-11-59-selfwinding-15210bc-oo-a321cr-01","simple","Audemars Piguet Code 11.59 Selfwinding 15210BC.OO.A321CR.01","1","0","visible","Audemars Piguet Code 11.59 Selfwinding 15210BC là sự kết hợp tinh tế giữa nghệ thuật chế tác kim loại quý và phong cách lịch lãm của quý ông hiện đại. Khác với dòng Chronograph phức tạp, phiên bản 3 kim 1 lịch này tập trung vào sự tối giản và thuần khiết. Điểm nhấn quyến rũ nhất nằm ở mặt số Sơn mài xanh dương (Blue Lacquer) với hiệu ứng chuyển màu (Smoked), tối dần về phía rìa mặt số. Khi kết hợp cùng bộ vỏ Vàng trắng 18k và dây da cá sấu xanh dương đồng điệu, chiếc đồng hồ toát lên vẻ đẹp thanh bình nhưng đầy uy quyền, tựa như bầu trời đêm tĩnh lặng trên cổ tay.","<p data-path-to-node=""5""><b data-path-to-node=""5"" data-index-in-node=""0""><a href=""https://theempire.vn/danh-muc/audemars-piguet/"">Audemars Piguet</a> Code 11.59 Selfwinding 15210BC</b> là sự kết hợp tinh tế giữa nghệ thuật chế tác kim loại quý và phong cách lịch lãm của quý ông hiện đại. Khác với dòng Chronograph phức tạp, phiên bản 3 kim 1 lịch này tập trung vào sự tối giản và thuần khiết. Điểm nhấn quyến rũ nhất nằm ở mặt số <b data-path-to-node=""5"" data-index-in-node=""293"">Sơn mài xanh dương (Blue Lacquer)</b> với hiệu ứng chuyển màu (Smoked), tối dần về phía rìa mặt số. Khi kết hợp cùng bộ vỏ <b data-path-to-node=""5"" data-index-in-node=""412"">Vàng trắng 18k</b> và dây da cá sấu xanh dương đồng điệu, chiếc đồng hồ toát lên vẻ đẹp thanh bình nhưng đầy uy quyền, tựa như bầu trời đêm tĩnh lặng trên cổ tay.</p>
<p data-path-to-node=""6"">Trải nghiệm trên cổ tay là sự cảm nhận về độ hoàn thiện cực hạn của bộ máy <b data-path-to-node=""6"" data-index-in-node=""75"">Calibre 4302</b> – thế hệ máy tự động mới nhất của AP với khả năng dự trữ năng lượng lên tới 70 giờ. Dưới lớp kính sapphire vòm kép đặc trưng, mọi chi tiết từ bộ kim vàng trắng thanh mảnh đến logo AP được chế tác bằng kỹ thuật tăng trưởng điện ly (galvanic growth) hiện lên sắc nét, tạo ra những hiệu ứng quang học thú vị khi xoay cổ tay dưới ánh sáng. Đây là lựa chọn hoàn hảo cho những nhà sưu tầm tìm kiếm một chiếc “Daily Watch” đẳng cấp, đủ lịch sự để đi cùng sơ mi nhưng cũng đủ bứt phá để khẳng định cá tính riêng biệt trong dòng chảy thời gian.</p>","650000000","1","1","AUDEMARS PIGUET, AUDEMARS PIGUET > Code 11:59","https://theempire.vn/wp-content/uploads/2026/01/Audemars-Piguet-Code-11.59-Selfwinding-15210BC.OO_.A321CR.01.png","Thương hiệu","AUDEMARS PIGUET","1","1","Bộ sưu tập","Code 11:59","1","1"
"audemars-piguet-code-11-59-selfwinding-15210cr-oo-a002cr-01","simple","Audemars Piguet Code 11.59 Selfwinding 15210CR.OO.A002CR.01","1","0","visible","Audemars Piguet Code 11.59 Selfwinding 15210CR là một trong những phiên bản thú vị nhất của dòng Code, minh chứng cho sự sáng tạo không giới hạn trong việc kết hợp màu sắc vật liệu của AP. Điểm đặc biệt nhất nằm ở bộ vỏ ""Two-tone"" độc đáo: phần vành bezel, nắp lưng và các càng nối dây được chế tác từ Vàng trắng 18k, trong khi phần thân giữa (middle case) hình bát giác lại được đúc từ Vàng hồng 18k. Sự đan xen này không chỉ làm nổi bật cấu trúc vỏ đa tầng phức tạp của dòng Code 11.59 mà còn tạo nên một sự tương phản màu sắc cực kỳ tinh tế, hiện đại và hiếm gặp.","<p data-path-to-node=""5""><b data-path-to-node=""5"" data-index-in-node=""0""><a href=""https://theempire.vn/danh-muc/audemars-piguet/"">Audemars Piguet</a> Code 11.59 Selfwinding 15210CR</b> là một trong những phiên bản thú vị nhất của dòng Code, minh chứng cho sự sáng tạo không giới hạn trong việc kết hợp màu sắc vật liệu của AP. Điểm đặc biệt nhất nằm ở bộ vỏ “Two-tone” độc đáo: phần vành bezel, nắp lưng và các càng nối dây được chế tác từ <b data-path-to-node=""5"" data-index-in-node=""302"">Vàng trắng 18k</b>, trong khi phần thân giữa (middle case) hình bát giác lại được đúc từ <b data-path-to-node=""5"" data-index-in-node=""387"">Vàng hồng 18k</b>. Sự đan xen này không chỉ làm nổi bật cấu trúc vỏ đa tầng phức tạp của dòng Code 11.59 mà còn tạo nên một sự tương phản màu sắc cực kỳ tinh tế, hiện đại và hiếm gặp.</p>
<p data-path-to-node=""6"">Trải nghiệm trên cổ tay là sự tận hưởng một thiết kế mặt số <b data-path-to-node=""6"" data-index-in-node=""60"">Sơn mài đen (Black Lacquer)</b> sâu thẳm. Trên nền đen bóng như gương, các chi tiết như bộ kim, cọc số và logo Audemars Piguet nổi bật rực rỡ trong sắc vàng hồng, tạo nên sự đồng điệu hoàn hảo với phần thân giữa của vỏ. Dưới lớp kính sapphire <b data-path-to-node=""6"" data-index-in-node=""299"">vòm kép (Double Curved)</b>, người đeo có thể quan sát mặt số ở những góc độ nghiêng mà không bị biến dạng hình ảnh, đồng thời cảm nhận được chiều sâu nghệ thuật của cấu trúc “vàng trong trắng”. Trái tim của đồng hồ vẫn là bộ máy <b data-path-to-node=""6"" data-index-in-node=""525"">Calibre 4302</b> bền bỉ với 70 giờ dự trữ năng lượng, mang lại hiệu suất vận hành chính xác vượt trội. Đi kèm dây da cá sấu đen, 15210CR là lựa chọn dành cho những nhà sưu tầm yêu thích sự khác biệt, muốn tìm kiếm một chiếc đồng hồ phối hợp linh hoạt giữa vẻ lạnh lùng của vàng trắng và sự ấm áp của vàng hồng.</p>","500000000","1","1","AUDEMARS PIGUET, AUDEMARS PIGUET > Code 11:59","https://theempire.vn/wp-content/uploads/2026/01/Audemars-Piguet-Code-11.59-Selfwinding-15210CR.OO_.A002CR.01.png","Thương hiệu","AUDEMARS PIGUET","1","1","Bộ sưu tập","Code 11:59","1","1"
"audemars-piguet-code-11-59-selfwinding-15210cr-oo-a002kb-01","simple","Audemars Piguet Code 11.59 Selfwinding 15210CR.OO.A002KB.01","1","0","visible","Audemars Piguet Code 11.59 Selfwinding 15210CR.01 phiên bản mặt đen là sự tôn vinh tuyệt vời cho cấu trúc vỏ phức tạp bậc nhất của AP thông qua sự phối hợp vật liệu Two-tone đầy tính nghệ thuật. Việc sử dụng Vàng trắng 18k cho vành bezel và càng nối dây, kết hợp cùng phần thân giữa hình bát giác bằng Vàng hồng 18k tạo nên một hiệu ứng tương phản đa chiều sắc sảo. Trên nền tảng đó, mặt số Sơn mài đen (Black Lacquer) bóng bẩy như gương không chỉ làm tăng thêm vẻ bí ẩn, nam tính mà còn giúp các chi tiết kim và cọc số bằng vàng hồng trở nên rực rỡ và dễ quan sát hơn bao giờ hết.","<p data-path-to-node=""5""><b data-path-to-node=""5"" data-index-in-node=""0""><a href=""https://theempire.vn/danh-muc/audemars-piguet/"">Audemars Piguet</a> Code 11.59 Selfwinding 15210CR.01</b> phiên bản mặt đen là sự tôn vinh tuyệt vời cho cấu trúc vỏ phức tạp bậc nhất của AP thông qua sự phối hợp vật liệu <b data-path-to-node=""5"" data-index-in-node=""165"">Two-tone</b> đầy tính nghệ thuật. Việc sử dụng Vàng trắng 18k cho vành bezel và càng nối dây, kết hợp cùng phần thân giữa hình bát giác bằng Vàng hồng 18k tạo nên một hiệu ứng tương phản đa chiều sắc sảo. Trên nền tảng đó, mặt số <b data-path-to-node=""5"" data-index-in-node=""391"">Sơn mài đen (Black Lacquer)</b> bóng bẩy như gương không chỉ làm tăng thêm vẻ bí ẩn, nam tính mà còn giúp các chi tiết kim và cọc số bằng vàng hồng trở nên rực rỡ và dễ quan sát hơn bao giờ hết.</p>
<p data-path-to-node=""6"">Trải nghiệm trên cổ tay là sự giao thoa giữa vẻ đẹp vương giả của kim loại quý và tinh thần thể thao đương đại. Dưới lớp kính sapphire vòm kép đặc trưng, mặt số đen sâu thẳm tạo nên một hiệu ứng chiều sâu vô tận, phô diễn trọn vẹn sự tinh xảo của cấu trúc vỏ khi nhìn từ góc nghiêng. Bên trong là bộ máy <b data-path-to-node=""6"" data-index-in-node=""304"">Calibre 4302</b> mạnh mẽ với mức dự trữ năng lượng 70 giờ, được trang bị quả văng bằng vàng 22k chạm khắc tinh vi. Đi kèm dây đeo vải bọc cao su màu đen hiện đại, 15210CR.01 là lựa chọn lý tưởng cho những quý ông muốn sở hữu một chiếc đồng hồ hội tụ cả ba yếu tố: kỹ nghệ chế tác thủ công, sự sang trọng của vàng khối và phong cách năng động của thời đại mới.</p>","460000000","1","1","AUDEMARS PIGUET, AUDEMARS PIGUET > Code 11:59","https://theempire.vn/wp-content/uploads/2026/01/Audemars-Piguet-Code-11.59-Selfwinding-15210CR.OO_.A002KB.01.png","Thương hiệu","AUDEMARS PIGUET","1","1","Bộ sưu tập","Code 11:59","1","1"
"audemars-piguet-code-11-59-selfwinding-15210cr-oo-a008kb-01","simple","Audemars Piguet Code 11.59 Selfwinding 15210CR.OO.A008KB.01","1","0","visible","Audemars Piguet Code 11.59 Selfwinding 15210CR là một trong những phiên bản tinh tế nhất, tôn vinh cấu trúc vỏ đa tầng đặc trưng của dòng Code qua sự kết hợp vật liệu Two-tone đầy thông minh. Trong khi vành bezel và các càng nối dây mang sắc bạc thanh khiết của Vàng trắng 18k, thì phần thân giữa hình bát giác lại rực rỡ sắc Vàng hồng 18k. Điểm nhấn làm nên linh hồn của chiếc đồng hồ chính là mặt số Sơn mài xám (Grey Lacquer) với hiệu ứng chuyển màu (Smoked) – một tông màu trung tính, hiện đại và vô cùng sang trọng, tạo nên sự chuyển tiếp mượt mà giữa hai loại kim loại quý.","<p data-path-to-node=""5""><b data-path-to-node=""5"" data-index-in-node=""0""><a href=""https://theempire.vn/danh-muc/audemars-piguet/"">Audemars Piguet</a> Code 11.59 Selfwinding 15210CR</b> là một trong những phiên bản tinh tế nhất, tôn vinh cấu trúc vỏ đa tầng đặc trưng của dòng Code qua sự kết hợp vật liệu <b data-path-to-node=""5"" data-index-in-node=""167"">Two-tone</b> đầy thông minh. Trong khi vành bezel và các càng nối dây mang sắc bạc thanh khiết của Vàng trắng 18k, thì phần thân giữa hình bát giác lại rực rỡ sắc Vàng hồng 18k. Điểm nhấn làm nên linh hồn của chiếc đồng hồ chính là mặt số <b data-path-to-node=""5"" data-index-in-node=""402"">Sơn mài xám (Grey Lacquer)</b> với hiệu ứng chuyển màu (Smoked) – một tông màu trung tính, hiện đại và vô cùng sang trọng, tạo nên sự chuyển tiếp mượt mà giữa hai loại kim loại quý.</p>
<p data-path-to-node=""6"">Trải nghiệm trên cổ tay là sự cảm nhận về chiều sâu thị giác tuyệt vời. Dưới lớp kính sapphire vòm kép, mặt số xám khói làm nền cho bộ kim và cọc số bằng vàng hồng tỏa sáng, mang lại khả năng đọc giờ tối ưu và vẻ đẹp tinh tế khó cưỡng. Bên trong là bộ máy <b data-path-to-node=""6"" data-index-in-node=""256"">Calibre 4302</b> bền bỉ với 70 giờ dự trữ năng lượng, quả văng bằng vàng 22k được chế tác tinh xảo có thể quan sát trọn vẹn qua nắp lưng sapphire. Việc phối cùng dây đeo vải bọc cao su màu xám đồng điệu không chỉ mang lại sự thoải mái khi vận động mà còn khẳng định gu thẩm mỹ khác biệt của chủ nhân – những người yêu thích sự sang trọng “ẩn mình” và không ngừng tìm kiếm những giá trị sáng tạo mới.</p>","425000000","1","1","AUDEMARS PIGUET, AUDEMARS PIGUET > Code 11:59","https://theempire.vn/wp-content/uploads/2026/01/Audemars-Piguet-Code-11.59-Selfwinding-15210CR.OO_.A008KB.01.png","Thương hiệu","AUDEMARS PIGUET","1","1","Bộ sưu tập","Code 11:59","1","1"
"audemars-piguet-code-11-59-selfwinding-15210cr-oo-a009cr-01-2","simple","Audemars Piguet Code 11.59 Selfwinding 15210CR.OO.A009CR.01","1","0","visible","Audemars Piguet Code 11.59 Selfwinding 15210CR phiên bản mặt số xám khói (Smoked Grey) là một tuyệt tác về sự phối hợp màu sắc và chất liệu. Tiếp nối phong cách vỏ ""Two-tone"" đầy sáng tạo, mẫu đồng hồ này sử dụng Vàng trắng 18k cho phần bezel và càng nối dây, trong khi phần thân giữa hình bát giác bằng Vàng hồng 18k ẩn hiện một cách tinh tế. Điểm làm nên sức hút mãnh liệt của phiên bản này chính là mặt số Sơn mài (Lacquer) với hiệu ứng chuyển màu từ xám bạc ở tâm sang xám than ở rìa. Sự kết hợp giữa tông xám trung tính, lạnh lùng và ánh vàng hồng ấm áp tạo nên một diện mạo vô cùng thời thượng, lịch lãm và đầy chiều sâu.","<p data-path-to-node=""5""><b data-path-to-node=""5"" data-index-in-node=""0""><a href=""https://theempire.vn/danh-muc/audemars-piguet/"">Audemars Piguet</a> Code 11.59 Selfwinding 15210CR</b> phiên bản mặt số xám khói (Smoked Grey) là một tuyệt tác về sự phối hợp màu sắc và chất liệu. Tiếp nối phong cách vỏ “Two-tone” đầy sáng tạo, mẫu đồng hồ này sử dụng <b data-path-to-node=""5"" data-index-in-node=""213"">Vàng trắng 18k</b> cho phần bezel và càng nối dây, trong khi phần thân giữa hình bát giác bằng <b data-path-to-node=""5"" data-index-in-node=""304"">Vàng hồng 18k</b> ẩn hiện một cách tinh tế. Điểm làm nên sức hút mãnh liệt của phiên bản này chính là mặt số <b data-path-to-node=""5"" data-index-in-node=""409"">Sơn mài (Lacquer)</b> với hiệu ứng chuyển màu từ xám bạc ở tâm sang xám than ở rìa. Sự kết hợp giữa tông xám trung tính, lạnh lùng và ánh vàng hồng ấm áp tạo nên một diện mạo vô cùng thời thượng, lịch lãm và đầy chiều sâu.</p>
<p data-path-to-node=""6"">Trải nghiệm trên cổ tay là sự cảm nhận về một phong cách “Contemporary Classic” (Cổ điển đương đại) đích thực. Dưới lớp kính sapphire <b data-path-to-node=""6"" data-index-in-node=""134"">vòm kép (Double Curved)</b>, mặt số sơn mài xám hiện lên với độ bóng mượt tuyệt đối, làm nổi bật bộ kim và cọc số bằng vàng hồng được đánh bóng gương tỉ mỉ. Việc sử dụng dây da cá sấu màu xám đồng điệu với mặt số không chỉ giúp tổng thể chiếc đồng hồ trở nên thanh thoát hơn mà còn tạo nên một sự kết nối hoàn hảo về mặt thẩm mỹ. Bên trong là bộ máy <b data-path-to-node=""6"" data-index-in-node=""480"">Calibre 4302</b> mạnh mẽ, đảm bảo độ chính xác cao và mức dự trữ năng lượng ấn tượng lên đến 70 giờ. Với cấu trúc vỏ đa tầng và sự phối màu độc đáo, 15210CR phiên bản mặt xám là món phụ kiện lý tưởng cho những quý ông muốn tìm kiếm một chiếc đồng hồ vừa có nét cổ điển của vàng khối, vừa có sự bứt phá của thiết kế hiện đại.</p>","649000000","1","1","AUDEMARS PIGUET, AUDEMARS PIGUET > Code 11:59","https://theempire.vn/wp-content/uploads/2026/01/Audemars-Piguet-Code-11.59-Selfwinding-15210CR.OO_.A009CR.01.png","Thương hiệu","AUDEMARS PIGUET","1","1","Bộ sưu tập","Code 11:59","1","1"
"audemars-piguet-code-11-59-selfwinding-15210or-oo-a002cr-01","simple","Audemars Piguet Code 11.59 Selfwinding 15210OR.OO.A002CR.01","1","0","visible","Audemars Piguet Code 11.59 Selfwinding 15210OR phiên bản mặt số đen sơn mài là định nghĩa của sự quyền lực, huyền bí và sang trọng tuyệt đối. Đây là phối màu cơ bản nhưng lại có sức hút mạnh mẽ nhất, nơi sự tương phản giữa ánh sáng rực rỡ của Vàng hồng 18k và sự sâu thẳm của mặt số đen tạo nên một diện mạo vô cùng nam tính. Mặt số Sơn mài (Lacquer) được hoàn thiện bóng bẩy như một tấm gương đen, không chỉ tôn vinh các chi tiết vàng hồng như bộ kim và cọc số mà còn khẳng định phong cách ""vương giả"" của người sở hữu.","<p data-path-to-node=""5""><b data-path-to-node=""5"" data-index-in-node=""0""><a href=""https://theempire.vn/danh-muc/audemars-piguet/"">Audemars Piguet</a> Code 11.59 Selfwinding 15210OR</b> phiên bản mặt số đen sơn mài là định nghĩa của sự quyền lực, huyền bí và sang trọng tuyệt đối. Đây là phối màu cơ bản nhưng lại có sức hút mạnh mẽ nhất, nơi sự tương phản giữa ánh sáng rực rỡ của <b data-path-to-node=""5"" data-index-in-node=""243"">Vàng hồng 18k</b> và sự sâu thẳm của mặt số đen tạo nên một diện mạo vô cùng nam tính. Mặt số <b data-path-to-node=""5"" data-index-in-node=""333"">Sơn mài (Lacquer)</b> được hoàn thiện bóng bẩy như một tấm gương đen, không chỉ tôn vinh các chi tiết vàng hồng như bộ kim và cọc số mà còn khẳng định phong cách “vương giả” của người sở hữu.</p>
<p data-path-to-node=""6"">Trải nghiệm trên cổ tay là sự cảm nhận về một thiết kế vượt thời gian, phù hợp với mọi sự kiện trang trọng nhất. Dưới lớp kính sapphire <b data-path-to-node=""6"" data-index-in-node=""136"">vòm kép (Double Curved)</b>, mặt số sơn mài đen hiện lên với độ trong suốt hoàn hảo, làm mờ đi ranh giới giữa mặt kính và mặt số, tạo nên một hiệu ứng thị giác 3D độc đáo. Trái tim của đồng hồ là bộ máy tự động <b data-path-to-node=""6"" data-index-in-node=""343"">Calibre 4302</b> thế hệ mới – một cỗ máy mạnh mẽ với quả văng bằng vàng 22k được chạm khắc tỉ mỉ, có thể quan sát trọn vẹn qua nắp lưng sapphire. Với khả năng dự trữ năng lượng lên đến 70 giờ và tần số dao động 4Hz, chiếc đồng hồ đảm bảo sự chính xác và bền bỉ tuyệt vời. Đi kèm dây da cá sấu đen truyền thống, 15210OR là lựa chọn không thể thay thế cho những quý ông tìm kiếm một chiếc đồng hồ Dress Watch chuẩn mực nhưng vẫn mang đậm dấu ấn đột phá của Audemars Piguet.</p>","460000000","1","1","AUDEMARS PIGUET, AUDEMARS PIGUET > Code 11:59","https://theempire.vn/wp-content/uploads/2026/01/Audemars-Piguet-Code-11.59-Selfwinding-15210OR.OO_.A002CR.01.png","Thương hiệu","AUDEMARS PIGUET","1","1","Bộ sưu tập","Code 11:59","1","1"
"audemars-piguet-code-11-59-selfwinding-15210or-oo-a002kb-01","simple","Audemars Piguet Code 11.59 Selfwinding 15210OR.OO.A002KB.01","1","0","visible","Audemars Piguet Code 11.59 Selfwinding 15210OR.01 là một trong những bản phối màu kinh điển và được yêu thích nhất trong bộ sưu tập, kết hợp giữa sắc ấm nồng của Vàng hồng 18k và sự lịch lãm của Sơn mài xanh dương (Blue Lacquer). Mặt số xanh dương với hiệu ứng chuyển màu (Smoked) được chế tác tỉ mỉ, tạo nên một bề mặt bóng bẩy và sâu thẳm như đại dương dưới ánh hoàng hôn. Dưới lớp kính sapphire vòm kép, các chi tiết bằng vàng hồng như bộ kim và cọc số nổi bật hoàn hảo, mang lại vẻ đẹp vừa sang trọng vừa trẻ trung, phù hợp với những nhà sưu tầm tìm kiếm sự cân bằng giữa di sản và phong cách hiện đại.","<p data-path-to-node=""5""><b data-path-to-node=""5"" data-index-in-node=""0""><a href=""https://theempire.vn/danh-muc/audemars-piguet/"">Audemars Piguet</a> Code 11.59 Selfwinding 15210OR.01</b> là một trong những bản phối màu kinh điển và được yêu thích nhất trong bộ sưu tập, kết hợp giữa sắc ấm nồng của <b data-path-to-node=""5"" data-index-in-node=""162"">Vàng hồng 18k</b> và sự lịch lãm của <b data-path-to-node=""5"" data-index-in-node=""195"">Sơn mài xanh dương (Blue Lacquer)</b>. Mặt số xanh dương với hiệu ứng chuyển màu (Smoked) được chế tác tỉ mỉ, tạo nên một bề mặt bóng bẩy và sâu thẳm như đại dương dưới ánh hoàng hôn. Dưới lớp kính sapphire vòm kép, các chi tiết bằng vàng hồng như bộ kim và cọc số nổi bật hoàn hảo, mang lại vẻ đẹp vừa sang trọng vừa trẻ trung, phù hợp với những nhà sưu tầm tìm kiếm sự cân bằng giữa di sản và phong cách hiện đại.</p>
<p data-path-to-node=""6"">Trải nghiệm trên cổ tay là sự cảm nhận về một cỗ máy thời gian bền bỉ và chính xác với bộ máy <b data-path-to-node=""6"" data-index-in-node=""94"">Calibre 4302</b> thế hệ mới, sở hữu quả văng bằng vàng 22k và mức dự trữ năng lượng lên đến 70 giờ. Việc kết hợp với dây đeo vải bọc cao su màu xanh dương đồng điệu không chỉ mang lại cảm giác đeo thoải mái, ôm sát cổ tay mà còn giúp chiếc đồng hồ thoát khỏi vẻ cứng nhắc của dòng Dress Watch truyền thống. 15210OR.01 là minh chứng cho thấy sự tinh tế trong việc lựa chọn màu sắc có thể nâng tầm một thiết kế vỏ đa tầng phức tạp, biến nó trở thành một món phụ kiện phong cách (statement piece) đầy tự tin cho quý ông thượng lưu.</p>","460000000","1","1","AUDEMARS PIGUET, AUDEMARS PIGUET > Code 11:59","https://theempire.vn/wp-content/uploads/2026/01/Audemars-Piguet-Code-11.59-Selfwinding-15210OR.OO_.A002KB.01.png","Thương hiệu","AUDEMARS PIGUET","1","1","Bộ sưu tập","Code 11:59","1","1"
"audemars-piguet-code-11-59-selfwinding-15210or-oo-a002kb-02-2","simple","Audemars Piguet Code 11.59 Selfwinding 15210OR.OO.A002KB.02","1","0","visible","Audemars Piguet Code 11.59 Selfwinding 15210OR.02 là sự giao thoa hoàn hảo giữa nét vương giả cổ điển và tinh thần thể thao hiện đại. Sự kết hợp giữa bộ vỏ Vàng hồng 18k rực rỡ và mặt số Sơn mài đen (Black Lacquer) bóng bẩy tạo nên một diện mạo đầy quyền lực và cuốn hút. Khác với phiên bản dây da truyền thống, việc sử dụng dây đeo vải bọc cao su màu đen giúp chiếc đồng hồ rũ bỏ vẻ ngoài trịnh trọng thường thấy, thay vào đó là một phong cách năng động, thời thượng, sẵn sàng đồng hành cùng chủ nhân trong mọi nhịp sống từ văn phòng đến những buổi gặp gỡ sang trọng.","<p data-path-to-node=""5""><b data-path-to-node=""5"" data-index-in-node=""0""><a href=""https://theempire.vn/danh-muc/audemars-piguet/"">Audemars Piguet</a> Code 11.59 Selfwinding 15210OR.02</b> là sự giao thoa hoàn hảo giữa nét vương giả cổ điển và tinh thần thể thao hiện đại. Sự kết hợp giữa bộ vỏ <b data-path-to-node=""5"" data-index-in-node=""156"">Vàng hồng 18k</b> rực rỡ và mặt số <b data-path-to-node=""5"" data-index-in-node=""187"">Sơn mài đen (Black Lacquer)</b> bóng bẩy tạo nên một diện mạo đầy quyền lực và cuốn hút. Khác với phiên bản dây da truyền thống, việc sử dụng dây đeo vải bọc cao su màu đen giúp chiếc đồng hồ rũ bỏ vẻ ngoài trịnh trọng thường thấy, thay vào đó là một phong cách năng động, thời thượng, sẵn sàng đồng hành cùng chủ nhân trong mọi nhịp sống từ văn phòng đến những buổi gặp gỡ sang trọng.</p>
<p data-path-to-node=""6"">Trải nghiệm trên cổ tay là sự tận hưởng chiều sâu tuyệt đối của mặt số sơn mài dưới lớp kính sapphire vòm kép đặc trưng. Các cọc số, bộ kim và logo AP bằng vàng hồng hiện lên sắc nét, bắt sáng lung linh theo từng chuyển động của cổ tay. Bên trong là bộ máy <b data-path-to-node=""6"" data-index-in-node=""257"">Calibre 4302</b> mạnh mẽ với quả văng bằng vàng 22k được khoét rỗng tinh xảo, cung cấp mức dự trữ năng lượng ấn tượng lên đến 70 giờ. Với sự kết hợp vật liệu thông minh và phối màu đen – vàng hồng kinh điển, 15210OR.02 chính là tuyên ngôn về sự thành đạt của người đàn ông hiện đại – những người trân trọng giá trị vàng khối nhưng không ngừng tìm kiếm sự đổi mới và trẻ trung.</p>","455000000","1","1","AUDEMARS PIGUET, AUDEMARS PIGUET > Code 11:59","https://theempire.vn/wp-content/uploads/2026/01/Audemars-Piguet-Code-11.59-Selfwinding-15210OR.OO_.A002KB.02-1.png","Thương hiệu","AUDEMARS PIGUET","1","1","Bộ sưu tập","Code 11:59","1","1"
"audemars-piguet-code-11-59-selfwinding-15210or-oo-a002kb-02","simple","Audemars Piguet Code 11.59 Selfwinding 15210OR.OO.A002KB.02","1","0","visible","Audemars Piguet Code 11.59 Selfwinding 15210OR là biểu tượng cho sự chuyển mình đầy táo bạo của AP, mang đến một định nghĩa hoàn toàn mới về đồng hồ Dress Watch hiện đại. Điểm quyến rũ nhất của phiên bản này chính là mặt số được chế tác theo kỹ thuật dập nổi (Embossed) mới, thay thế cho mặt sơn mài trơn trước đây. Với các họa tiết gợn sóng lan tỏa từ tâm, mặt số màu đen sâu thẳm tạo nên một hiệu ứng thị giác cực kỳ lôi cuốn, vừa giữ được nét sang trọng truyền thống, vừa toát lên sự năng động, trẻ trung. Sự tương phản giữa sắc đen huyền bí của mặt số và ánh vàng hồng ấm áp của bộ vỏ tạo nên một tổng thể vô cùng quyền lực và tinh tế.","<p data-path-to-node=""5""><b data-path-to-node=""5"" data-index-in-node=""0""><a href=""https://theempire.vn/danh-muc/audemars-piguet/"">Audemars Piguet</a> Code 11.59 Selfwinding 15210OR</b> là biểu tượng cho sự chuyển mình đầy táo bạo của AP, mang đến một định nghĩa hoàn toàn mới về đồng hồ Dress Watch hiện đại. Điểm quyến rũ nhất của phiên bản này chính là mặt số được chế tác theo kỹ thuật <b data-path-to-node=""5"" data-index-in-node=""251"">dập nổi (Embossed)</b> mới, thay thế cho mặt sơn mài trơn trước đây. Với các họa tiết gợn sóng lan tỏa từ tâm, mặt số màu đen sâu thẳm tạo nên một hiệu ứng thị giác cực kỳ lôi cuốn, vừa giữ được nét sang trọng truyền thống, vừa toát lên sự năng động, trẻ trung. Sự tương phản giữa sắc đen huyền bí của mặt số và ánh vàng hồng ấm áp của bộ vỏ tạo nên một tổng thể vô cùng quyền lực và tinh tế.</p>
<p data-path-to-node=""6"">Trải nghiệm trên cổ tay là sự khám phá về một cấu trúc vỏ phức tạp đến kinh ngạc. Code 11.59 không chỉ đơn thuần là đồng hồ mặt tròn; nếu nhìn từ bên cạnh, bạn sẽ thấy một bộ vỏ “ba lớp” với phần thân giữa (middle case) mang hình bát giác đặc trưng của dòng Royal Oak – một sự tri ân đầy tinh tế dành cho di sản của hãng. Mặt kính sapphire được thiết kế <b data-path-to-node=""6"" data-index-in-node=""354"">vòm kép (Double Curved)</b> độc đáo, không chỉ bảo vệ đồng hồ mà còn tạo ra những hiệu ứng quang học thú vị khi quan sát ở các góc độ khác nhau. Trái tim của cỗ máy là bộ máy tự động <b data-path-to-node=""6"" data-index-in-node=""533"">Calibre 4302</b> mạnh mẽ với mức dự trữ năng lượng 70 giờ, được hoàn thiện thủ công tỉ mỉ với quả văng bằng vàng hồng 22k khoét rỗng. Với dây đeo vải lót da phong cách thể thao, 15210OR là lựa chọn hoàn hảo cho những quý ông hiện đại muốn tìm kiếm một chiếc đồng hồ lịch lãm cho mọi sự kiện nhưng vẫn mang trong mình DNA bứt phá của Audemars Piguet.</p>","455000000","1","1","AUDEMARS PIGUET, AUDEMARS PIGUET > Code 11:59","https://theempire.vn/wp-content/uploads/2026/01/Audemars-Piguet-Code-11.59-Selfwinding-15210OR.OO_.A002KB.02.png","Thương hiệu","AUDEMARS PIGUET","1","1","Bộ sưu tập","Code 11:59","1","1"
"audemars-piguet-code-11-59-selfwinding-15210or-oo-a028cr-01","simple","Audemars Piguet Code 11.59 Selfwinding 15210OR.OO.A028CR.01","1","0","visible","Audemars Piguet Code 11.59 Selfwinding 15210OR phiên bản mặt số xanh dương (Smoked Blue) là sự kết hợp kinh điển giữa sắc ấm nồng của vàng hồng và sự sâu thẳm của đại dương. Đây là một trong những phối màu được yêu thích nhất trong dòng Code 11.59 bởi vẻ đẹp vừa quyền lực, vừa mang hơi thở hiện đại. Mặt số Sơn mài (Lacquer) với hiệu ứng chuyển màu (Smoked) – từ xanh dương rực rỡ ở tâm và tối dần thành đen ở rìa – tạo nên một hiệu ứng thị giác cực kỳ lôi cuốn, khiến mặt số như có sự chuyển động liên tục dưới các góc độ ánh sáng khác nhau.","<p data-path-to-node=""5""><b data-path-to-node=""5"" data-index-in-node=""0""><a href=""https://theempire.vn/danh-muc/audemars-piguet/"">Audemars Piguet</a> Code 11.59 Selfwinding 15210OR</b> phiên bản mặt số xanh dương (Smoked Blue) là sự kết hợp kinh điển giữa sắc ấm nồng của vàng hồng và sự sâu thẳm của đại dương. Đây là một trong những phối màu được yêu thích nhất trong dòng Code 11.59 bởi vẻ đẹp vừa quyền lực, vừa mang hơi thở hiện đại. Mặt số <b data-path-to-node=""5"" data-index-in-node=""308"">Sơn mài (Lacquer)</b> với hiệu ứng chuyển màu (Smoked) – từ xanh dương rực rỡ ở tâm và tối dần thành đen ở rìa – tạo nên một hiệu ứng thị giác cực kỳ lôi cuốn, khiến mặt số như có sự chuyển động liên tục dưới các góc độ ánh sáng khác nhau.</p>
<p data-path-to-node=""6"">Trải nghiệm trên cổ tay là sự cảm nhận về chiều sâu không gian nhờ vào mặt kính sapphire <b data-path-to-node=""6"" data-index-in-node=""89"">vòm kép (Double Curved)</b> đặc trưng. Lớp kính này không chỉ bảo vệ mặt số mà còn đóng vai trò như một thấu kính nghệ thuật, làm nổi bật logo Audemars Piguet bằng vàng hồng được chế tác tinh xảo và bộ kim thanh mảnh. Trái tim của đồng hồ là bộ máy <b data-path-to-node=""6"" data-index-in-node=""334"">Calibre 4302</b> – thế hệ máy tự động mới nhất của AP với kích thước lớn 32mm, giúp các chi tiết máy hiện ra hoành tráng và lộng lẫy qua nắp lưng sapphire. Với khả năng dự trữ năng lượng 70 giờ và độ hoàn thiện tinh xảo trên từng cầu máy, đây là người bạn đồng hành lý tưởng cho những quý ông lịch lãm. Đi kèm dây da cá sấu xanh dương đồng điệu, 15210OR mặt xanh không chỉ là một chiếc đồng hồ Dress Watch, mà còn là một tuyên ngôn về phong cách sống thượng lưu, tinh tế.</p>","570000000","1","1","AUDEMARS PIGUET, AUDEMARS PIGUET > Code 11:59","https://theempire.vn/wp-content/uploads/2026/01/Audemars-Piguet-Code-11.59-Selfwinding-15210OR.OO_.A028CR.01.png","Thương hiệu","AUDEMARS PIGUET","1","1","Bộ sưu tập","Code 11:59","1","1"
"audemars-piguet-code-11-59-selfwinding-15210or-zz-d208cr-01","simple","Audemars Piguet Code 11.59 Selfwinding 15210OR.ZZ.D208CR.01","1","0","visible","Audemars Piguet Code 11.59 Selfwinding 15210OR phiên bản nạm kim cương là sự kết hợp đỉnh cao giữa kỹ nghệ chế tác vỏ đa tầng và nghệ thuật kim hoàn xa xỉ. Đây là mẫu đồng hồ đưa dòng Code 11.59 thoát khỏi vẻ ngoài tối giản để trở thành một món trang sức quyền lực trên cổ tay. Toàn bộ phần vành bezel siêu mỏng và các càng nối dây (lugs) được nạm kín những viên kim cương tinh khiết, tạo nên một vòng hào quang rực rỡ bao quanh mặt số màu Xanh dương (Blue) sâu thẳm. Sự tương phản giữa ánh sáng lấp lánh của đá quý, sắc ấm của Vàng hồng 18k và mặt số xanh chải tia (sunburst) tạo nên một tổng thể vô cùng vương giả và lôi cuốn.","<p data-path-to-node=""5""><b data-path-to-node=""5"" data-index-in-node=""0""><a href=""https://theempire.vn/danh-muc/audemars-piguet/"">Audemars Piguet</a> Code 11.59 Selfwinding 15210OR</b> phiên bản nạm kim cương là sự kết hợp đỉnh cao giữa kỹ nghệ chế tác vỏ đa tầng và nghệ thuật kim hoàn xa xỉ. Đây là mẫu đồng hồ đưa dòng Code 11.59 thoát khỏi vẻ ngoài tối giản để trở thành một món trang sức quyền lực trên cổ tay. Toàn bộ phần vành bezel siêu mỏng và các càng nối dây (lugs) được nạm kín những viên kim cương tinh khiết, tạo nên một vòng hào quang rực rỡ bao quanh mặt số màu <b data-path-to-node=""5"" data-index-in-node=""440"">Xanh dương (Blue)</b> sâu thẳm. Sự tương phản giữa ánh sáng lấp lánh của đá quý, sắc ấm của <b data-path-to-node=""5"" data-index-in-node=""528"">Vàng hồng 18k</b> và mặt số xanh chải tia (sunburst) tạo nên một tổng thể vô cùng vương giả và lôi cuốn.</p>
<p data-path-to-node=""6"">Trải nghiệm trên cổ tay là sự tận hưởng một cấu trúc kiến trúc tinh vi dưới lớp vỏ hào nhoáng. Điểm đặc trưng của dòng Code 11.59 vẫn được giữ trọn vẹn với phần thân vỏ giữa hình bát giác giấu kín đầy tinh tế, nay càng trở nên nổi bật khi được bao bọc bởi những hàng kim cương nạm thủ công. Mặt kính sapphire <b data-path-to-node=""6"" data-index-in-node=""309"">vòm kép (Double Curved)</b> đặc thù của dòng này không chỉ bảo vệ mặt số mà còn đóng vai trò như một thấu kính, làm tăng độ rực rỡ của các viên kim cương và chiều sâu của màu xanh sunburst. Trái tim của đồng hồ là bộ máy <b data-path-to-node=""6"" data-index-in-node=""526"">Calibre 4302</b> bền bỉ với 70 giờ dự trữ năng lượng, được hoàn thiện vát cạnh sắc sảo có thể quan sát qua nắp lưng trong suốt. Đi kèm dây da cá sấu xanh dương đồng điệu, đây là mẫu đồng hồ dành cho những chủ nhân muốn khẳng định vị thế thượng lưu và sự tự tin tuyệt đối trong những buổi tiệc tối hay sự kiện quan trọng.</p>","2205000000","1","1","AUDEMARS PIGUET, AUDEMARS PIGUET > Code 11:59","https://theempire.vn/wp-content/uploads/2026/01/Audemars-Piguet-Code-11.59-Selfwinding-15210OR.ZZ_.D208CR.01.png","Thương hiệu","AUDEMARS PIGUET","1","1","Bộ sưu tập","Code 11:59","1","1"
"audemars-piguet-code-11-59-selfwinding-15210qt-oo-a064kb-01-2","simple","Audemars Piguet Code 11.59 Selfwinding 15210QT.OO.A064KB.01","1","0","visible","Audemars Piguet Code 11.59 Selfwinding 15210QT là một trong những phiên bản hiện đại và mang tính đột phá nhất về mặt chất liệu trong bộ sưu tập. Sự kết hợp giữa bộ khung bằng Thép không gỉ và phần thân giữa (middle case) hình bát giác bằng Ceramic đen không chỉ gia tăng độ bền, khả năng chống trầy xước mà còn tạo nên một cấu trúc đa tầng đầy nam tính. Điểm nhấn nổi bật nhất chính là mặt số được trang trí bằng họa tiết dập nổi (Embossed) mới với tông màu Beige (màu be) chuyển sắc Smoked, tạo nên một vẻ đẹp trang nhã, ấm áp nhưng vẫn cực kỳ thời thượng và khác biệt.","<p data-path-to-node=""5""><b data-path-to-node=""5"" data-index-in-node=""0""><a href=""https://theempire.vn/danh-muc/audemars-piguet/"">Audemars Piguet</a> Code 11.59 Selfwinding 15210QT</b> là một trong những phiên bản hiện đại và mang tính đột phá nhất về mặt chất liệu trong bộ sưu tập. Sự kết hợp giữa bộ khung bằng <b data-path-to-node=""5"" data-index-in-node=""176"">Thép không gỉ</b> và phần thân giữa (middle case) hình bát giác bằng <b data-path-to-node=""5"" data-index-in-node=""241"">Ceramic đen</b> không chỉ gia tăng độ bền, khả năng chống trầy xước mà còn tạo nên một cấu trúc đa tầng đầy nam tính. Điểm nhấn nổi bật nhất chính là mặt số được trang trí bằng <b data-path-to-node=""5"" data-index-in-node=""414"">họa tiết dập nổi (Embossed)</b> mới với tông màu <b data-path-to-node=""5"" data-index-in-node=""459"">Beige (màu be)</b> chuyển sắc Smoked, tạo nên một vẻ đẹp trang nhã, ấm áp nhưng vẫn cực kỳ thời thượng và khác biệt.</p>
<p data-path-to-node=""6"">Trải nghiệm trên cổ tay là sự hòa quyện giữa kỹ nghệ cơ khí và tính thời trang cao cấp. Dưới lớp kính sapphire vòm kép, các chi tiết kim và cọc số bằng vàng trắng nổi bật trên nền mặt số màu be dập nổi, mang lại khả năng đọc giờ tối ưu và hiệu ứng ánh sáng bắt mắt. Trái tim của đồng hồ là bộ máy <b data-path-to-node=""6"" data-index-in-node=""297"">Calibre 4302</b> bền bỉ, cung cấp năng lượng hoạt động lên tới 70 giờ. Đi kèm với dây đeo vải bọc cao su màu be đồng điệu, 15210QT không chỉ là một cỗ máy thời gian đẳng cấp mà còn là món phụ kiện hoàn hảo cho những nhà sưu tầm yêu thích phong cách trẻ trung, năng động và muốn tìm kiếm một luồng gió mới ngoài những tông màu truyền thống.</p>","453000000","1","1","AUDEMARS PIGUET, AUDEMARS PIGUET > Code 11:59","https://theempire.vn/wp-content/uploads/2026/01/Audemars-Piguet-Code-11.59-Selfwinding-15210QT.OO_.A064KB.01-1.png","Thương hiệu","AUDEMARS PIGUET","1","1","Bộ sưu tập","Code 11:59","1","1"
"audemars-piguet-code-11-59-selfwinding-15210qt-oo-a064kb-01","simple","Audemars Piguet Code 11.59 Selfwinding 15210QT.OO.A064KB.01","1","0","visible","Audemars Piguet Code 11.59 Selfwinding 15210QT là một trong những phiên bản hiện đại và trẻ trung nhất của dòng Code 11.59, nơi sự kết hợp giữa vật liệu và màu sắc tạo nên một luồng gió mới đầy phóng khoáng. Điểm nhấn ấn tượng nhất chính là sự phối hợp giữa bộ vỏ bằng Thép không gỉ và phần thân giữa (middle case) hình bát giác bằng Ceramic đen. Sự tương phản giữa sắc bạc lạnh của thép và màu đen sâu thẳm của gốm kỹ thuật không chỉ làm nổi bật cấu trúc vỏ phức tạp mà còn tăng cường độ bền bỉ, chống trầy xước vượt trội. Mặt số màu Beige (màu be) với họa tiết dập nổi gợn sóng mới tạo nên một diện mạo vô cùng thanh lịch, nhẹ nhàng nhưng vẫn giữ được nét kiến trúc mạnh mẽ.","<p data-path-to-node=""5""><b data-path-to-node=""5"" data-index-in-node=""0""><a href=""https://theempire.vn/danh-muc/audemars-piguet/"">Audemars Piguet</a> Code 11.59 Selfwinding 15210QT</b> là một trong những phiên bản hiện đại và trẻ trung nhất của dòng Code 11.59, nơi sự kết hợp giữa vật liệu và màu sắc tạo nên một luồng gió mới đầy phóng khoáng. Điểm nhấn ấn tượng nhất chính là sự phối hợp giữa bộ vỏ bằng <b data-path-to-node=""5"" data-index-in-node=""269"">Thép không gỉ</b> và phần thân giữa (middle case) hình bát giác bằng <b data-path-to-node=""5"" data-index-in-node=""334"">Ceramic đen</b>. Sự tương phản giữa sắc bạc lạnh của thép và màu đen sâu thẳm của gốm kỹ thuật không chỉ làm nổi bật cấu trúc vỏ phức tạp mà còn tăng cường độ bền bỉ, chống trầy xước vượt trội. Mặt số màu <b data-path-to-node=""5"" data-index-in-node=""535"">Beige (màu be)</b> với họa tiết dập nổi gợn sóng mới tạo nên một diện mạo vô cùng thanh lịch, nhẹ nhàng nhưng vẫn giữ được nét kiến trúc mạnh mẽ.</p>
<p data-path-to-node=""6"">Trải nghiệm trên cổ tay là sự tận hưởng cảm giác thể thao sang trọng (Sport-luxury) đầy khác biệt. Mặt số màu be của 15210QT không đơn điệu mà có chiều sâu nhờ kỹ thuật chải tia và hiệu ứng đổ bóng trên các chi tiết dập nổi, giúp đồng hồ thay đổi sắc độ theo ánh sáng môi trường. Bộ kim và cọc số bằng vàng trắng được hoàn thiện tinh xảo, nổi bật trên nền mặt số sáng màu giúp việc xem giờ trở nên cực kỳ dễ dàng. Trái tim của đồng hồ vẫn là bộ máy <b data-path-to-node=""6"" data-index-in-node=""449"">Calibre 4302</b> ổn định với 70 giờ dự trữ năng lượng, mang lại độ chính xác đáng tin cậy cho người sử dụng hàng ngày. Đi kèm dây đeo vải màu be đồng điệu, đây là mẫu đồng hồ dành cho những quý ông tìm kiếm một vẻ đẹp lịch lãm theo phong cách “Quiet Luxury” nhưng vẫn muốn thể hiện sự sành sỏi về công nghệ vật liệu.</p>","453000000","1","1","AUDEMARS PIGUET, AUDEMARS PIGUET > Code 11:59","https://theempire.vn/wp-content/uploads/2026/01/Audemars-Piguet-Code-11.59-Selfwinding-15210QT.OO_.A064KB.01.png","Thương hiệu","AUDEMARS PIGUET","1","1","Bộ sưu tập","Code 11:59","1","1"
"audemars-piguet-code-11-59-selfwinding-15210st-oo-a056kb-01","simple","Audemars Piguet Code 11.59 Selfwinding 15210ST.OO.A056KB.01","1","0","visible","Audemars Piguet Code 11.59 Selfwinding 15210ST phiên bản mặt số xanh lá là minh chứng cho sự lên ngôi của chất liệu thép và màu sắc đương đại trong bộ sưu tập Code 11.59. Việc chuyển từ kim loại quý sang thép không gỉ không làm giảm đi sự sang trọng mà trái lại, nó mang đến một diện mạo mạnh mẽ, bền bỉ và dễ tiếp cận hơn cho các nhà sưu tầm trẻ. Điểm nhấn đột phá nằm ở mặt số được trang trí bằng họa tiết dập nổi (Embossed) với hàng ngàn rãnh nhỏ đồng tâm, kết hợp cùng sắc xanh lục chuyển màu (Smoked Green) tạo nên một hiệu ứng thị giác đa chiều, rực rỡ dưới mọi góc nhìn.","<p data-path-to-node=""5""><b data-path-to-node=""5"" data-index-in-node=""0""><a href=""https://theempire.vn/danh-muc/audemars-piguet/"">Audemars Piguet</a> Code 11.59 Selfwinding 15210ST</b> phiên bản mặt số xanh lá là minh chứng cho sự lên ngôi của chất liệu thép và màu sắc đương đại trong bộ sưu tập Code 11.59. Việc chuyển từ kim loại quý sang thép không gỉ không làm giảm đi sự sang trọng mà trái lại, nó mang đến một diện mạo mạnh mẽ, bền bỉ và dễ tiếp cận hơn cho các nhà sưu tầm trẻ. Điểm nhấn đột phá nằm ở mặt số được trang trí bằng <b data-path-to-node=""5"" data-index-in-node=""399"">họa tiết dập nổi (Embossed)</b> với hàng ngàn rãnh nhỏ đồng tâm, kết hợp cùng sắc xanh lục chuyển màu (Smoked Green) tạo nên một hiệu ứng thị giác đa chiều, rực rỡ dưới mọi góc nhìn.</p>
<p data-path-to-node=""6"">Trải nghiệm trên cổ tay là sự kết hợp giữa kỹ nghệ hoàn thiện tinh xảo và phong cách năng động. Dưới lớp kính sapphire vòm kép, cấu trúc vỏ đa tầng với phần thân giữa hình bát giác được đánh bóng và chải xước xen kẽ hiện lên vô cùng sắc sảo, tương phản hoàn hảo với dây đeo vải bọc cao su màu xanh lá. Bên trong là bộ máy <b data-path-to-node=""6"" data-index-in-node=""322"">Calibre 4302</b> mạnh mẽ, mang lại sự an tâm tuyệt đối về độ chính xác và khả năng dự trữ năng lượng ấn tượng 70 giờ. 15210ST không chỉ là một chiếc đồng hồ 3 kim thông thường, mà là một biểu tượng thời trang đầy cá tính, sẵn sàng đồng hành cùng chủ nhân từ những buổi họp quan trọng đến những hoạt động ngoài trời đầy phong cách.</p>","620000000","1","1","AUDEMARS PIGUET, AUDEMARS PIGUET > Code 11:59","https://theempire.vn/wp-content/uploads/2026/01/Audemars-Piguet-Code-11.59-Selfwinding-15210ST.OO_.A056KB.01.png","Thương hiệu","AUDEMARS PIGUET","1","1","Bộ sưu tập","Code 11:59","1","1"
"audemars-piguet-code-11-59-selfwinding-15210st-oo-a348kb-01","simple","Audemars Piguet Code 11.59 Selfwinding 15210ST.OO.A348KB.01","1","0","visible","Audemars Piguet Code 11.59 Selfwinding 15210ST phiên bản mặt số xanh dương là một bước đi chiến lược của AP khi đưa chất liệu thép không gỉ vào bộ sưu tập vốn ban đầu chỉ dành cho kim loại quý. Điểm nhấn đột phá nằm ở mặt số được trang trí bằng họa tiết dập nổi (Embossed) mới, được phát triển bởi đội ngũ thiết kế của AP cùng nghệ nhân guilloché Thụy Sĩ Yann von Kaenel. Những rãnh đồng tâm lan tỏa từ tâm mặt số tạo nên hiệu ứng thị giác cực kỳ sống động, kết hợp cùng sắc xanh dương chuyển màu (Smoked Blue) mang đến vẻ đẹp hiện đại, trẻ trung và đầy năng lượng.","<p data-path-to-node=""5""><b data-path-to-node=""5"" data-index-in-node=""0""><a href=""https://theempire.vn/danh-muc/audemars-piguet/"">Audemars Piguet</a> Code 11.59 Selfwinding 15210ST</b> phiên bản mặt số xanh dương là một bước đi chiến lược của AP khi đưa chất liệu thép không gỉ vào bộ sưu tập vốn ban đầu chỉ dành cho kim loại quý. Điểm nhấn đột phá nằm ở mặt số được trang trí bằng <b data-path-to-node=""5"" data-index-in-node=""245"">họa tiết dập nổi (Embossed)</b> mới, được phát triển bởi đội ngũ thiết kế của AP cùng nghệ nhân guilloché Thụy Sĩ Yann von Kaenel. Những rãnh đồng tâm lan tỏa từ tâm mặt số tạo nên hiệu ứng thị giác cực kỳ sống động, kết hợp cùng sắc xanh dương chuyển màu (Smoked Blue) mang đến vẻ đẹp hiện đại, trẻ trung và đầy năng lượng.</p>
<p data-path-to-node=""6"">Trải nghiệm trên cổ tay là sự cảm nhận về trình độ hoàn thiện vỏ thép bậc thầy không kém gì dòng Royal Oak. Các bề mặt được chải xước mờ và đánh bóng gương đan xen trên cấu trúc vỏ đa tầng phức tạp, tạo nên những đường phản chiếu ánh sáng sắc sảo. Dưới lớp kính sapphire vòm kép, mặt số xanh dập nổi trở nên rực rỡ và có chiều sâu kỳ ảo. Trái tim của đồng hồ là bộ máy <b data-path-to-node=""6"" data-index-in-node=""369"">Calibre 4302</b> mạnh mẽ với khả năng dự trữ năng lượng 70 giờ, đi kèm dây đeo vải bọc cao su màu xanh đồng điệu. Đây là mẫu đồng hồ “Sport-Luxury” hoàn hảo, dành cho những nhà sưu tầm trẻ tuổi muốn sở hữu một di sản của AP trong một diện mạo bền bỉ, năng động và thời thượng.</p>","620000000","1","1","AUDEMARS PIGUET, AUDEMARS PIGUET > Code 11:59","https://theempire.vn/wp-content/uploads/2026/01/Audemars-Piguet-Code-11.59-Selfwinding-15210ST.OO_.A348KB.01.png","Thương hiệu","AUDEMARS PIGUET","1","1","Bộ sưu tập","Code 11:59","1","1"
"audemars-piguet-code-11-59-selfwinding-77410bc-zz-d132cr-01-2","simple","Audemars Piguet Code 11.59 Selfwinding 77410BC.ZZ.D132CR.01","1","0","visible","Audemars Piguet Code 11.59 Selfwinding 77410BC là một tuyệt tác dành cho những cổ tay thanh mảnh hoặc những quý cô yêu thích vẻ đẹp tinh túy của nghệ thuật chế tác trang sức kết hợp cùng Haute Horlogerie. Với kích thước 38mm vừa vặn, chiếc đồng hồ này tỏa sáng rực rỡ nhờ vành bezel và các càng nối dây được nạm đầy kim cương (brilliant-cut diamonds) tinh khiết. Điểm nhấn làm nên sự thanh lịch tuyệt đối chính là mặt số Sơn mài xanh dương (Blue Lacquer) với hiệu ứng chuyển màu (Smoked), tạo nên một sự cộng hưởng hoàn hảo giữa ánh sáng lấp lánh của đá quý và sắc xanh sâu thẳm của đại dương.","<p data-path-to-node=""5""><b data-path-to-node=""5"" data-index-in-node=""0""><a href=""https://theempire.vn/danh-muc/audemars-piguet/"">Audemars Piguet</a> Code 11.59 Selfwinding 77410BC</b> là một tuyệt tác dành cho những cổ tay thanh mảnh hoặc những quý cô yêu thích vẻ đẹp tinh túy của nghệ thuật chế tác trang sức kết hợp cùng Haute Horlogerie. Với kích thước 38mm vừa vặn, chiếc đồng hồ này tỏa sáng rực rỡ nhờ vành bezel và các càng nối dây được <b data-path-to-node=""5"" data-index-in-node=""308"">nạm đầy kim cương (brilliant-cut diamonds)</b> tinh khiết. Điểm nhấn làm nên sự thanh lịch tuyệt đối chính là mặt số <b data-path-to-node=""5"" data-index-in-node=""421"">Sơn mài xanh dương (Blue Lacquer)</b> với hiệu ứng chuyển màu (Smoked), tạo nên một sự cộng hưởng hoàn hảo giữa ánh sáng lấp lánh của đá quý và sắc xanh sâu thẳm của đại dương.</p>
<p data-path-to-node=""6"">Trải nghiệm trên cổ tay là sự cảm nhận về sự nhẹ nhàng nhưng vô cùng đẳng cấp. Khác với các dòng lớn hơn, mẫu 38mm này sử dụng bộ máy tự động thế hệ mới <b data-path-to-node=""6"" data-index-in-node=""153"">Calibre 5900</b>, vừa đảm bảo độ mỏng lý tưởng cho bộ vỏ vừa mang lại hiệu năng vận hành chính xác với khả năng dự trữ năng lượng 60 giờ. Dưới lớp kính sapphire vòm kép, mặt số sơn mài bóng mượt làm nổi bật bộ kim và cọc số bằng vàng trắng, biến mỗi lần xem giờ trở thành một khoảnh khắc thưởng thức nghệ thuật. Đi kèm dây da cá sấu xanh dương đồng điệu, 77410BC không chỉ là một cỗ máy thời gian mà còn là một món trang sức cao cấp, biểu tượng cho sự nữ tính, quyền lực và gu thẩm mỹ tinh tế của chủ nhân.</p>","1017000000","1","1","AUDEMARS PIGUET, AUDEMARS PIGUET > Code 11:59","https://theempire.vn/wp-content/uploads/2026/01/Audemars-Piguet-Code-11.59-Selfwinding-77410BC.ZZ_.D132CR.01.png","Thương hiệu","AUDEMARS PIGUET","1","1","Bộ sưu tập","Code 11:59","1","1"
"audemars-piguet-code-11-59-selfwinding-77410or-oo-a825cr-01-2","simple","Audemars Piguet Code 11.59 Selfwinding 77410OR.OO.A825CR.01","1","0","visible","Audemars Piguet Code 11.59 Selfwinding 77410OR.01 với kích thước 38mm là hiện thân của sự thanh lịch, nhẹ nhàng nhưng vô cùng đẳng cấp. Đây là mẫu đồng hồ dành cho những ai trân trọng sự tinh tế của vàng hồng kết hợp cùng những tông màu trang nhã. Điểm nhấn làm nên sự khác biệt chính là mặt số Sơn mài màu ngà (Ivory Lacquer) với hiệu ứng chuyển màu (Smoked) tinh tế, tối dần về phía rìa. Sắc ngà ấm áp này tạo nên một tổng thể hài hòa tuyệt đối với bộ vỏ vàng hồng rực rỡ, mang lại diện mạo sang trọng, quý phái và cực kỳ tôn da khi đeo trên cổ tay.","<p data-path-to-node=""5""><b data-path-to-node=""5"" data-index-in-node=""0""><a href=""https://theempire.vn/danh-muc/audemars-piguet/"">Audemars Piguet</a> Code 11.59 Selfwinding 77410OR.01</b> với kích thước 38mm là hiện thân của sự thanh lịch, nhẹ nhàng nhưng vô cùng đẳng cấp. Đây là mẫu đồng hồ dành cho những ai trân trọng sự tinh tế của vàng hồng kết hợp cùng những tông màu trang nhã. Điểm nhấn làm nên sự khác biệt chính là mặt số <b data-path-to-node=""5"" data-index-in-node=""295"">Sơn mài màu ngà (Ivory Lacquer)</b> với hiệu ứng chuyển màu (Smoked) tinh tế, tối dần về phía rìa. Sắc ngà ấm áp này tạo nên một tổng thể hài hòa tuyệt đối với bộ vỏ vàng hồng rực rỡ, mang lại diện mạo sang trọng, quý phái và cực kỳ tôn da khi đeo trên cổ tay.</p>
<p data-path-to-node=""6"">Trải nghiệm trên cổ tay là sự mượt mà của bộ máy tự động thế hệ mới <b data-path-to-node=""6"" data-index-in-node=""68"">Calibre 5900</b>. Dù có kích thước gọn gàng hơn các phiên bản 41mm, cỗ máy này vẫn đảm bảo hiệu suất vận hành chính xác với khả năng dự trữ năng lượng lên tới 60 giờ. Dưới lớp kính sapphire vòm kép đặc trưng, mọi chi tiết từ logo AP đến bộ kim thanh mảnh đều hiện lên sống động, tạo nên hiệu ứng thị giác đa chiều đầy mê hoặc. Đi kèm với dây da cá sấu màu trắng ngà đồng điệu, 77410OR.01 không chỉ đơn thuần là một cỗ máy thời gian mà còn là món phụ kiện đẳng cấp, biểu tượng cho gu thẩm mỹ tinh tế và tầm vóc của những nhà sưu tầm hiện đại.</p>","711000000","1","1","AUDEMARS PIGUET, AUDEMARS PIGUET > Code 11:59","https://theempire.vn/wp-content/uploads/2026/01/Audemars-Piguet-Code-11.59-Selfwinding-77410OR.OO_.A825CR.01-1.png","Thương hiệu","AUDEMARS PIGUET","1","1","Bộ sưu tập","Code 11:59","1","1"
"audemars-piguet-code-11-59-selfwinding-77410or-oo-a825cr-01","simple","Audemars Piguet Code 11.59 Selfwinding 77410OR.OO.A825CR.01","1","0","visible","Audemars Piguet Code 11.59 Selfwinding 77410OR là biểu tượng của sự thanh nhã và nữ tính trong bộ sưu tập Code 11.59. Với kích thước 38mm vừa vặn, mẫu đồng hồ này là sự lựa chọn hoàn hảo cho những cổ tay tìm kiếm sự sang trọng nhưng không quá hầm hố. Sự kết hợp giữa bộ vỏ Vàng hồng 18k rực rỡ và mặt số Sơn mài màu ngà (Ivory Lacquer) tạo nên một tổng thể ấm áp, quý phái. Hiệu ứng chuyển màu (Smoked) nhẹ nhàng trên mặt số giúp chiếc đồng hồ có chiều sâu tinh tế, phản chiếu ánh sáng một cách lung linh dưới lớp kính sapphire vòm kép đặc trưng.","<p data-path-to-node=""5""><b data-path-to-node=""5"" data-index-in-node=""0""><a href=""https://theempire.vn/danh-muc/audemars-piguet/"">Audemars Piguet</a> Code 11.59 Selfwinding 77410OR</b> là biểu tượng của sự thanh nhã và nữ tính trong bộ sưu tập Code 11.59. Với kích thước 38mm vừa vặn, mẫu đồng hồ này là sự lựa chọn hoàn hảo cho những cổ tay tìm kiếm sự sang trọng nhưng không quá hầm hố. Sự kết hợp giữa bộ vỏ <b data-path-to-node=""5"" data-index-in-node=""273"">Vàng hồng 18k</b> rực rỡ và mặt số <b data-path-to-node=""5"" data-index-in-node=""304"">Sơn mài màu ngà (Ivory Lacquer)</b> tạo nên một tổng thể ấm áp, quý phái. Hiệu ứng chuyển màu (Smoked) nhẹ nhàng trên mặt số giúp chiếc đồng hồ có chiều sâu tinh tế, phản chiếu ánh sáng một cách lung linh dưới lớp kính sapphire vòm kép đặc trưng.</p>
<p data-path-to-node=""6"">Trải nghiệm trên cổ tay là sự cảm nhận về sự mượt mà của bộ máy tự động thế hệ mới <b data-path-to-node=""6"" data-index-in-node=""83"">Calibre 5900</b>. Dù có kích thước nhỏ gọn hơn, cỗ máy này vẫn đảm bảo hiệu suất vận hành chính xác và khả năng dự trữ năng lượng lên tới 60 giờ. Điểm nhấn hoàn thiện cho phong cách quý tộc này chính là bộ dây da cá sấu màu trắng ngà đồng điệu với mặt số, tạo nên một sự đồng nhất tuyệt đối về thẩm mỹ. 77410OR không chỉ đơn thuần là một cỗ máy thời gian, mà còn là một món phụ kiện đẳng cấp dành cho những quý cô hiện đại, những người trân trọng giá trị nghệ thuật Haute Horlogerie trong một diện mạo nhẹ nhàng và thanh thoát.</p>","661000000","1","1","AUDEMARS PIGUET, AUDEMARS PIGUET > Code 11:59","https://theempire.vn/wp-content/uploads/2026/01/Audemars-Piguet-Code-11.59-Selfwinding-77410OR.OO_.A825CR.01.png","Thương hiệu","AUDEMARS PIGUET","1","1","Bộ sưu tập","Code 11:59","1","1"
"audemars-piguet-code-11-59-selfwinding-77410or-zz-d343cr-01-2","simple","Audemars Piguet Code 11.59 Selfwinding 77410OR.ZZ.D343CR.01","1","0","visible","Audemars Piguet Code 11.59 Selfwinding 77410OR.ZZ là sự kết hợp lộng lẫy giữa vẻ ấm áp của vàng hồng và ánh sáng vĩnh cửu từ những viên đá quý. Với kích thước 38mm tinh tế, phiên bản này trở nên rực rỡ hơn bao giờ hết nhờ vành bezel và các càng nối dây được nạm kim cương (brilliant-cut diamonds) sắc sảo. Mặt số Sơn mài xanh dương (Blue Lacquer) với hiệu ứng chuyển màu (Smoked) tạo nên một sự tương phản đầy quyền quý khi đặt cạnh bộ vỏ vàng hồng, gợi liên tưởng đến bầu trời hoàng hôn trên biển, mang lại sức hút khó cưỡng cho những người yêu thích phong cách sang trọng và kiêu sa.","<p data-path-to-node=""5""><b data-path-to-node=""5"" data-index-in-node=""0""><a href=""https://theempire.vn/danh-muc/audemars-piguet/"">Audemars Piguet</a> Code 11.59 Selfwinding 77410OR.ZZ</b> là sự kết hợp lộng lẫy giữa vẻ ấm áp của vàng hồng và ánh sáng vĩnh cửu từ những viên đá quý. Với kích thước 38mm tinh tế, phiên bản này trở nên rực rỡ hơn bao giờ hết nhờ vành bezel và các càng nối dây được <b data-path-to-node=""5"" data-index-in-node=""258"">nạm kim cương (brilliant-cut diamonds)</b> sắc sảo. Mặt số <b data-path-to-node=""5"" data-index-in-node=""313"">Sơn mài xanh dương (Blue Lacquer)</b> với hiệu ứng chuyển màu (Smoked) tạo nên một sự tương phản đầy quyền quý khi đặt cạnh bộ vỏ vàng hồng, gợi liên tưởng đến bầu trời hoàng hôn trên biển, mang lại sức hút khó cưỡng cho những người yêu thích phong cách sang trọng và kiêu sa.</p>
<p data-path-to-node=""6"">Trải nghiệm trên cổ tay là sự hòa quyện giữa tính năng của một cỗ máy thời gian cao cấp và vẻ đẹp của một món trang sức đỉnh tiệm. Dưới lớp kính sapphire vòm kép, các cọc số và bộ kim bằng vàng hồng tỏa sáng trên nền xanh sâu thẳm, được bao bọc bởi vòng hào quang của những viên kim cương tinh khiết. Bên trong là bộ máy tự động <b data-path-to-node=""6"" data-index-in-node=""329"">Calibre 5900</b> thế hệ mới, vận hành mượt mà với độ chính xác cao và khả năng dự trữ năng lượng 60 giờ. Đi kèm dây da cá sấu màu xanh dương đồng điệu, 77410OR.ZZ là biểu tượng của sự thành đạt và gu thẩm mỹ xa hoa, dành riêng cho những ai muốn khẳng định đẳng cấp khác biệt trong từng khoảnh khắc.</p>","1911000000","1","1","AUDEMARS PIGUET, AUDEMARS PIGUET > Code 11:59","https://theempire.vn/wp-content/uploads/2026/01/Audemars-Piguet-Code-11.59-Selfwinding-77410OR.ZZ_.D343CR.01.png","Thương hiệu","AUDEMARS PIGUET","1","1","Bộ sưu tập","Code 11:59","1","1"
"audemars-piguet-code-11-59-selfwinding-chronograph-26393bc-oo-a002kb-01","simple","Audemars Piguet Code 11.59 Selfwinding Chronograph 26393BC.OO.A002KB.01","1","0","visible","Audemars Piguet Code 11.59 Selfwinding Chronograph 26393BC.01 là bản giao hưởng giữa sắc bạc lạnh lùng của vàng trắng và sự sâu thẳm của đại dương. Điểm nhấn trung tâm là mặt số Sơn mài xanh dương (Blue Lacquer) với hiệu ứng chuyển màu (Smoked), mang lại một diện mạo thanh lịch, tinh tế và vô cùng cuốn hút. Dưới lớp kính sapphire vòm kép đặc trưng, sắc xanh hiện lên sống động với chiều sâu lý tưởng, làm nền cho các chi tiết bằng vàng trắng tỏa sáng, tạo nên một phong cách thời thượng dành cho những nhà sưu tầm yêu thích sự trẻ trung nhưng vẫn đậm chất thượng lưu.","<p data-path-to-node=""5""><b data-path-to-node=""5"" data-index-in-node=""0""><a href=""https://theempire.vn/danh-muc/audemars-piguet/"">Audemars Piguet</a> Code 11.59 Selfwinding Chronograph 26393BC.01</b> là bản giao hưởng giữa sắc bạc lạnh lùng của vàng trắng và sự sâu thẳm của đại dương. Điểm nhấn trung tâm là mặt số <b data-path-to-node=""5"" data-index-in-node=""178"">Sơn mài xanh dương (Blue Lacquer)</b> với hiệu ứng chuyển màu (Smoked), mang lại một diện mạo thanh lịch, tinh tế và vô cùng cuốn hút. Dưới lớp kính sapphire vòm kép đặc trưng, sắc xanh hiện lên sống động với chiều sâu lý tưởng, làm nền cho các chi tiết bằng vàng trắng tỏa sáng, tạo nên một phong cách thời thượng dành cho những nhà sưu tầm yêu thích sự trẻ trung nhưng vẫn đậm chất thượng lưu.</p>
<p data-path-to-node=""6"">Trải nghiệm trên cổ tay là sự làm chủ kỹ nghệ bấm giờ đỉnh cao với bộ máy <b data-path-to-node=""6"" data-index-in-node=""74"">Calibre 4401</b> sở hữu tính năng <b data-path-to-node=""6"" data-index-in-node=""104"">Flyback</b>, giúp đo các vòng giờ liên tiếp một cách chính xác tuyệt đối. Việc kết hợp với dây vải bọc cao su màu xanh dương đồng điệu không chỉ mang lại sự thoải mái tối đa mà còn khẳng định tinh thần thể thao sang trọng (Sport-Luxury) mà dòng Code 11.59 đang hướng tới. Qua nắp lưng trong suốt, toàn bộ sự tinh xảo của bộ máy với bánh xe cột và quả văng bằng vàng được phô diễn trọn vẹn, biến mỗi chuyển động của thời gian thành một trải nghiệm nghệ thuật đầy kiêu hãnh.</p>","622000000","1","1","AUDEMARS PIGUET, AUDEMARS PIGUET > Code 11:59","https://theempire.vn/wp-content/uploads/2026/01/Audemars-Piguet-Code-11.59-Selfwinding-Chronograph-26393BC.OO_.A002KB.01-1.png","Thương hiệu","AUDEMARS PIGUET","1","1","Bộ sưu tập","Code 11:59","1","1"
"audemars-piguet-code-11-59-selfwinding-chronograph-26393bc-oo-a002kb-02-2","simple","Audemars Piguet Code 11.59 Selfwinding Chronograph 26393BC.OO.A002KB.02","1","0","visible","Audemars Piguet Code 11.59 Selfwinding Chronograph 26393BC.02 là hiện thân của vẻ đẹp lịch lãm, hiện đại và vô cùng kín đáo. Sự kết hợp giữa bộ vỏ Vàng trắng 18k lạnh lùng và mặt số Sơn mài đen (Black Lacquer) bóng bẩy tạo nên một tổng thể mang đậm phong cách ""Quiet Luxury"". Dưới lớp kính sapphire vòm kép (Double Curved), mặt số đen hiện lên sâu thẳm như một mặt hồ tĩnh lặng, làm nổi bật bộ kim, cọc số và logo Audemars Piguet bằng vàng trắng được chế tác cực kỳ sắc sảo. Đây là mẫu đồng hồ dành cho những quý ông trân trọng những giá trị xa xỉ ẩn mình, không phô trương nhưng vẫn đầy quyền lực.","<p data-path-to-node=""5""><b data-path-to-node=""5"" data-index-in-node=""0""><a href=""https://theempire.vn/danh-muc/audemars-piguet/"">Audemars Piguet</a> Code 11.59 Selfwinding Chronograph 26393BC.02</b> là hiện thân của vẻ đẹp lịch lãm, hiện đại và vô cùng kín đáo. Sự kết hợp giữa bộ vỏ <b data-path-to-node=""5"" data-index-in-node=""147"">Vàng trắng 18k</b> lạnh lùng và mặt số <b data-path-to-node=""5"" data-index-in-node=""182"">Sơn mài đen (Black Lacquer)</b> bóng bẩy tạo nên một tổng thể mang đậm phong cách “Quiet Luxury”. Dưới lớp kính sapphire <b data-path-to-node=""5"" data-index-in-node=""299"">vòm kép (Double Curved)</b>, mặt số đen hiện lên sâu thẳm như một mặt hồ tĩnh lặng, làm nổi bật bộ kim, cọc số và logo Audemars Piguet bằng vàng trắng được chế tác cực kỳ sắc sảo. Đây là mẫu đồng hồ dành cho những quý ông trân trọng những giá trị xa xỉ ẩn mình, không phô trương nhưng vẫn đầy quyền lực.</p>
<p data-path-to-node=""6"">Trải nghiệm trên cổ tay là sự làm chủ cơ chế <b data-path-to-node=""6"" data-index-in-node=""45"">Flyback Chronograph</b> đỉnh cao thông qua bộ máy tự động <b data-path-to-node=""6"" data-index-in-node=""99"">Calibre 4401</b>. Với cấu trúc tích hợp hoàn hảo và bánh xe cột (column wheel) có thể quan sát qua nắp lưng sapphire, bộ máy này mang lại trải nghiệm nhấn nút mượt mà và khả năng dự trữ năng lượng lên tới 70 giờ. Việc phối cùng dây đeo vải bọc cao su màu đen không chỉ giúp chiếc đồng hồ trở nên trẻ trung, năng động hơn mà còn tạo ra một sự đồng nhất tuyệt đối về màu sắc. 26393BC là minh chứng cho thấy sự kết hợp giữa kim loại quý và thiết kế đương đại có thể tạo ra một cỗ máy thời gian vừa có giá trị sưu tầm cao, vừa hoàn hảo để hiện diện trong mọi hoạt động của nhịp sống thượng lưu.</p>","672000000","1","1","AUDEMARS PIGUET, AUDEMARS PIGUET > Code 11:59","https://theempire.vn/wp-content/uploads/2026/01/Audemars-Piguet-Code-11.59-Selfwinding-Chronograph-26393BC.OO_.A002KB.02.png","Thương hiệu","AUDEMARS PIGUET","1","1","Bộ sưu tập","Code 11:59","1","1"
"audemars-piguet-code-11-59-selfwinding-chronograph-26393bc-oo-a002kb-02-3","simple","Audemars Piguet Code 11.59 Selfwinding Chronograph 26393BC.OO.A002KB.02","1","0","visible","Audemars Piguet Code 11.59 Selfwinding Chronograph 26393BC.02 là hiện thân của phong cách ""Quiet Luxury"" – sang trọng một cách kín đáo và đẳng cấp. Sự kết hợp giữa bộ vỏ Vàng trắng 18k lạnh lùng và mặt số Sơn mài đen (Black Lacquer) bóng bẩy tạo nên một tổng thể vô cùng nam tính và huyền bí. Dưới lớp kính sapphire vòm kép, mặt số hiện lên với độ sâu tuyệt đối, làm nổi bật bộ kim, cọc số và logo AP bằng vàng trắng được chế tác cực kỳ sắc sảo, mang lại vẻ đẹp bền vững bất chấp mọi xu hướng thời gian.","<p data-path-to-node=""6""><b data-path-to-node=""6"" data-index-in-node=""0""><a href=""https://theempire.vn/danh-muc/audemars-piguet/"">Audemars Piguet</a> Code 11.59 Selfwinding Chronograph 26393BC.02</b> là hiện thân của phong cách “Quiet Luxury” – sang trọng một cách kín đáo và đẳng cấp. Sự kết hợp giữa bộ vỏ <b data-path-to-node=""6"" data-index-in-node=""170"">Vàng trắng 18k</b> lạnh lùng và mặt số <b data-path-to-node=""6"" data-index-in-node=""205"">Sơn mài đen (Black Lacquer)</b> bóng bẩy tạo nên một tổng thể vô cùng nam tính và huyền bí. Dưới lớp kính sapphire vòm kép, mặt số hiện lên với độ sâu tuyệt đối, làm nổi bật bộ kim, cọc số và logo AP bằng vàng trắng được chế tác cực kỳ sắc sảo, mang lại vẻ đẹp bền vững bất chấp mọi xu hướng thời gian.</p>
<p data-path-to-node=""7"">Trải nghiệm trên cổ tay là sự cảm nhận về một cỗ máy bấm giờ chuyên nghiệp thông qua bộ máy tự động <b data-path-to-node=""7"" data-index-in-node=""100"">Calibre 4401</b>. Đây là bộ máy Chronograph tích hợp đỉnh cao của AP với tính năng <b data-path-to-node=""7"" data-index-in-node=""179"">Flyback</b>, cho phép người đeo bắt đầu một chu kỳ bấm giờ mới ngay lập tức chỉ với một lần nhấn nút. Việc đi kèm dây đeo vải bọc cao su hiện đại không chỉ mang lại cảm giác nhẹ nhàng, thoải mái khi vận động mà còn giúp chiếc đồng hồ thoát khỏi vẻ cứng nhắc truyền thống. Qua nắp lưng sapphire, quả văng bằng vàng hồng 22k nổi bật trên nền máy xám bạc, khẳng định một đẳng cấp chế tác thủ công không thể trộn lẫn, dành riêng cho những quý ông lịch lãm và quyết đoán.</p>","622000000","1","1","AUDEMARS PIGUET, AUDEMARS PIGUET > Code 11:59","https://theempire.vn/wp-content/uploads/2026/01/Audemars-Piguet-Code-11.59-Selfwinding-Chronograph-26393BC.OO_.A002KB.02-1.png","Thương hiệu","AUDEMARS PIGUET","1","1","Bộ sưu tập","Code 11:59","1","1"
"audemars-piguet-code-11-59-selfwinding-chronograph-26393bc-oo-a068cr-01-2","simple","Audemars Piguet Code 11.59 Selfwinding Chronograph 26393BC.OO.A068CR.01","1","0","visible","Audemars Piguet Code 11.59 Selfwinding Chronograph 26393BC phiên bản mặt số đỏ (Burgundy) là một trong những thiết kế táo bạo và có sức hút mãnh liệt nhất trong toàn bộ sưu tập Code 11.59. Đây không chỉ là một chiếc đồng hồ, mà là một tuyên ngôn về sự tự tin và cá tính khác biệt. Điểm nhấn mê hoặc nhất chính là mặt số Sơn mài (Lacquer) với hiệu ứng chuyển màu Smoked Burgundy: sắc đỏ rượu vang rực rỡ ở tâm và dần chuyển sang đen thẫm ở rìa. Sự kết hợp giữa tông đỏ nồng nàn và bộ vỏ Vàng trắng 18k tạo nên một vẻ đẹp vừa lạnh lùng, sang trọng, vừa tràn đầy năng lượng và sự quyến rũ.","<p data-path-to-node=""5""><b data-path-to-node=""5"" data-index-in-node=""0""><a href=""https://theempire.vn/danh-muc/audemars-piguet/"">Audemars Piguet</a> Code 11.59 Selfwinding Chronograph 26393BC</b> phiên bản mặt số đỏ (Burgundy) là một trong những thiết kế táo bạo và có sức hút mãnh liệt nhất trong toàn bộ sưu tập Code 11.59. Đây không chỉ là một chiếc đồng hồ, mà là một tuyên ngôn về sự tự tin và cá tính khác biệt. Điểm nhấn mê hoặc nhất chính là mặt số <b data-path-to-node=""5"" data-index-in-node=""320"">Sơn mài (Lacquer)</b> với hiệu ứng chuyển màu <b data-path-to-node=""5"" data-index-in-node=""362"">Smoked Burgundy</b>: sắc đỏ rượu vang rực rỡ ở tâm và dần chuyển sang đen thẫm ở rìa. Sự kết hợp giữa tông đỏ nồng nàn và bộ vỏ <b data-path-to-node=""5"" data-index-in-node=""486"">Vàng trắng 18k</b> tạo nên một vẻ đẹp vừa lạnh lùng, sang trọng, vừa tràn đầy năng lượng và sự quyến rũ.</p>
<p data-path-to-node=""6"">Trải nghiệm trên cổ tay là sự tận hưởng đỉnh cao của kỹ nghệ bấm giờ hiện đại. Trái tim của đồng hồ là bộ máy <b data-path-to-node=""6"" data-index-in-node=""110"">Calibre 4401</b> – niềm tự hào của AP với cơ chế <b data-path-to-node=""6"" data-index-in-node=""155"">Flyback Chronograph</b>, cho phép thực hiện nhiều phép đo thời gian liên tiếp một cách tức thì. Dưới lớp kính sapphire <b data-path-to-node=""6"" data-index-in-node=""270"">vòm kép (Double Curved)</b> đặc thù, mặt số đỏ hiện lên với chiều sâu hun hút, làm nổi bật các mặt số phụ bấm giờ và bộ kim bằng vàng trắng sắc sảo. Qua nắp lưng trong suốt, bạn có thể chiêm ngưỡng quả văng bằng vàng 22k cùng những đường vát cạnh thủ công tinh xảo trên từng cầu máy. Đi kèm dây da cá sấu màu đỏ đồng điệu, 26393BC phiên bản Burgundy là món phụ kiện tối thượng dành cho những quý ông (hoặc quý bà) muốn khẳng định đẳng cấp độc bản, không ngại trở thành tâm điểm của mọi ánh nhìn.</p>","1000000000","1","1","AUDEMARS PIGUET, AUDEMARS PIGUET > Code 11:59","https://theempire.vn/wp-content/uploads/2026/01/Audemars-Piguet-Code-11.59-Selfwinding-Chronograph-26393BC.OO_.A068CR.01.png","Thương hiệu","AUDEMARS PIGUET","1","1","Bộ sưu tập","Code 11:59","1","1"
"audemars-piguet-code-11-59-selfwinding-chronograph-26393bc-oo-a321cr-01","simple","Audemars Piguet Code 11.59 Selfwinding Chronograph 26393BC.OO.A321CR.01","1","0","visible","Audemars Piguet Code 11.59 Selfwinding Chronograph 26393BC phiên bản mặt số xanh dương (Smoked Blue) trên nền vàng trắng là định nghĩa của sự lịch lãm tinh khiết và vẻ đẹp vượt thời gian. Nếu phiên bản vàng hồng mang lại sự ấm áp vương giả, thì sự kết hợp giữa Vàng trắng 18k và mặt số sơn mài xanh dương lại tạo nên một cảm giác lạnh lùng, sang trọng và cực kỳ trí thức. Mặt số Sơn mài (Lacquer) với hiệu ứng chuyển màu từ xanh dương rực rỡ ở tâm sang đen thẫm ở rìa tạo nên một chiều sâu vô tận, khiến người nhìn như bị hút vào một khoảng không gian tĩnh lặng và đẳng cấp.","<p data-path-to-node=""5""><b data-path-to-node=""5"" data-index-in-node=""0""><a href=""https://theempire.vn/danh-muc/audemars-piguet/"">Audemars Piguet</a> Code 11.59 Selfwinding Chronograph 26393BC</b> phiên bản mặt số xanh dương (Smoked Blue) trên nền vàng trắng là định nghĩa của sự lịch lãm tinh khiết và vẻ đẹp vượt thời gian. Nếu phiên bản vàng hồng mang lại sự ấm áp vương giả, thì sự kết hợp giữa <b data-path-to-node=""5"" data-index-in-node=""261"">Vàng trắng 18k</b> và mặt số sơn mài xanh dương lại tạo nên một cảm giác lạnh lùng, sang trọng và cực kỳ trí thức. Mặt số <b data-path-to-node=""5"" data-index-in-node=""379"">Sơn mài (Lacquer)</b> với hiệu ứng chuyển màu từ xanh dương rực rỡ ở tâm sang đen thẫm ở rìa tạo nên một chiều sâu vô tận, khiến người nhìn như bị hút vào một khoảng không gian tĩnh lặng và đẳng cấp.</p>
<p data-path-to-node=""6"">Trải nghiệm trên cổ tay là sự cảm nhận về một cấu trúc cơ khí chính xác đến từng nhịp đập. Trái tim của đồng hồ là bộ máy <b data-path-to-node=""6"" data-index-in-node=""122"">Calibre 4401</b> tích hợp hoàn toàn, sở hữu tính năng <b data-path-to-node=""6"" data-index-in-node=""172"">Flyback Chronograph</b> – một công cụ đo thời gian mạnh mẽ cho phép bạn đặt lại kim giây về số 0 và bắt đầu vòng đo mới chỉ với một lần nhấn nút duy nhất. Dưới lớp kính sapphire <b data-path-to-node=""6"" data-index-in-node=""346"">vòm kép (Double Curved)</b> đặc thù, mọi chi tiết từ cọc số vàng trắng đến các mặt số phụ đều hiện lên sắc nét, thay đổi sắc độ ảo diệu theo từng góc nghiêng của ánh sáng. Qua nắp lưng sapphire, quả văng bằng vàng 22k được khoét rỗng phô diễn toàn bộ sự tinh xảo của các bánh răng và cầu máy được đánh bóng thủ công. Đi kèm dây da cá sấu xanh dương đồng điệu, 26393BC là biểu tượng của phong cách “Quiet Luxury” – không cần phô trương nhưng vẫn khiến bất kỳ ai cũng phải ngước nhìn.</p>","1210000000","1","1","AUDEMARS PIGUET, AUDEMARS PIGUET > Code 11:59","https://theempire.vn/wp-content/uploads/2026/01/Audemars-Piguet-Code-11.59-Selfwinding-Chronograph-26393BC.OO_.A321CR.01.png","Thương hiệu","AUDEMARS PIGUET","1","1","Bộ sưu tập","Code 11:59","1","1"
"audemars-piguet-code-11-59-selfwinding-chronograph-26393cr-oo-a002kb-01","simple","Audemars Piguet Code 11.59 Selfwinding Chronograph 26393CR.OO.A002KB.01","1","0","visible","Audemars Piguet Code 11.59 Selfwinding Chronograph 26393CR mã hiệu .01 là sự giao thoa tuyệt vời giữa kỹ thuật chế tác kim loại quý và phong cách thể thao đương đại. Mẫu đồng hồ này sở hữu bộ vỏ Two-tone đầy lôi cuốn với sự kết hợp giữa vành bezel, càng nối dây bằng Vàng trắng 18k và phần thân giữa (middle case) hình bát giác bằng Vàng hồng 18k. Việc sử dụng mặt số Sơn mài đen (Black Lacquer) bóng bẩy thay vì các tông màu sáng giúp chiếc đồng hồ trở nên bí ẩn, mạnh mẽ và làm nổi bật hoàn toàn cấu trúc vỏ đa tầng phức tạp vốn là niềm tự hào của dòng Code 11.59.","<p data-path-to-node=""5""><b data-path-to-node=""5"" data-index-in-node=""0""><a href=""https://theempire.vn/danh-muc/audemars-piguet/"">Audemars Piguet</a> Code 11.59 Selfwinding Chronograph 26393CR</b> mã hiệu .01 là sự giao thoa tuyệt vời giữa kỹ thuật chế tác kim loại quý và phong cách thể thao đương đại. Mẫu đồng hồ này sở hữu bộ vỏ <b data-path-to-node=""5"" data-index-in-node=""195"">Two-tone</b> đầy lôi cuốn với sự kết hợp giữa vành bezel, càng nối dây bằng <b data-path-to-node=""5"" data-index-in-node=""267"">Vàng trắng 18k</b> và phần thân giữa (middle case) hình bát giác bằng <b data-path-to-node=""5"" data-index-in-node=""333"">Vàng hồng 18k</b>. Việc sử dụng mặt số <b data-path-to-node=""5"" data-index-in-node=""368"">Sơn mài đen (Black Lacquer)</b> bóng bẩy thay vì các tông màu sáng giúp chiếc đồng hồ trở nên bí ẩn, mạnh mẽ và làm nổi bật hoàn toàn cấu trúc vỏ đa tầng phức tạp vốn là niềm tự hào của dòng Code 11.59.</p>
<p data-path-to-node=""6"">Trải nghiệm trên cổ tay là sự cảm nhận về sự tương phản sắc nét. Trên nền đen sâu thẳm của mặt số sơn mài, các chi tiết như bộ kim, cọc số và viền các mặt số phụ đều được làm từ vàng hồng, tạo nên một tổng thể vô cùng sang trọng và dễ đọc. Dưới lớp kính sapphire <b data-path-to-node=""6"" data-index-in-node=""263"">vòm kép (Double Curved)</b>, hiệu ứng ánh sáng chạy trên bề mặt đen bóng tạo nên một chiều sâu thị giác đầy mê hoặc. Trái tim của đồng hồ là bộ máy <b data-path-to-node=""6"" data-index-in-node=""407"">Calibre 4401</b>, cho phép người dùng vận hành chức năng <b data-path-to-node=""6"" data-index-in-node=""460"">Flyback Chronograph</b> một cách mượt mà và chính xác. Sự kết hợp với bộ dây vải bọc cao su màu đen không chỉ giúp chiếc đồng hồ trở nên nhẹ nhàng, trẻ trung hơn mà còn khẳng định đây là một cỗ máy thời gian dành cho những quý ông năng động, những người trân trọng giá trị truyền thống nhưng luôn hướng tới sự đột phá.</p>","672000000","1","1","AUDEMARS PIGUET, AUDEMARS PIGUET > Code 11:59","https://theempire.vn/wp-content/uploads/2026/01/Audemars-Piguet-Code-11.59-Selfwinding-Chronograph-26393CR.OO_.A002KB.01.png","Thương hiệu","AUDEMARS PIGUET","1","1","Bộ sưu tập","Code 11:59","1","1"
"audemars-piguet-code-11-59-selfwinding-chronograph-26393cr-oo-a008kb-01","simple","Audemars Piguet Code 11.59 Selfwinding Chronograph 26393CR.OO.A008KB.01","1","0","visible","Audemars Piguet Code 11.59 Selfwinding Chronograph 26393CR là một trong những phiên bản tinh tế và có chiều sâu thẩm mỹ nhất trong dòng Chronograph. Điểm nhấn đắt giá nhất của mẫu này chính là sự phối hợp vật liệu ""Two-tone"" cực kỳ thông minh: trong khi vành bezel, nắp lưng và các càng nối dây mang sắc bạc lạnh lùng của Vàng trắng 18k, thì phần thân giữa (middle case) hình bát giác lại rực rỡ trong sắc Vàng hồng 18k. Sự đan xen này không chỉ tôn vinh cấu trúc vỏ đa tầng của Code 11.59 mà còn tạo ra một sự chuyển tiếp màu sắc vô cùng sang trọng, hiện đại.","<p data-path-to-node=""5""><b data-path-to-node=""5"" data-index-in-node=""0""><a href=""https://theempire.vn/danh-muc/audemars-piguet/"">Audemars Piguet</a> Code 11.59 Selfwinding Chronograph 26393CR</b> là một trong những phiên bản tinh tế và có chiều sâu thẩm mỹ nhất trong dòng Chronograph. Điểm nhấn đắt giá nhất của mẫu này chính là sự phối hợp vật liệu “Two-tone” cực kỳ thông minh: trong khi vành bezel, nắp lưng và các càng nối dây mang sắc bạc lạnh lùng của <b data-path-to-node=""5"" data-index-in-node=""322"">Vàng trắng 18k</b>, thì phần thân giữa (middle case) hình bát giác lại rực rỡ trong sắc <b data-path-to-node=""5"" data-index-in-node=""406"">Vàng hồng 18k</b>. Sự đan xen này không chỉ tôn vinh cấu trúc vỏ đa tầng của Code 11.59 mà còn tạo ra một sự chuyển tiếp màu sắc vô cùng sang trọng, hiện đại.</p>
<p data-path-to-node=""6"">Trải nghiệm trên cổ tay là sự cảm nhận về một phong cách thời thượng với mặt số <b data-path-to-node=""6"" data-index-in-node=""80"">Sơn mài xám (Grey Lacquer)</b>. Mặt số này được hoàn thiện với hiệu ứng chuyển màu (Smoked), tối dần về phía rìa, tạo nên một sự đồng điệu tuyệt vời với bộ dây vải bọc cao su màu xám. Trên nền xám khói ấy, các mặt số phụ, bộ kim và cọc số bằng vàng hồng hiện lên đầy nổi bật, giúp việc đọc giờ và thời gian bấm giờ trở nên dễ dàng hơn bao giờ hết. Bên trong là bộ máy <b data-path-to-node=""6"" data-index-in-node=""444"">Calibre 4401</b> – cỗ máy Chronograph tích hợp đẳng cấp với tính năng <b data-path-to-node=""6"" data-index-in-node=""510"">Flyback</b>, mang lại độ chính xác tuyệt đối và trải nghiệm vận hành mượt mà. Dưới lớp kính sapphire <b data-path-to-node=""6"" data-index-in-node=""607"">vòm kép</b>, mọi chi tiết từ cấu trúc vỏ cho đến mặt số xám khói đều hiện lên lung linh, biến 26393CR thành lựa chọn hoàn hảo cho những nhà sưu tầm tìm kiếm một chiếc đồng hồ bấm giờ vừa mang tính kỹ thuật, vừa có sự hòa quyện màu sắc độc bản.</p>","622000000","1","1","AUDEMARS PIGUET, AUDEMARS PIGUET > Code 11:59","https://theempire.vn/wp-content/uploads/2026/01/Audemars-Piguet-Code-11.59-Selfwinding-Chronograph-26393CR.OO_.A008KB.01.png","Thương hiệu","AUDEMARS PIGUET","1","1","Bộ sưu tập","Code 11:59","1","1"
"audemars-piguet-code-11-59-selfwinding-chronograph-26393nb-oo-a002kb-01","simple","Audemars Piguet Code 11.59 Selfwinding Chronograph 26393NB.OO.A002KB.01","1","0","visible","Audemars Piguet Code 11.59 Selfwinding Chronograph 26393NB là một trong những phiên bản hiện đại và mang tính đột phá nhất về vật liệu của dòng Code. Sự kết hợp giữa bộ vỏ Vàng trắng 18k và phần thân giữa (middle case) hình bát giác bằng Ceramic đen không chỉ là một thử thách về kỹ thuật chế tác mà còn tạo nên một diện mạo vô cùng ""high-tech"". Sự tương phản giữa ánh bạc lạnh lùng của vàng trắng và sắc đen mờ sâu thẳm của gốm Ceramic làm bật lên cấu trúc đa tầng phức tạp, biến chiếc đồng hồ thành một tác phẩm kiến trúc đương đại trên cổ tay.","<p data-path-to-node=""5""><b data-path-to-node=""5"" data-index-in-node=""0""><a href=""https://theempire.vn/danh-muc/audemars-piguet/"">Audemars Piguet</a> Code 11.59 Selfwinding Chronograph 26393NB</b> là một trong những phiên bản hiện đại và mang tính đột phá nhất về vật liệu của dòng Code. Sự kết hợp giữa bộ vỏ <b data-path-to-node=""5"" data-index-in-node=""172"">Vàng trắng 18k</b> và phần thân giữa (middle case) hình bát giác bằng <b data-path-to-node=""5"" data-index-in-node=""238"">Ceramic đen</b> không chỉ là một thử thách về kỹ thuật chế tác mà còn tạo nên một diện mạo vô cùng “high-tech”. Sự tương phản giữa ánh bạc lạnh lùng của vàng trắng và sắc đen mờ sâu thẳm của gốm Ceramic làm bật lên cấu trúc đa tầng phức tạp, biến chiếc đồng hồ thành một tác phẩm kiến trúc đương đại trên cổ tay.</p>
<p data-path-to-node=""6"">Trải nghiệm trên cổ tay là sự tận hưởng cảm giác thể thao sang trọng đỉnh cao. Mặt số của phiên bản này được hoàn thiện bằng lớp <b data-path-to-node=""6"" data-index-in-node=""129"">Sơn mài đen (Black Lacquer)</b> bóng bẩy, làm nền cho các mặt số phụ Chronograph và bộ kim bằng vàng trắng tỏa sáng. Đặc biệt, lớp kính sapphire <b data-path-to-node=""6"" data-index-in-node=""270"">vòm kép (Double Curved)</b> giúp tối ưu hóa khả năng quan sát mặt số từ mọi góc độ mà không bị biến dạng, đồng thời tạo ra những hiệu ứng ánh sáng kỳ ảo khi di chuyển cổ tay. Bên trong là bộ máy <b data-path-to-node=""6"" data-index-in-node=""461"">Calibre 4401</b> – niềm tự hào của AP với tính năng <b data-path-to-node=""6"" data-index-in-node=""509"">Flyback Chronograph</b>, cho phép thực hiện nhiều phép đo thời gian liên tiếp một cách mượt mà. Đi kèm với dây đeo vải dệt màu đen hiện đại, 26393NB thoát khỏi vẻ ngoài của một chiếc đồng hồ cổ điển để trở thành biểu tượng của sự năng động, mạnh mẽ và khác biệt, dành cho những quý ông muốn dẫn đầu xu hướng.</p>","1172000000","1","1","AUDEMARS PIGUET, AUDEMARS PIGUET > Code 11:59","https://theempire.vn/wp-content/uploads/2026/01/Audemars-Piguet-Code-11.59-Selfwinding-Chronograph-26393NB.OO_.A002KB.01.png","Thương hiệu","AUDEMARS PIGUET","1","1","Bộ sưu tập","Code 11:59","1","1"
"audemars-piguet-code-11-59-selfwinding-chronograph-26393nr-oo-a002kb-01","simple","Audemars Piguet Code 11.59 Selfwinding Chronograph 26393NR.OO.A002KB.01","1","0","visible","Audemars Piguet Code 11.59 Selfwinding Chronograph 26393NR là một trong những phiên bản có thiết kế ấn tượng và nam tính nhất trong đại gia đình Code 11.59. Đây là sự kết hợp táo bạo giữa vẻ đẹp lộng lẫy của Vàng hồng 18k và sự cứng cáp, bền bỉ của Ceramic đen. Việc đưa chất liệu Ceramic vào phần thân giữa hình bát giác không chỉ là một lời tán dương dành cho DNA của Royal Oak mà còn tạo nên một sự tương phản màu sắc cực kỳ bắt mắt. Sắc đen của Ceramic làm tôn lên tông màu ấm áp của vàng hồng ở vành bezel và các càng nối dây, tạo nên một tổng thể vừa sang trọng vừa mang đậm hơi thở thể thao đương đại.","<p data-path-to-node=""5""><b data-path-to-node=""5"" data-index-in-node=""0""><a href=""https://theempire.vn/danh-muc/audemars-piguet/"">Audemars Piguet</a> Code 11.59 Selfwinding Chronograph 26393NR</b> là một trong những phiên bản có thiết kế ấn tượng và nam tính nhất trong đại gia đình Code 11.59. Đây là sự kết hợp táo bạo giữa vẻ đẹp lộng lẫy của <b data-path-to-node=""5"" data-index-in-node=""208"">Vàng hồng 18k</b> và sự cứng cáp, bền bỉ của <b data-path-to-node=""5"" data-index-in-node=""249"">Ceramic đen</b>. Việc đưa chất liệu Ceramic vào phần thân giữa hình bát giác không chỉ là một lời tán dương dành cho DNA của Royal Oak mà còn tạo nên một sự tương phản màu sắc cực kỳ bắt mắt. Sắc đen của Ceramic làm tôn lên tông màu ấm áp của vàng hồng ở vành bezel và các càng nối dây, tạo nên một tổng thể vừa sang trọng vừa mang đậm hơi thở thể thao đương đại.</p>
<p data-path-to-node=""6"">Trải nghiệm trên cổ tay là sự cảm nhận về một cỗ máy Chronograph thực thụ với mặt số <b data-path-to-node=""6"" data-index-in-node=""85"">Sơn mài xám khói (Smoked Grey)</b> tuyệt đẹp. Hiệu ứng chuyển màu từ xám bạc ở trung tâm sang đen tuyền ở phần rìa mặt số giúp các mặt số phụ bấm giờ và các chi tiết bằng vàng hồng trở nên nổi bật và dễ đọc hơn bao giờ hết. Dưới lớp kính sapphire <b data-path-to-node=""6"" data-index-in-node=""328"">vòm kép (Double Curved)</b>, mọi chi tiết hiện lên với chiều sâu lý tưởng. Trái tim của đồng hồ là bộ máy <b data-path-to-node=""6"" data-index-in-node=""430"">Calibre 4401</b> – bộ máy Chronograph tích hợp đỉnh cao với tính năng <b data-path-to-node=""6"" data-index-in-node=""496"">Flyback</b>, cho phép bạn thiết lập lại phép đo thời gian ngay lập tức mà không cần dừng lại. Đi kèm với dây đeo vải dệt màu đen hiện đại, 26393NR là sự lựa chọn hoàn hảo cho những nhà sưu tầm tìm kiếm một chiếc đồng hồ vừa có giá trị của kim loại quý, vừa có sự bền bỉ của vật liệu công nghệ cao, sẵn sàng đồng hành trong mọi sự kiện từ trang trọng đến năng động.</p>","932000000","1","1","AUDEMARS PIGUET, AUDEMARS PIGUET > Code 11:59","https://theempire.vn/wp-content/uploads/2026/01/Audemars-Piguet-Code-11.59-Selfwinding-Chronograph-26393NR.OO_.A002KB.01.png","Thương hiệu","AUDEMARS PIGUET","1","1","Bộ sưu tập","Code 11:59","1","1"
"audemars-piguet-code-11-59-selfwinding-chronograph-26393or-oo-a002cr-01","simple","Audemars Piguet Code 11.59 Selfwinding Chronograph 26393OR.OO.A002CR.01","1","0","visible","Audemars Piguet Code 11.59 Selfwinding Chronograph 26393OR.01 phiên bản dây da cá sấu là sự lựa chọn chuẩn mực nhất dành cho những nhà sưu tầm yêu thích phong cách Classic Luxury (Sang trọng cổ điển). Khác với phiên bản dây vải hiện đại, việc sử dụng dây da cá sấu đen bóng giúp chiếc đồng hồ này trở thành một món phụ kiện Dress Watch đúng nghĩa, mang lại diện mạo vô cùng quyền lực và trang trọng. Sự kết hợp giữa bộ vỏ Vàng hồng 18k rực rỡ và mặt số Sơn mài đen (Black Lacquer) bóng bẩy như gương tạo nên một sự tương phản tuyệt đối, một vẻ đẹp không bao giờ lỗi mốt trong thế giới đồng hồ xa xỉ.","<p data-path-to-node=""5""><b data-path-to-node=""5"" data-index-in-node=""0""><a href=""https://theempire.vn/danh-muc/audemars-piguet/"">Audemars Piguet</a> Code 11.59 Selfwinding Chronograph 26393OR.01</b> phiên bản dây da cá sấu là sự lựa chọn chuẩn mực nhất dành cho những nhà sưu tầm yêu thích phong cách <b data-path-to-node=""5"" data-index-in-node=""164"">Classic Luxury</b> (Sang trọng cổ điển). Khác với phiên bản dây vải hiện đại, việc sử dụng dây da cá sấu đen bóng giúp chiếc đồng hồ này trở thành một món phụ kiện Dress Watch đúng nghĩa, mang lại diện mạo vô cùng quyền lực và trang trọng. Sự kết hợp giữa bộ vỏ <b data-path-to-node=""5"" data-index-in-node=""422"">Vàng hồng 18k</b> rực rỡ và mặt số <b data-path-to-node=""5"" data-index-in-node=""453"">Sơn mài đen (Black Lacquer)</b> bóng bẩy như gương tạo nên một sự tương phản tuyệt đối, một vẻ đẹp không bao giờ lỗi mốt trong thế giới đồng hồ xa xỉ.</p>
<p data-path-to-node=""6"">Trải nghiệm trên cổ tay là sự tận hưởng cảm giác êm ái của chất liệu da cao cấp phối hợp cùng sự chắc chắn của bộ vỏ vàng khối. Dưới lớp kính sapphire <b data-path-to-node=""6"" data-index-in-node=""151"">vòm kép (Double Curved)</b>, mặt số sơn mài đen hiện lên với độ sâu lý tưởng, làm nổi bật logo Audemars Piguet và các cọc số bằng vàng hồng được đánh bóng gương tỉ mỉ. Đây cũng là nơi phô diễn sức mạnh của bộ máy <b data-path-to-node=""6"" data-index-in-node=""360"">Calibre 4401</b> – cỗ máy Chronograph tích hợp đỉnh cao với tính năng <b data-path-to-node=""6"" data-index-in-node=""426"">Flyback</b>, giúp người đeo thực hiện các phép đo thời gian liên tiếp một cách mượt mà và chính xác. Qua nắp lưng sapphire, quả văng bằng vàng hồng 22k được khoét rỗng tinh xảo cùng các cầu máy hoàn thiện theo tiêu chuẩn Haute Horlogerie sẽ khiến bất kỳ ai cũng phải trầm trồ. 26393OR phiên bản dây da chính là hiện thân của sự thành đạt, một “di sản” hiện đại trên cổ tay các quý ông thượng lưu.</p>","850000000","1","1","AUDEMARS PIGUET, AUDEMARS PIGUET > Code 11:59","https://theempire.vn/wp-content/uploads/2026/01/Audemars-Piguet-Code-11.59-Selfwinding-Chronograph-26393OR.OO_.A002CR.01.png","Thương hiệu","AUDEMARS PIGUET","1","1","Bộ sưu tập","Code 11:59","1","1"
"audemars-piguet-code-11-59-selfwinding-chronograph-26393or-oo-a002kb-01","simple","Audemars Piguet Code 11.59 Selfwinding Chronograph 26393OR.OO.A002KB.01","1","0","visible","Audemars Piguet Code 11.59 Selfwinding Chronograph 26393OR.01 là bản giao hưởng giữa sự sang trọng thuần túy và tinh thần bứt phá của thời đại mới. Đây là mẫu đồng hồ đặt nền móng cho dòng Chronograph hiện đại của AP, sử dụng mặt số Sơn mài đen (Black Lacquer) sâu thẳm với độ bóng hoàn hảo. Sự kết hợp giữa bộ vỏ Vàng hồng 18k ấm áp và nền mặt số đen tuyền tạo nên một diện mạo vô cùng quyền lực, mang tính biểu tượng cao. Việc đi kèm dây đeo vải dệt màu đen thay vì dây da truyền thống là một tuyên ngôn về phong cách ""Sport-Luxury"" – vừa đẳng cấp để xuất hiện tại các buổi tiệc, vừa đủ năng động để đồng hành trong nhịp sống đô thị.","<p data-path-to-node=""5""><b data-path-to-node=""5"" data-index-in-node=""0""><a href=""https://theempire.vn/danh-muc/audemars-piguet/"">Audemars Piguet</a> Code 11.59 Selfwinding Chronograph 26393OR.01</b> là bản giao hưởng giữa sự sang trọng thuần túy và tinh thần bứt phá của thời đại mới. Đây là mẫu đồng hồ đặt nền móng cho dòng Chronograph hiện đại của AP, sử dụng mặt số <b data-path-to-node=""5"" data-index-in-node=""233"">Sơn mài đen (Black Lacquer)</b> sâu thẳm với độ bóng hoàn hảo. Sự kết hợp giữa bộ vỏ <b data-path-to-node=""5"" data-index-in-node=""314"">Vàng hồng 18k</b> ấm áp và nền mặt số đen tuyền tạo nên một diện mạo vô cùng quyền lực, mang tính biểu tượng cao. Việc đi kèm dây đeo vải dệt màu đen thay vì dây da truyền thống là một tuyên ngôn về phong cách “Sport-Luxury” – vừa đẳng cấp để xuất hiện tại các buổi tiệc, vừa đủ năng động để đồng hành trong nhịp sống đô thị.</p>
<p data-path-to-node=""6"">Trải nghiệm trên cổ tay là sự cảm nhận về một cỗ máy bấm giờ đỉnh cao. Chiếc đồng hồ này sở hữu bộ máy <b data-path-to-node=""6"" data-index-in-node=""103"">Calibre 4401</b> – bộ máy Chronograph tích hợp (integrated) đầu tiên của Audemars Piguet, thay thế cho các bộ máy module trước đây. Điểm đắt giá nhất là tính năng <b data-path-to-node=""6"" data-index-in-node=""262"">Flyback</b>, cho phép bạn thiết lập lại kim bấm giờ về số không và bắt đầu một chu kỳ mới chỉ với một lần nhấn nút duy nhất. Dưới lớp kính sapphire <b data-path-to-node=""6"" data-index-in-node=""406"">vòm kép (Double Curved)</b> đặc trưng của dòng Code, mặt số sơn mài đen hiện lên lộng lẫy, làm nổi bật logo AP bằng vàng hồng và các mặt số phụ được sắp xếp cân đối tại góc 3, 6 và 9 giờ. Qua nắp lưng sapphire, bạn có thể chiêm ngưỡng bánh xe cột (column wheel) và quả văng bằng vàng 22k được khoét rỗng tinh xảo, minh chứng cho sự hoàn thiện thủ công bậc thầy của vùng Le Brassus.</p>","970000000","1","1","AUDEMARS PIGUET, AUDEMARS PIGUET > Code 11:59","https://theempire.vn/wp-content/uploads/2026/01/Audemars-Piguet-Code-11.59-Selfwinding-Chronograph-26393OR.OO_.A002KB.01.png","Thương hiệu","AUDEMARS PIGUET","1","1","Bộ sưu tập","Code 11:59","1","1"
"audemars-piguet-code-11-59-selfwinding-chronograph-26393or-oo-a002kb-02","simple","Audemars Piguet Code 11.59 Selfwinding Chronograph 26393OR.OO.A002KB.02","1","0","visible","Audemars Piguet Code 11.59 Selfwinding Chronograph 26393OR là sự kết hợp hoàn hảo giữa vẻ đẹp vương giả của vàng hồng và tinh thần thể thao năng động của thời đại mới. Khác với những phiên bản sử dụng dây da cá sấu cổ điển, mã hiệu .02 này đi kèm với dây vải bọc cao su (rubber-coated strap), tạo nên một diện mạo trẻ trung, khỏe khoắn và cực kỳ phù hợp với những quý ông có lối sống hiện đại, năng động. Mặt số Sơn mài đen (Black Lacquer) bóng bẩy chính là ""sân khấu"" hoàn hảo để các chi tiết bằng vàng hồng tỏa sáng, tạo nên một sự tương phản đầy quyền lực và lôi cuốn.","<p data-path-to-node=""5""><b data-path-to-node=""5"" data-index-in-node=""0""><a href=""https://theempire.vn/danh-muc/audemars-piguet/"">Audemars Piguet</a> Code 11.59 Selfwinding Chronograph 26393OR</b> là sự kết hợp hoàn hảo giữa vẻ đẹp vương giả của vàng hồng và tinh thần thể thao năng động của thời đại mới. Khác với những phiên bản sử dụng dây da cá sấu cổ điển, mã hiệu .02 này đi kèm với <b data-path-to-node=""5"" data-index-in-node=""251"">dây vải bọc cao su (rubber-coated strap)</b>, tạo nên một diện mạo trẻ trung, khỏe khoắn và cực kỳ phù hợp với những quý ông có lối sống hiện đại, năng động. Mặt số <b data-path-to-node=""5"" data-index-in-node=""412"">Sơn mài đen (Black Lacquer)</b> bóng bẩy chính là “sân khấu” hoàn hảo để các chi tiết bằng vàng hồng tỏa sáng, tạo nên một sự tương phản đầy quyền lực và lôi cuốn.</p>
<p data-path-to-node=""6"">Trải nghiệm trên cổ tay là sự làm chủ một trong những bộ máy Chronograph tân tiến nhất thế giới. Trái tim của đồng hồ là <b data-path-to-node=""6"" data-index-in-node=""121"">Calibre 4401</b> – bộ máy Chronograph tích hợp (integrated) đầu tiên của AP, sở hữu tính năng <b data-path-to-node=""6"" data-index-in-node=""211"">Flyback</b> cho phép người đeo bắt đầu một chu kỳ bấm giờ mới chỉ bằng một lần nhấn nút mà không cần dừng lại. Qua nắp lưng sapphire, bạn có thể chiêm ngưỡng trọn vẹn sự vận hành của bánh xe cột (column wheel) và các cầu máy được hoàn thiện tinh xảo. Dưới lớp kính sapphire <b data-path-to-node=""6"" data-index-in-node=""481"">vòm kép (Double Curved)</b>, các mặt số phụ tại góc 3, 6 và 9 giờ hiện lên với độ sắc nét tuyệt đối, đồng thời tạo ra những hiệu ứng quang học thú vị khi xoay cổ tay dưới ánh sáng. Với cấu trúc vỏ đa tầng tinh xảo và phối màu đen – vàng hồng kinh điển, 26393OR là minh chứng cho việc Code 11.59 có thể trở thành một chiếc đồng hồ thể thao sang trọng đỉnh cao mà không cần phải là một chiếc Royal Oak.</p>","970000000","1","1","AUDEMARS PIGUET, AUDEMARS PIGUET > Code 11:59","https://theempire.vn/wp-content/uploads/2026/01/Audemars-Piguet-Code-11.59-Selfwinding-Chronograph-26393OR.OO_.A002KB.02.png","Thương hiệu","AUDEMARS PIGUET","1","1","Bộ sưu tập","Code 11:59","1","1"
"audemars-piguet-code-11-59-selfwinding-chronograph-26393or-oo-a002kb-03","simple","Audemars Piguet Code 11.59 Selfwinding Chronograph 26393OR.OO.A002KB.03","1","0","visible","Audemars Piguet Code 11.59 Selfwinding Chronograph 26393OR là sự kết hợp hoàn hảo giữa vẻ đẹp cổ điển của vàng hồng và tính năng bấm giờ thể thao hiện đại. Điểm nhấn đắt giá nhất trên phiên bản này chính là mặt số màu đen với họa tiết dập nổi (Embossed) thế hệ mới, thay thế cho mặt sơn mài phẳng trước đây. Các đường vân gợn sóng lan tỏa từ tâm không chỉ tạo nên chiều sâu thị giác ấn tượng mà còn giúp các mặt số phụ (sub-dials) bấm giờ trở nên nổi bật và dễ quan sát hơn. Sắc đen sâu thẳm phối cùng ánh vàng hồng ấm áp tạo nên một diện mạo vô cùng nam tính, quyền lực và không bao giờ lỗi mốt.","<p data-path-to-node=""5""><b data-path-to-node=""5"" data-index-in-node=""0""><a href=""https://theempire.vn/danh-muc/audemars-piguet/"">Audemars Piguet</a> Code 11.59 Selfwinding Chronograph 26393OR</b> là sự kết hợp hoàn hảo giữa vẻ đẹp cổ điển của vàng hồng và tính năng bấm giờ thể thao hiện đại. Điểm nhấn đắt giá nhất trên phiên bản này chính là mặt số màu đen với họa tiết dập nổi (Embossed) thế hệ mới, thay thế cho mặt sơn mài phẳng trước đây. Các đường vân gợn sóng lan tỏa từ tâm không chỉ tạo nên chiều sâu thị giác ấn tượng mà còn giúp các mặt số phụ (sub-dials) bấm giờ trở nên nổi bật và dễ quan sát hơn. Sắc đen sâu thẳm phối cùng ánh vàng hồng ấm áp tạo nên một diện mạo vô cùng nam tính, quyền lực và không bao giờ lỗi mốt.</p>
<p data-path-to-node=""6"">Trải nghiệm trên cổ tay là sự tận hưởng một trong những bộ máy Chronograph tốt nhất thế giới hiện nay. Trái tim của 26393OR là <b data-path-to-node=""6"" data-index-in-node=""127"">Calibre 4401</b> – bộ máy bấm giờ tích hợp hoàn toàn (integrated chronograph) đầu tiên của AP, sở hữu cơ chế <b data-path-to-node=""6"" data-index-in-node=""232"">Flyback</b> cho phép bạn bắt đầu một chu kỳ bấm giờ mới chỉ bằng một lần nhấn nút mà không cần dừng lại. Qua nắp lưng sapphire, bạn có thể chiêm ngưỡng bánh xe cột (column wheel) và các cầu máy được vát cạnh thủ công tinh xảo cùng quả văng bằng vàng hồng 22k khoét rỗng. Mặt kính sapphire <b data-path-to-node=""6"" data-index-in-node=""517"">vòm kép (Double Curved)</b> đặc trưng giúp tối ưu hóa khả năng đọc giờ và tạo nên hiệu ứng ánh sáng độc đáo. Đi kèm dây đeo vải dệt phong cách thể thao, 26393OR là mẫu đồng hồ lý tưởng cho những quý ông thành đạt, yêu thích sự đa dụng: đủ sang trọng để diện cùng Suit nhưng cũng đủ mạnh mẽ cho những hoạt động thường ngày.</p>","620000000","1","1","AUDEMARS PIGUET, AUDEMARS PIGUET > Code 11:59","https://theempire.vn/wp-content/uploads/2026/01/Audemars-Piguet-Code-11.59-Selfwinding-Chronograph-26393OR.OO_.A002KB.03.png","Thương hiệu","AUDEMARS PIGUET","1","1","Bộ sưu tập","Code 11:59","1","1"
"audemars-piguet-code-11-59-selfwinding-chronograph-26393or-oo-a002kb-03-2","simple","Audemars Piguet Code 11.59 Selfwinding Chronograph 26393OR.OO.A002KB.03","1","0","visible","Audemars Piguet Code 11.59 Selfwinding Chronograph 26393OR.03 là một phiên bản mang tính bước ngoặt, đánh dấu sự chuyển mình của dòng Code 11.59 từ phong cách sơn mài truyền thống sang một diện mạo mới đầy góc cạnh và hiện đại hơn. Điểm nhấn quan trọng nhất chính là mặt số được chế tác với họa tiết dập nổi (Embossed) với các rãnh đồng tâm li ti tỏa ra từ tâm, tạo nên hiệu ứng thị giác 3D cực kỳ bắt mắt. Với tông màu Đen khói (Smoked Black), mặt số này không chỉ mang lại chiều sâu mà còn giúp các chi tiết bằng vàng hồng tỏa sáng một cách rực rỡ và đầy quyền lực.","<p data-path-to-node=""5""><b data-path-to-node=""5"" data-index-in-node=""0""><a href=""https://theempire.vn/danh-muc/audemars-piguet/"">Audemars Piguet</a> Code 11.59 Selfwinding Chronograph 26393OR.03</b> là một phiên bản mang tính bước ngoặt, đánh dấu sự chuyển mình của dòng Code 11.59 từ phong cách sơn mài truyền thống sang một diện mạo mới đầy góc cạnh và hiện đại hơn. Điểm nhấn quan trọng nhất chính là mặt số được chế tác với <b data-path-to-node=""5"" data-index-in-node=""291"">họa tiết dập nổi (Embossed)</b> với các rãnh đồng tâm li ti tỏa ra từ tâm, tạo nên hiệu ứng thị giác 3D cực kỳ bắt mắt. Với tông màu <b data-path-to-node=""5"" data-index-in-node=""420"">Đen khói (Smoked Black)</b>, mặt số này không chỉ mang lại chiều sâu mà còn giúp các chi tiết bằng vàng hồng tỏa sáng một cách rực rỡ và đầy quyền lực.</p>
<p data-path-to-node=""6"">Trải nghiệm trên cổ tay là sự kết hợp thú vị giữa kỹ nghệ hoàn thiện vàng khối đỉnh cao và tinh thần thể thao của bộ dây vải bọc cao su. Mặt kính sapphire <b data-path-to-node=""6"" data-index-in-node=""155"">vòm kép (Double Curved)</b> không chỉ bảo vệ mặt số mà còn làm nổi bật độ sắc nét của họa tiết dập nổi mới, tạo ra những luồng sáng chạy dọc theo các rãnh đồng tâm mỗi khi bạn di chuyển cổ tay. Bên trong vẫn là bộ máy <b data-path-to-node=""6"" data-index-in-node=""369"">Calibre 4401</b> danh giá – cỗ máy Chronograph tích hợp được AP phát triển riêng cho dòng Code, sở hữu tính năng <b data-path-to-node=""6"" data-index-in-node=""478"">Flyback</b> cho phép thực hiện các phép đo thời gian liên tiếp mà không cần dừng lại. Sự phối hợp giữa sắc vàng hồng ấm áp và mặt số đen có vân nổi mang lại một vẻ đẹp mạnh mẽ, nam tính nhưng vẫn giữ được sự tinh tế cần thiết của một cỗ máy Haute Horlogerie. Đây là lựa chọn hoàn hảo cho những nhà sưu tầm muốn sở hữu một chiếc Code 11.59 mang phong cách năng động, bứt phá hơn so với các phiên bản đời đầu.</p>","620000000","1","1","AUDEMARS PIGUET, AUDEMARS PIGUET > Code 11:59","https://theempire.vn/wp-content/uploads/woocommerce-placeholder.png","Thương hiệu","AUDEMARS PIGUET","1","1","Bộ sưu tập","Code 11:59","1","1"
"audemars-piguet-code-11-59-selfwinding-chronograph-26393or-oo-a027kb-01","simple","Audemars Piguet Code 11.59 Selfwinding Chronograph 26393OR.OO.A027KB.01","1","0","visible","Audemars Piguet Code 11.59 Selfwinding Chronograph 26393OR phiên bản mặt số xanh dương là sự kết hợp hoàn mỹ giữa sắc ấm nồng của Vàng hồng 18k và vẻ đẹp thanh lịch, sâu thẳm của đại dương. Điểm khác biệt lớn nhất giúp mẫu đồng hồ này trở nên trẻ trung và hiện đại hơn chính là việc sử dụng mặt số Sơn mài xanh dương (Blue Lacquer) đi kèm với dây đeo vải bọc cao su đồng màu. Sự thay đổi này không chỉ mang lại cảm giác năng động, thoải mái khi đeo hàng ngày mà còn giúp chiếc đồng hồ thoát khỏi vẻ ngoài quá trang trọng để trở thành một phụ kiện thời thượng cho những quý ông hiện đại.","<p data-path-to-node=""5""><b data-path-to-node=""5"" data-index-in-node=""0""><a href=""https://theempire.vn/danh-muc/audemars-piguet/"">Audemars Piguet</a> Code 11.59 Selfwinding Chronograph 26393OR</b> phiên bản mặt số xanh dương là sự kết hợp hoàn mỹ giữa sắc ấm nồng của <b data-path-to-node=""5"" data-index-in-node=""130"">Vàng hồng 18k</b> và vẻ đẹp thanh lịch, sâu thẳm của đại dương. Điểm khác biệt lớn nhất giúp mẫu đồng hồ này trở nên trẻ trung và hiện đại hơn chính là việc sử dụng mặt số <b data-path-to-node=""5"" data-index-in-node=""298"">Sơn mài xanh dương (Blue Lacquer)</b> đi kèm với <b data-path-to-node=""5"" data-index-in-node=""343"">dây đeo vải bọc cao su</b> đồng màu. Sự thay đổi này không chỉ mang lại cảm giác năng động, thoải mái khi đeo hàng ngày mà còn giúp chiếc đồng hồ thoát khỏi vẻ ngoài quá trang trọng để trở thành một phụ kiện thời thượng cho những quý ông hiện đại.</p>
<p data-path-to-node=""6"">Trải nghiệm trên cổ tay là sự chiêm ngưỡng một mặt số đầy chiều sâu dưới lớp kính sapphire <b data-path-to-node=""6"" data-index-in-node=""91"">vòm kép (Double Curved)</b>. Hiệu ứng sơn mài bóng mượt làm cho sắc xanh dương trở nên sống động, làm nổi bật các mặt số phụ Chronograph và bộ kim bằng vàng hồng rực rỡ. Bên trong là bộ máy <b data-path-to-node=""6"" data-index-in-node=""277"">Calibre 4401</b> – đỉnh cao công nghệ bấm giờ của AP với 70 giờ dự trữ năng lượng và tính năng <b data-path-to-node=""6"" data-index-in-node=""368"">Flyback</b> cho phép đo nhiều khoảng thời gian liên tiếp một cách chính xác tuyệt đối. Qua nắp lưng sapphire, quả văng bằng vàng 22k được khoét rỗng cùng các chi tiết máy hoàn thiện thủ công hiện lên vô cùng lộng lẫy. Với sự kết hợp màu sắc kinh điển giữa Vàng hồng và Xanh dương (Rose gold &amp; Blue), 26393OR là minh chứng cho sự tinh tế và đẳng cấp không bao giờ lỗi mốt, dành riêng cho những nhà sưu tầm yêu thích phong cách Sport-Luxury đích thực.</p>","620000000","1","1","AUDEMARS PIGUET, AUDEMARS PIGUET > Code 11:59","https://theempire.vn/wp-content/uploads/2026/01/Audemars-Piguet-Code-11.59-Selfwinding-Chronograph-26393OR.OO_.A027KB.01-1.png","Thương hiệu","AUDEMARS PIGUET","1","1","Bộ sưu tập","Code 11:59","1","1"
"audemars-piguet-code-11-59-selfwinding-chronograph-26393or-oo-a321cr-01","simple","Audemars Piguet Code 11.59 Selfwinding Chronograph 26393OR.OO.A321CR.01","1","0","visible","Audemars Piguet Code 11.59 Selfwinding Chronograph 26393OR.01 là hiện thân của sự sang trọng chuẩn mực, kết hợp giữa sắc ấm vương giả của Vàng hồng 18k và màu Xanh dương (Blue Lacquer) sâu thẳm. Điểm đắt giá nhất của phiên bản này chính là mặt số sơn mài với hiệu ứng chuyển màu (Smoked), mang lại một chiều sâu nghệ thuật tuyệt vời dưới lớp kính sapphire vòm kép. Sự phối hợp giữa dây da cá sấu xanh dương và vỏ vàng hồng tạo nên một diện mạo lịch lãm, biến chiếc đồng hồ trở thành một món trang sức xa xỉ dành cho những buổi tiệc tối hay các sự kiện quan trọng.","<p data-path-to-node=""5""><b data-path-to-node=""5"" data-index-in-node=""0""><a href=""https://theempire.vn/danh-muc/audemars-piguet/"">Audemars Piguet</a> Code 11.59 Selfwinding Chronograph 26393OR.01</b> là hiện thân của sự sang trọng chuẩn mực, kết hợp giữa sắc ấm vương giả của <b data-path-to-node=""5"" data-index-in-node=""138"">Vàng hồng 18k</b> và màu <b data-path-to-node=""5"" data-index-in-node=""159"">Xanh dương (Blue Lacquer)</b> sâu thẳm. Điểm đắt giá nhất của phiên bản này chính là mặt số sơn mài với hiệu ứng chuyển màu (Smoked), mang lại một chiều sâu nghệ thuật tuyệt vời dưới lớp kính sapphire vòm kép. Sự phối hợp giữa dây da cá sấu xanh dương và vỏ vàng hồng tạo nên một diện mạo lịch lãm, biến chiếc đồng hồ trở thành một món trang sức xa xỉ dành cho những buổi tiệc tối hay các sự kiện quan trọng.</p>
<p data-path-to-node=""6"">Bên trong bộ vỏ đa tầng tinh xảo là bộ máy <b data-path-to-node=""6"" data-index-in-node=""43"">Calibre 4401</b>, cỗ máy Chronograph tích hợp danh giá giúp người đeo trải nghiệm tính năng <b data-path-to-node=""6"" data-index-in-node=""131"">Flyback</b> mượt mà và chính xác. Từng chi tiết từ bộ kim vàng hồng rực rỡ đến quả văng bằng vàng 22k khoét rỗng đều được hoàn thiện thủ công tỉ mỉ, khẳng định vị thế của một siêu phẩm Haute Horlogerie. Với sự kết hợp màu sắc kinh điển nhưng không bao giờ lỗi mốt, 26393OR phiên bản dây da xanh là lựa chọn hoàn hảo cho những nhà sưu tầm tìm kiếm sự giao thoa giữa kỹ nghệ truyền thống và thiết kế đương đại của tương lai.</p>","892500000","1","1","AUDEMARS PIGUET, AUDEMARS PIGUET > Code 11:59","https://theempire.vn/wp-content/uploads/2026/01/Audemars-Piguet-Code-11.59-Selfwinding-Chronograph-26393OR.OO_.A321CR.01.png","Thương hiệu","AUDEMARS PIGUET","1","1","Bộ sưu tập","Code 11:59","1","1"
"audemars-piguet-code-11-59-selfwinding-chronograph-26393qt-oo-a064kb-01","simple","Audemars Piguet Code 11.59 Selfwinding Chronograph 26393QT.OO.A064KB.01","1","0","visible","Audemars Piguet Code 11.59 Selfwinding Chronograph 26393QT là một trong những bước đi táo bạo nhất của AP khi lần đầu tiên đưa chất liệu Thép không gỉ vào bộ sưu tập Code 11.59, kết hợp cùng phần thân giữa bằng Ceramic đen. Sự xuất hiện của thép không chỉ mang lại sự bền bỉ, tính ứng dụng cao mà còn tạo nên một diện mạo trẻ trung, khỏe khoắn hơn hẳn các phiên bản vàng khối. Với tông màu ""Beige"" (nâu cát) chủ đạo, mẫu đồng hồ này mang vẻ đẹp bụi bặm, phong trần nhưng vẫn giữ được sự tinh tế đặc trưng của một cỗ máy Haute Horlogerie.","<p data-path-to-node=""5""><b data-path-to-node=""5"" data-index-in-node=""0""><a href=""https://theempire.vn/danh-muc/audemars-piguet/"">Audemars Piguet</a> Code 11.59 Selfwinding Chronograph 26393QT</b> là một trong những bước đi táo bạo nhất của AP khi lần đầu tiên đưa chất liệu <b data-path-to-node=""5"" data-index-in-node=""137"">Thép không gỉ</b> vào bộ sưu tập Code 11.59, kết hợp cùng phần thân giữa bằng <b data-path-to-node=""5"" data-index-in-node=""211"">Ceramic đen</b>. Sự xuất hiện của thép không chỉ mang lại sự bền bỉ, tính ứng dụng cao mà còn tạo nên một diện mạo trẻ trung, khỏe khoắn hơn hẳn các phiên bản vàng khối. Với tông màu “Beige” (nâu cát) chủ đạo, mẫu đồng hồ này mang vẻ đẹp bụi bặm, phong trần nhưng vẫn giữ được sự tinh tế đặc trưng của một cỗ máy Haute Horlogerie.</p>
<p data-path-to-node=""6"">Trải nghiệm trên cổ tay là sự khám phá về chiều sâu của nghệ thuật tạo hình bề mặt. Mặt số của phiên bản này không còn là sơn mài trơn mà được trang trí bằng <b data-path-to-node=""6"" data-index-in-node=""158"">họa tiết dập nổi (Embossed)</b> với các rãnh đồng tâm li ti, tạo nên hiệu ứng chuyển sáng vô cùng bắt mắt. Tông màu nâu cát chuyển dần sang đen ở rìa mặt số (Smoked Beige) tạo nên một tổng thể hài hòa tuyệt đối với bộ dây vải bọc cao su đồng màu. Bên trong vẫn là bộ máy <b data-path-to-node=""6"" data-index-in-node=""425"">Calibre 4401</b> đẳng cấp với tính năng <b data-path-to-node=""6"" data-index-in-node=""461"">Flyback Chronograph</b>, cho phép thực hiện các phép đo thời gian liên tiếp chỉ với một lần nhấn nút. Dưới lớp kính sapphire vòm kép, sự tương phản giữa thép sáng bóng và gốm đen mờ làm bật lên cấu trúc hình học phức tạp của bộ vỏ. 26393QT chính là tuyên ngôn về sự đổi mới, dành cho những nhà sưu tầm trẻ tuổi, năng động, những người tìm kiếm một chiếc AP vừa sang trọng lại vừa có thể đồng hành trong mọi hoạt động thường nhật.</p>","670000000","1","1","AUDEMARS PIGUET, AUDEMARS PIGUET > Code 11:59","https://theempire.vn/wp-content/uploads/2026/01/Audemars-Piguet-Code-11.59-Selfwinding-Chronograph-26393QT.OO_.A064KB.01.png","Thương hiệu","AUDEMARS PIGUET","1","1","Bộ sưu tập","Code 11:59","1","1"
"audemars-piguet-code-11-59-selfwinding-chronograph-26393st-oo-a056kb-01","simple","Audemars Piguet Code 11.59 Selfwinding Chronograph 26393ST.OO.A056KB.01","1","0","visible","Audemars Piguet Code 11.59 Selfwinding Chronograph 26393ST là bước đi đột phá khi sử dụng chất liệu Thép không gỉ kết hợp cùng tông màu xanh lục (khaki/forest green) đang thống trị xu hướng thế giới. Khác với vẻ vương giả của vàng khối, phiên bản thép mang lại sự bền bỉ, tính ứng dụng cao và vẻ ngoài trẻ trung hơn bao giờ hết. Điểm nhấn thị giác nằm ở mặt số dập nổi (Embossed) với các rãnh đồng tâm tạo hiệu ứng chuyển sáng ảo diệu trên nền màu Smoked Green (xanh lá chuyển sắc), giúp các mặt số phụ và bộ kim bằng vàng trắng trở nên cực kỳ nổi bật dưới lớp kính sapphire vòm kép.","<p data-path-to-node=""5""><b data-path-to-node=""5"" data-index-in-node=""0""><a href=""https://theempire.vn/danh-muc/audemars-piguet/"">Audemars Piguet</a> Code 11.59 Selfwinding Chronograph 26393ST</b> là bước đi đột phá khi sử dụng chất liệu Thép không gỉ kết hợp cùng tông màu xanh lục (khaki/forest green) đang thống trị xu hướng thế giới. Khác với vẻ vương giả của vàng khối, phiên bản thép mang lại sự bền bỉ, tính ứng dụng cao và vẻ ngoài trẻ trung hơn bao giờ hết. Điểm nhấn thị giác nằm ở mặt số dập nổi (Embossed) với các rãnh đồng tâm tạo hiệu ứng chuyển sáng ảo diệu trên nền màu Smoked Green (xanh lá chuyển sắc), giúp các mặt số phụ và bộ kim bằng vàng trắng trở nên cực kỳ nổi bật dưới lớp kính sapphire vòm kép.</p>
<p data-path-to-node=""6"">Trái tim của đồng hồ là bộ máy <b data-path-to-node=""6"" data-index-in-node=""31"">Calibre 4401</b> danh giá với tính năng <b data-path-to-node=""6"" data-index-in-node=""67"">Flyback Chronograph</b>, cho phép đo các vòng giờ liên tiếp một cách mượt mà chỉ với một lần nhấn. Cấu trúc vỏ đa tầng với phần thân giữa hình bát giác được đánh bóng và chải xước xen kẽ tinh xảo, thể hiện rõ trình độ hoàn thiện thủ công bậc thầy của AP. Kết hợp cùng dây đeo vải dệt đồng màu, 26393ST không chỉ là một cỗ máy thời gian mà còn là món phụ kiện phong cách (statement piece) đầy cá tính dành cho những nhà sưu tầm hiện đại, yêu thích sự đổi mới và năng động.</p>","620000000","1","1","AUDEMARS PIGUET, AUDEMARS PIGUET > Code 11:59","https://theempire.vn/wp-content/uploads/2026/01/Audemars-Piguet-Code-11.59-Selfwinding-Chronograph-26393ST.OO_.A056KB.01.png","Thương hiệu","AUDEMARS PIGUET","1","1","Bộ sưu tập","Code 11:59","1","1"
"audemars-piguet-code-11-59-selfwinding-chronograph-26393st-oo-a348kb-01","simple","Audemars Piguet Code 11.59 Selfwinding Chronograph 26393ST.OO.A348KB.01","1","0","visible","Audemars Piguet Code 11.59 Selfwinding Chronograph 26393ST mã hiệu .01 là sự kết hợp hoàn hảo giữa chất liệu Thép không gỉ bền bỉ và sắc xanh dương (Electric Blue) đầy năng lượng. Đây là phiên bản mang tính ứng dụng cao nhất trong dòng Chronograph, rũ bỏ vẻ ngoài trịnh trọng của vàng khối để khoác lên mình diện mạo năng động, sẵn sàng cho mọi hoạt động thường nhật. Mặt số được trang trí bằng họa tiết dập nổi (Embossed) mới với các rãnh đồng tâm li ti, kết hợp cùng hiệu ứng Smoked Blue (xanh dương chuyển sắc) tạo nên một chiều sâu thị giác cực kỳ lôi cuốn dưới lớp kính sapphire vòm kép.","<p data-path-to-node=""5""><b data-path-to-node=""5"" data-index-in-node=""0""><a href=""https://theempire.vn/danh-muc/audemars-piguet/"">Audemars Piguet</a> Code 11.59 Selfwinding Chronograph 26393ST</b> mã hiệu .01 là sự kết hợp hoàn hảo giữa chất liệu Thép không gỉ bền bỉ và sắc xanh dương (Electric Blue) đầy năng lượng. Đây là phiên bản mang tính ứng dụng cao nhất trong dòng Chronograph, rũ bỏ vẻ ngoài trịnh trọng của vàng khối để khoác lên mình diện mạo năng động, sẵn sàng cho mọi hoạt động thường nhật. Mặt số được trang trí bằng <b data-path-to-node=""5"" data-index-in-node=""395"">họa tiết dập nổi (Embossed)</b> mới với các rãnh đồng tâm li ti, kết hợp cùng hiệu ứng Smoked Blue (xanh dương chuyển sắc) tạo nên một chiều sâu thị giác cực kỳ lôi cuốn dưới lớp kính sapphire vòm kép.</p>
<p data-path-to-node=""6"">Trái tim của đồng hồ là bộ máy <b data-path-to-node=""6"" data-index-in-node=""31"">Calibre 4401</b> – cỗ máy Chronograph tích hợp đỉnh cao với tính năng <b data-path-to-node=""6"" data-index-in-node=""97"">Flyback</b>, cho phép người đeo bắt đầu một chu kỳ bấm giờ mới ngay lập tức mà không cần dừng lại. Sự tương phản giữa bộ vỏ thép được chải xước tinh xảo và mặt số xanh rực rỡ mang lại cảm giác hiện đại, mạnh mẽ. Đi kèm dây đeo vải bọc cao su đồng màu, 26393ST phiên bản thép xanh dương không chỉ là một thiết bị đo thời gian chính xác mà còn là biểu tượng của phong cách Sport-Luxury đương đại, dành riêng cho những quý ông tìm kiếm sự bền bỉ và đẳng cấp từ nhà Audemars Piguet.</p>","","1","1","AUDEMARS PIGUET, AUDEMARS PIGUET > Code 11:59","https://theempire.vn/wp-content/uploads/2026/01/Audemars-Piguet-Code-11.59-Selfwinding-Chronograph-26393ST.OO_.A348KB.01-1.png","Thương hiệu","AUDEMARS PIGUET","1","1","Bộ sưu tập","Code 11:59","1","1"
"audemars-piguet-code-11-59-selfwinding-chroonograph-26393or-oo-a028cr-01","simple","Audemars Piguet Code 11.59 Selfwinding Chroonograph 26393OR.OO.A028CR.01","1","0","visible","Audemars Piguet Code 11.59 Selfwinding Chronograph 26393OR phiên bản mặt số xanh dương (Smoked Blue) là một trong những đại diện tiêu biểu nhất cho vẻ đẹp sang trọng và chiều sâu nghệ thuật của dòng Code 11.59. Khác với các phiên bản dập vân hiện đại, mẫu này sở hữu mặt số Sơn mài (Lacquer) với hiệu ứng chuyển màu ""Smoked"" đầy mê hoặc: sắc xanh dương rực rỡ ở tâm và dần trở nên đen thẫm ở rìa mặt số. Sự kết hợp giữa tông xanh hoàng gia và bộ vỏ Vàng hồng 18k tạo nên một bản phối màu kinh điển, vừa ấm áp, vừa lịch lãm, giúp chiếc đồng hồ tỏa sáng rực rỡ trong mọi điều kiện ánh sáng.","<p data-path-to-node=""5""><b data-path-to-node=""5"" data-index-in-node=""0""><a href=""https://theempire.vn/danh-muc/audemars-piguet/"">Audemars Piguet</a> Code 11.59 Selfwinding Chronograph 26393OR</b> phiên bản mặt số xanh dương (Smoked Blue) là một trong những đại diện tiêu biểu nhất cho vẻ đẹp sang trọng và chiều sâu nghệ thuật của dòng Code 11.59. Khác với các phiên bản dập vân hiện đại, mẫu này sở hữu mặt số <b data-path-to-node=""5"" data-index-in-node=""274"">Sơn mài (Lacquer)</b> với hiệu ứng chuyển màu “Smoked” đầy mê hoặc: sắc xanh dương rực rỡ ở tâm và dần trở nên đen thẫm ở rìa mặt số. Sự kết hợp giữa tông xanh hoàng gia và bộ vỏ <b data-path-to-node=""5"" data-index-in-node=""449"">Vàng hồng 18k</b> tạo nên một bản phối màu kinh điển, vừa ấm áp, vừa lịch lãm, giúp chiếc đồng hồ tỏa sáng rực rỡ trong mọi điều kiện ánh sáng.</p>
<p data-path-to-node=""6"">Trải nghiệm trên cổ tay là sự tận hưởng cảm giác vận hành mượt mà của một bộ máy bấm giờ đẳng cấp thế giới. Trái tim của đồng hồ là <b data-path-to-node=""6"" data-index-in-node=""132"">Calibre 4401</b> – bộ máy Chronograph tích hợp “in-house” đầu tiên của AP với cơ chế <b data-path-to-node=""6"" data-index-in-node=""213"">Flyback</b> cực kỳ tiện lợi, cho phép người dùng đặt lại (reset) phép đo thời gian mà không cần phải dừng lại trước đó. Qua lớp kính sapphire <b data-path-to-node=""6"" data-index-in-node=""351"">vòm kép (Double Curved)</b> đặc thù, mặt số sơn mài hiện lên với độ trong suốt tuyệt đối, làm nổi bật các kim và cọc số bằng vàng hồng được đánh bóng tinh xảo. Từ phía sau, bạn có thể chiêm ngưỡng trọn vẹn quả văng bằng vàng 22k được khoét rỗng và các bánh xe cột (column wheel) hoạt động nhịp nhàng. Đi kèm dây da cá sấu xanh dương đồng điệu, 26393OR là sự lựa chọn hoàn hảo cho những quý ông tìm kiếm một chiếc đồng hồ bấm giờ mang phong thái quý tộc và đẳng cấp di sản.</p>","1009500000","1","1","AUDEMARS PIGUET, AUDEMARS PIGUET > Code 11:59","https://theempire.vn/wp-content/uploads/2026/01/Audemars-Piguet-Code-11.59-Selfwinding-Flying-Tourbillon-Chronograph-26399BC.OO_.D321CR.01-2.png","Thương hiệu","AUDEMARS PIGUET","1","1","Bộ sưu tập","Code 11:59","1","1"
"audemars-piguet-code-11-59-selfwinding-flying-tourbillon-26396nb-oo-d002kb-01","simple","Audemars Piguet Code 11.59 Selfwinding Flying Tourbillon 26396NB.OO.D002KB.01","1","0","visible","Audemars Piguet Code 11.59 Flying Tourbillon 26396NB là một tuyệt phẩm của sự tương phản, nơi nghệ thuật tráng men truyền thống hòa quyện cùng vật liệu của tương lai. Điểm khác biệt lớn nhất tạo nên giá trị sưu tầm của phiên bản này chính là mặt số Onyx đen (Black Onyx) kết hợp với kỹ thuật tráng men Grand Feu. Khác với các loại mặt số thông thường, đá Onyx mang lại một sắc đen sâu thẳm, đặc quánh và tĩnh lặng tuyệt đối. Sự kết hợp giữa bộ vỏ Vàng trắng 18k lạnh lùng và phần thân giữa bằng Ceramic đen không chỉ làm nổi bật cấu trúc vỏ đa tầng mà còn mang lại cảm giác cực kỳ hi-tech và sang trọng.","<p data-path-to-node=""5""><b data-path-to-node=""5"" data-index-in-node=""0""><a href=""https://theempire.vn/danh-muc/audemars-piguet/"">Audemars Piguet</a> Code 11.59 Flying Tourbillon 26396NB</b> là một tuyệt phẩm của sự tương phản, nơi nghệ thuật tráng men truyền thống hòa quyện cùng vật liệu của tương lai. Điểm khác biệt lớn nhất tạo nên giá trị sưu tầm của phiên bản này chính là mặt số <b data-path-to-node=""5"" data-index-in-node=""249"">Onyx đen (Black Onyx)</b> kết hợp với kỹ thuật tráng men <b data-path-to-node=""5"" data-index-in-node=""302"">Grand Feu</b>. Khác với các loại mặt số thông thường, đá Onyx mang lại một sắc đen sâu thẳm, đặc quánh và tĩnh lặng tuyệt đối. Sự kết hợp giữa bộ vỏ <b data-path-to-node=""5"" data-index-in-node=""447"">Vàng trắng 18k</b> lạnh lùng và phần thân giữa bằng <b data-path-to-node=""5"" data-index-in-node=""495"">Ceramic đen</b> không chỉ làm nổi bật cấu trúc vỏ đa tầng mà còn mang lại cảm giác cực kỳ hi-tech và sang trọng.</p>
<p data-path-to-node=""6"">Trải nghiệm trên cổ tay là sự chiêm ngưỡng một màn trình diễn cơ khí đầy mê hoặc trên nền “vĩnh cửu”. Tại góc 6 giờ, lồng xoay <b data-path-to-node=""6"" data-index-in-node=""127"">Flying Tourbillon</b> vận hành nhịp nhàng như đang lơ lửng giữa một khoảng không vô tận của đá Onyx đen. Vì không có cầu đỡ phía trên, cơ chế Tourbillon hiện lên trọn vẹn và sống động hơn bao giờ hết. Trái tim của đồng hồ là bộ máy tự động <b data-path-to-node=""6"" data-index-in-node=""363"">Calibre 2950</b>, mang lại sự chính xác tuyệt đối và mức dự trữ năng lượng 65 giờ. Dưới lớp kính sapphire <b data-path-to-node=""6"" data-index-in-node=""465"">vòm kép (Double Curved)</b>, mặt số Onyx đen bóng như gương không hề có bất kỳ cọc số nào (ngoại trừ logo AP và kim bằng vàng trắng), tạo nên một phong cách tối giản nhưng đầy quyền lực. Đi kèm dây đeo vải dệt hiện đại, 26396NB là mẫu đồng hồ dành cho những quý ông yêu thích sự bí ẩn, tinh tế và muốn sở hữu một thực thể nghệ thuật độc bản trên cổ tay.</p>","2900000000","1","1","AUDEMARS PIGUET, AUDEMARS PIGUET > Code 11:59","https://theempire.vn/wp-content/uploads/2026/01/Audemars-Piguet-Code-11.59-Selfwinding-Flying-Tourbillon-26396NB.OO_.D002KB.01.png","Thương hiệu","AUDEMARS PIGUET","1","1","Bộ sưu tập","Code 11:59","1","1"
"audemars-piguet-code-11-59-selfwinding-flying-tourbillon-26396or-oo-d002cr-02","simple","Audemars Piguet Code 11.59 Selfwinding Flying Tourbillon 26396OR.OO.D002CR.02","1","0","visible","Audemars Piguet Code 11.59 Flying Tourbillon 26396OR là sự kết hợp tuyệt mỹ giữa nghệ thuật chế tác mặt số truyền thống và kỹ nghệ Haute Horlogerie đỉnh cao. Điểm nhấn thu hút mọi ánh nhìn chính là mặt số Sơn mài đen (Black Lacquer) được hoàn thiện bóng bẩy, sâu thẳm như một tấm gương đen huyền bí. Trên nền đen thuần khiết đó, các cọc số và bộ kim bằng vàng hồng trở nên nổi bật rực rỡ, tạo nên một sự tương phản đầy quyền lực và quý tộc. Sự phối hợp giữa sắc ấm của Vàng hồng 18k và màu đen cổ điển giúp chiếc đồng hồ này trở thành một trong những phiên bản Code 11.59 mang vẻ đẹp vượt thời gian nhất.","<p data-path-to-node=""5""><b data-path-to-node=""5"" data-index-in-node=""0""><a href=""https://theempire.vn/danh-muc/audemars-piguet/"">Audemars Piguet</a> Code 11.59 Flying Tourbillon 26396OR</b> là sự kết hợp tuyệt mỹ giữa nghệ thuật chế tác mặt số truyền thống và kỹ nghệ Haute Horlogerie đỉnh cao. Điểm nhấn thu hút mọi ánh nhìn chính là mặt số <b data-path-to-node=""5"" data-index-in-node=""205"">Sơn mài đen (Black Lacquer)</b> được hoàn thiện bóng bẩy, sâu thẳm như một tấm gương đen huyền bí. Trên nền đen thuần khiết đó, các cọc số và bộ kim bằng vàng hồng trở nên nổi bật rực rỡ, tạo nên một sự tương phản đầy quyền lực và quý tộc. Sự phối hợp giữa sắc ấm của <b data-path-to-node=""5"" data-index-in-node=""469"">Vàng hồng 18k</b> và màu đen cổ điển giúp chiếc đồng hồ này trở thành một trong những phiên bản Code 11.59 mang vẻ đẹp vượt thời gian nhất.</p>
<p data-path-to-node=""6"">Trải nghiệm trên cổ tay là sự chiêm ngưỡng một màn trình diễn cơ khí đầy mê hoặc tại góc 6 giờ. Tại đây, cỗ máy <b data-path-to-node=""6"" data-index-in-node=""112"">Flying Tourbillon</b> vận hành nhịp nhàng mà hoàn toàn không có cầu đỡ phía trên, tạo cảm giác như lồng Tourbillon đang bay lơ lửng giữa một khoảng không vô tận. Trái tim của đồng hồ là bộ máy tự động <b data-path-to-node=""6"" data-index-in-node=""309"">Calibre 2950</b> – bộ máy đầu tiên của AP kết hợp giữa quả văng trung tâm và cơ chế Tourbillon bay, mang lại mức dự trữ năng lượng lên đến 65 giờ. Mặt kính sapphire <b data-path-to-node=""6"" data-index-in-node=""470"">vòm kép (Double Curved)</b> đặc thù của dòng Code 11.59 đóng vai trò như một thấu kính, làm tăng cường độ sâu của mặt số sơn mài và độ sắc nét của từng chuyển động cơ khí bên trong. Đi kèm dây da cá sấu đen sang trọng, 26396OR là lựa chọn tối thượng cho những quý ông tìm kiếm một chiếc đồng hồ phức tạp nhưng vẫn giữ được phong thái lịch lãm, tinh tế của một doanh nhân thành đạt.</p>","9450000000","1","1","AUDEMARS PIGUET, AUDEMARS PIGUET > Code 11:59","https://theempire.vn/wp-content/uploads/2026/01/Audemars-Piguet-Code-11.59-Selfwinding-Flying-Tourbillon-Chronograph-26399BC.OO_.D321CR.01-1.png","Thương hiệu","AUDEMARS PIGUET","1","1","Bộ sưu tập","Code 11:59","1","1"
"audemars-piguet-code-11-59-selfwinding-flying-tourbillon-chronograph-26396nr-oo-d002kb-01","simple","Audemars Piguet Code 11.59 Selfwinding Flying Tourbillon Chronograph 26396NR.OO.D002KB.01","1","0","visible","Audemars Piguet Code 11.59 Flying Tourbillon 26396NR là một trong những phiên bản đặc biệt và quyến rũ nhất của dòng Code, nơi kỹ nghệ thủ công truyền thống gặp gỡ vật liệu công nghệ cao. Điểm nhấn đáng kinh ngạc nhất chính là mặt số Aventurine đen, tạo hiệu ứng như một bầu trời đêm đầy sao lấp lánh dưới lớp kính sapphire. Sự kết hợp giữa bộ vỏ Vàng hồng 18k sang trọng và phần thân giữa bằng Ceramic đen không chỉ tôn vinh cấu trúc đa tầng phức tạp của dòng Code 11.59 mà còn mang lại vẻ đẹp huyền bí, hiện đại và vô cùng nam tính.","<p data-path-to-node=""5""><b data-path-to-node=""5"" data-index-in-node=""0""><a href=""https://theempire.vn/danh-muc/audemars-piguet/"">Audemars Piguet</a> Code 11.59 Flying Tourbillon 26396NR</b> là một trong những phiên bản đặc biệt và quyến rũ nhất của dòng Code, nơi kỹ nghệ thủ công truyền thống gặp gỡ vật liệu công nghệ cao. Điểm nhấn đáng kinh ngạc nhất chính là mặt số <b data-path-to-node=""5"" data-index-in-node=""234"">Aventurine đen</b>, tạo hiệu ứng như một bầu trời đêm đầy sao lấp lánh dưới lớp kính sapphire. Sự kết hợp giữa bộ vỏ <b data-path-to-node=""5"" data-index-in-node=""347"">Vàng hồng 18k</b> sang trọng và phần thân giữa bằng <b data-path-to-node=""5"" data-index-in-node=""395"">Ceramic đen</b> không chỉ tôn vinh cấu trúc đa tầng phức tạp của dòng Code 11.59 mà còn mang lại vẻ đẹp huyền bí, hiện đại và vô cùng nam tính.</p>
<p data-path-to-node=""6"">Trải nghiệm trên cổ tay là sự chiêm ngưỡng một kỳ quan cơ khí sống động tại góc 6 giờ. Cỗ máy <b data-path-to-node=""6"" data-index-in-node=""94"">Flying Tourbillon</b> được thiết kế lộ cơ hoàn toàn, quay nhịp nhàng giữa “dải ngân hà” Aventurine, tạo nên một cảnh tượng thị giác vô cùng mãn nhãn. Trái tim của đồng hồ là bộ máy tự động <b data-path-to-node=""6"" data-index-in-node=""279"">Calibre 2950</b>, kết hợp hoàn hảo giữa sự tiện dụng của máy tự động và độ chính xác tuyệt đối của Tourbillon. Dưới lớp kính sapphire <b data-path-to-node=""6"" data-index-in-node=""409"">vòm kép (Double Curved)</b>, mặt số Aventurine thay đổi sắc độ liên tục theo ánh sáng, khiến mỗi lần xem giờ là một trải nghiệm nghệ thuật mới mẻ. Đi kèm dây đeo vải dệt màu đen hiện đại, 26396NR là sự lựa chọn tối thượng cho những nhà sưu tầm muốn tìm kiếm một chiếc đồng hồ phức tạp nhưng mang phong thái cá tính, bứt phá và khác biệt hoàn toàn với số đông.</p>","9400000000","1","1","AUDEMARS PIGUET, AUDEMARS PIGUET > Code 11:59","https://theempire.vn/wp-content/uploads/2026/01/Audemars-Piguet-Code-11.59-Selfwinding-Flying-Tourbillon-Chronograph-26396NR.OO_.D002KB.01.png","Thương hiệu","AUDEMARS PIGUET","1","1","Bộ sưu tập","Code 11:59","1","1"
"audemars-piguet-code-11-59-selfwinding-flying-tourbillon-chronograph-26396nr-oo-d002kb-01-2","simple","Audemars Piguet Code 11.59 Selfwinding Flying Tourbillon Chronograph 26396NR.OO.D002KB.01","1","0","visible","Audemars Piguet Code 11.59 Selfwinding Flying Tourbillon 26396NR là một trong những phiên bản đặc biệt và quyến rũ nhất của dòng Code, nơi kỹ nghệ thủ công truyền thống gặp gỡ vật liệu công nghệ cao. Điểm nhấn đáng kinh ngạc nhất chính là mặt số Aventurine đen, tạo hiệu ứng như một bầu trời đêm đầy sao lấp lánh dưới lớp kính sapphire. Sự kết hợp giữa bộ vỏ Vàng hồng 18k sang trọng và phần thân giữa bằng Ceramic đen không chỉ tôn vinh cấu trúc đa tầng phức tạp của dòng Code 11.59 mà còn mang lại vẻ đẹp huyền bí, hiện đại và vô cùng nam tính.","<p data-path-to-node=""5""><b data-path-to-node=""5"" data-index-in-node=""0""><a href=""https://theempire.vn/danh-muc/audemars-piguet/"">Audemars Piguet</a> Code 11.59 Selfwinding Flying Tourbillon 26396NR</b> là một trong những phiên bản đặc biệt và quyến rũ nhất của dòng Code, nơi kỹ nghệ thủ công truyền thống gặp gỡ vật liệu công nghệ cao. Điểm nhấn đáng kinh ngạc nhất chính là mặt số <b data-path-to-node=""5"" data-index-in-node=""246"">Aventurine đen</b>, tạo hiệu ứng như một bầu trời đêm đầy sao lấp lánh dưới lớp kính sapphire. Sự kết hợp giữa bộ vỏ <b data-path-to-node=""5"" data-index-in-node=""359"">Vàng hồng 18k</b> sang trọng và phần thân giữa bằng <b data-path-to-node=""5"" data-index-in-node=""407"">Ceramic đen</b> không chỉ tôn vinh cấu trúc đa tầng phức tạp của dòng Code 11.59 mà còn mang lại vẻ đẹp huyền bí, hiện đại và vô cùng nam tính.</p>
<p data-path-to-node=""6"">Trải nghiệm trên cổ tay là sự chiêm ngưỡng một kỳ quan cơ khí sống động tại góc 6 giờ. Cỗ máy <b data-path-to-node=""6"" data-index-in-node=""94"">Flying Tourbillon</b> được thiết kế lộ cơ hoàn toàn, quay nhịp nhàng giữa “dải ngân hà” Aventurine, tạo nên một cảnh tượng thị giác vô cùng mãn nhãn. Trái tim của đồng hồ là bộ máy tự động <b data-path-to-node=""6"" data-index-in-node=""279"">Calibre 2950</b>, kết hợp hoàn hảo giữa sự tiện dụng của máy tự động và độ chính xác tuyệt đối của Tourbillon. Dưới lớp kính sapphire <b data-path-to-node=""6"" data-index-in-node=""409"">vòm kép (Double Curved)</b>, mặt số Aventurine thay đổi sắc độ liên tục theo ánh sáng, khiến mỗi lần xem giờ là một trải nghiệm nghệ thuật mới mẻ. Đi kèm dây đeo vải dệt màu đen hiện đại, 26396NR là sự lựa chọn tối thượng cho những nhà sưu tầm muốn tìm kiếm một chiếc đồng hồ phức tạp nhưng mang phong thái cá tính, bứt phá và khác biệt hoàn toàn với số đông.</p>","9400000000","1","1","AUDEMARS PIGUET, AUDEMARS PIGUET > Code 11:59","https://theempire.vn/wp-content/uploads/2026/01/Audemars-Piguet-Code-11.59-Selfwinding-Flying-Tourbillon-Chronograph-26396NR.OO_.D002KB.01-1.png","Thương hiệu","AUDEMARS PIGUET","1","1","Bộ sưu tập","Code 11:59","1","1"
"audemars-piguet-code-11-59-selfwinding-flying-tourbillon-chronograph-26399bc-oo-d321cr-01","simple","Audemars Piguet Code 11.59 Selfwinding Flying Tourbillon Chronograph 26399BC.OO.D321CR.01","1","0","visible","Audemars Piguet Code 11.59 Flying Tourbillon Chronograph 26399BC là một trong những đỉnh cao nhất về kỹ thuật cơ khí trong bộ sưu tập Code 11.59. Đây là cỗ máy hiếm hoi kết hợp được hai tính năng phức tạp bậc nhất: Flying Tourbillon (Tourbillon bay) và Flyback Chronograph (Bấm giờ quay đầu) bên trong một thiết kế lộ cơ (openworked) đầy tính nghệ thuật. Bộ vỏ bằng Vàng trắng 18k đóng vai trò như một khung tranh sang trọng, bao bọc lấy một ""thành phố cơ khí"" thu nhỏ với các cầu máy được xử lý màu xanh dương và đen đầy chiều sâu, mang lại cảm giác cực kỳ tương lai và đẳng cấp.","<p data-path-to-node=""5""><b data-path-to-node=""5"" data-index-in-node=""0""><a href=""https://theempire.vn/danh-muc/audemars-piguet/"">Audemars Piguet</a> Code 11.59 Flying Tourbillon Chronograph 26399BC</b> là một trong những đỉnh cao nhất về kỹ thuật cơ khí trong bộ sưu tập Code 11.59. Đây là cỗ máy hiếm hoi kết hợp được hai tính năng phức tạp bậc nhất: <b data-path-to-node=""5"" data-index-in-node=""215"">Flying Tourbillon</b> (Tourbillon bay) và <b data-path-to-node=""5"" data-index-in-node=""253"">Flyback Chronograph</b> (Bấm giờ quay đầu) bên trong một thiết kế lộ cơ (openworked) đầy tính nghệ thuật. Bộ vỏ bằng <b data-path-to-node=""5"" data-index-in-node=""366"">Vàng trắng 18k</b> đóng vai trò như một khung tranh sang trọng, bao bọc lấy một “thành phố cơ khí” thu nhỏ với các cầu máy được xử lý màu xanh dương và đen đầy chiều sâu, mang lại cảm giác cực kỳ tương lai và đẳng cấp.</p>
<p data-path-to-node=""6"">Trải nghiệm trên cổ tay là sự chiêm ngưỡng một màn trình diễn cơ khí không hồi kết. Thiết kế mặt số lộ cơ hoàn toàn giúp người đeo quan sát được nhịp đập của lồng xoay <b data-path-to-node=""6"" data-index-in-node=""168"">Flying Tourbillon</b> tại góc 6 giờ, dường như đang lơ lửng giữa không trung vì không có cầu đỡ phía trên. Hai mặt số phụ của tính năng Chronograph tại góc 3 giờ và 9 giờ được thiết kế tối giản với các vòng nhẫn màu xanh dương, tạo sự cân bằng tuyệt đối cho tổng thể. Trái tim của đồng hồ là bộ máy tự động <b data-path-to-node=""6"" data-index-in-node=""471"">Calibre 2952</b> – một kiệt tác với 479 chi tiết được hoàn thiện thủ công tỉ mỉ đến từng milimet. Với mặt kính sapphire <b data-path-to-node=""6"" data-index-in-node=""587"">vòm kép (Double Curved)</b> đặc thù, mọi chi tiết lộ cơ bên trong đều hiện lên sắc nét và sống động như một tác phẩm điêu khắc 3D. Đây là mẫu đồng hồ dành cho những nhà sưu tầm muốn sở hữu tinh hoa công nghệ của Audemars Piguet bên trong một diện mạo lịch lãm và đầy chiều sâu nghệ thuật.</p>","6155000000","1","1","AUDEMARS PIGUET, AUDEMARS PIGUET > Code 11:59","https://theempire.vn/wp-content/uploads/2026/01/Audemars-Piguet-Code-11.59-Selfwinding-Flying-Tourbillon-Chronograph-26399BC.OO_.D321CR.01.png","Thương hiệu","AUDEMARS PIGUET","1","1","Bộ sưu tập","Code 11:59","1","1"
"audemars-piguet-code-11-59-selfwinding-flying-tourbillon-chronograph-26399nr-oo-d002kb-01","simple","Audemars Piguet Code 11.59 Selfwinding Flying Tourbillon Chronograph 26399NR.OO.D002KB.01","1","0","visible","Audemars Piguet Code 11.59 Flying Tourbillon Chronograph 26399NR là một đỉnh cao kiến trúc cơ khí, nơi sự ấm áp của Vàng hồng 18k giao thoa hoàn hảo với vẻ sắc lạnh, hiện đại của Ceramic đen. Đây là phiên bản phức tạp bậc nhất trong dòng Code 11.59, phô diễn trọn vẹn sự tinh xảo thông qua thiết kế lộ cơ (openworked) hai tông màu cực kỳ ấn tượng. Việc sử dụng gốm đen cho phần thân giữa hình bát giác không chỉ làm nổi bật cấu trúc vỏ đa tầng đặc trưng mà còn tạo nên một diện mạo mạnh mẽ, mang hơi hướng ""Hyper-watch"" dành cho những quý ông đam mê kỹ thuật thượng thừa.","<p data-path-to-node=""5""><b data-path-to-node=""5"" data-index-in-node=""0""><a href=""https://theempire.vn/danh-muc/audemars-piguet/"">Audemars Piguet</a> Code 11.59 Flying Tourbillon Chronograph 26399NR</b> là một đỉnh cao kiến trúc cơ khí, nơi sự ấm áp của <b data-path-to-node=""5"" data-index-in-node=""116"">Vàng hồng 18k</b> giao thoa hoàn hảo với vẻ sắc lạnh, hiện đại của <b data-path-to-node=""5"" data-index-in-node=""179"">Ceramic đen</b>. Đây là phiên bản phức tạp bậc nhất trong dòng Code 11.59, phô diễn trọn vẹn sự tinh xảo thông qua thiết kế lộ cơ (openworked) hai tông màu cực kỳ ấn tượng. Việc sử dụng gốm đen cho phần thân giữa hình bát giác không chỉ làm nổi bật cấu trúc vỏ đa tầng đặc trưng mà còn tạo nên một diện mạo mạnh mẽ, mang hơi hướng “Hyper-watch” dành cho những quý ông đam mê kỹ thuật thượng thừa.</p>
<p data-path-to-node=""6"">Trải nghiệm trên cổ tay là sự chìm đắm trong một không gian cơ khí 3D đầy mê hoặc. Mặt số lộ cơ cho phép bạn quan sát từng chi tiết nhỏ nhất của bộ máy <b data-path-to-node=""6"" data-index-in-node=""152"">Calibre 2952</b>, với các cầu máy được xử lý mạ galvanic màu đen và vàng hồng, tạo nên sự tương phản thị giác tuyệt vời. Tại góc 6 giờ, lồng xoay <b data-path-to-node=""6"" data-index-in-node=""294"">Flying Tourbillon</b> vận hành như một trái tim đang đập, trong khi hai mặt số phụ Chronograph tại góc 3 giờ và 9 giờ được khoét rỗng tinh tế, đảm bảo tính thẩm mỹ xuyên thấu toàn diện. Tính năng <b data-path-to-node=""6"" data-index-in-node=""486"">Flyback Chronograph</b> cho phép người đeo đo các khoảng thời gian liên tiếp một cách mượt mà và chính xác. Với mặt kính sapphire <b data-path-to-node=""6"" data-index-in-node=""612"">vòm kép (Double Curved)</b>, chiếc đồng hồ không chỉ là một cỗ máy thời gian mà là một tác phẩm điêu khắc đương đại, khẳng định vị thế dẫn đầu của Audemars Piguet trong kỷ nguyên mới của Haute Horlogerie.</p>","5900000000","1","1","AUDEMARS PIGUET, AUDEMARS PIGUET > Code 11:59","https://theempire.vn/wp-content/uploads/2026/01/Audemars-Piguet-Code-11.59-Selfwinding-Flying-Tourbillon-Chronograph-26399NR.OO_.D002KB.01.png","Thương hiệu","AUDEMARS PIGUET","1","1","Bộ sưu tập","Code 11:59","1","1"
"audemars-piguet-code-11-59-selfwinding-flying-tourbillon-chronograph-26399nr-oo-d002kb-01-2","simple","Audemars Piguet Code 11.59 Selfwinding Flying Tourbillon Chronograph 26399NR.OO.D002KB.01","1","0","visible","Audemars Piguet Code 11.59 Flying Tourbillon Chronograph 26399NR là một đỉnh cao kiến trúc cơ khí, nơi sự ấm áp của Vàng hồng 18k giao thoa hoàn hảo với vẻ sắc lạnh, hiện đại của Ceramic đen. Đây là phiên bản phức tạp bậc nhất trong dòng Code 11.59, phô diễn trọn vẹn sự tinh xảo thông qua thiết kế lộ cơ (openworked) hai tông màu cực kỳ ấn tượng. Việc sử dụng gốm đen cho phần thân giữa hình bát giác không chỉ làm nổi bật cấu trúc vỏ đa tầng đặc trưng mà còn tạo nên một diện mạo mạnh mẽ, mang hơi hướng ""Hyper-watch"" dành cho những quý ông đam mê kỹ thuật thượng thừa.","<p data-path-to-node=""5""><b data-path-to-node=""5"" data-index-in-node=""0""><a href=""https://theempire.vn/danh-muc/audemars-piguet/"">Audemars Piguet</a> Code 11.59 Flying Tourbillon Chronograph 26399NR</b> là một đỉnh cao kiến trúc cơ khí, nơi sự ấm áp của <b data-path-to-node=""5"" data-index-in-node=""116"">Vàng hồng 18k</b> giao thoa hoàn hảo với vẻ sắc lạnh, hiện đại của <b data-path-to-node=""5"" data-index-in-node=""179"">Ceramic đen</b>. Đây là phiên bản phức tạp bậc nhất trong dòng Code 11.59, phô diễn trọn vẹn sự tinh xảo thông qua thiết kế lộ cơ (openworked) hai tông màu cực kỳ ấn tượng. Việc sử dụng gốm đen cho phần thân giữa hình bát giác không chỉ làm nổi bật cấu trúc vỏ đa tầng đặc trưng mà còn tạo nên một diện mạo mạnh mẽ, mang hơi hướng “Hyper-watch” dành cho những quý ông đam mê kỹ thuật thượng thừa.</p>
<p data-path-to-node=""6"">Trải nghiệm trên cổ tay là sự chìm đắm trong một không gian cơ khí 3D đầy mê hoặc. Mặt số lộ cơ cho phép bạn quan sát từng chi tiết nhỏ nhất của bộ máy <b data-path-to-node=""6"" data-index-in-node=""152"">Calibre 2952</b>, với các cầu máy được xử lý mạ galvanic màu đen và vàng hồng, tạo nên sự tương phản thị giác tuyệt vời. Tại góc 6 giờ, lồng xoay <b data-path-to-node=""6"" data-index-in-node=""294"">Flying Tourbillon</b> vận hành như một trái tim đang đập, trong khi hai mặt số phụ Chronograph tại góc 3 giờ và 9 giờ được khoét rỗng tinh tế, đảm bảo tính thẩm mỹ xuyên thấu toàn diện. Tính năng <b data-path-to-node=""6"" data-index-in-node=""486"">Flyback Chronograph</b> cho phép người đeo đo các khoảng thời gian liên tiếp một cách mượt mà và chính xác. Với mặt kính sapphire <b data-path-to-node=""6"" data-index-in-node=""612"">vòm kép (Double Curved)</b>, chiếc đồng hồ không chỉ là một cỗ máy thời gian mà là một tác phẩm điêu khắc đương đại, khẳng định vị thế dẫn đầu của Audemars Piguet trong kỷ nguyên mới của Haute Horlogerie.</p>","5900000000","1","1","AUDEMARS PIGUET, AUDEMARS PIGUET > Code 11:59","https://theempire.vn/wp-content/uploads/2026/01/Audemars-Piguet-Code-11.59-Selfwinding-Flying-Tourbillon-Chronograph-26399NR.OO_.D002KB.01-1.png","Thương hiệu","AUDEMARS PIGUET","1","1","Bộ sưu tập","Code 11:59","1","1"
"audemars-piguet-code-11-59-selfwinding-limited-edition-15210bc-oo-a002kb-02","simple","Audemars Piguet Code 11.59 Selfwinding Limited Edition 15210BC.OO.A002KB.02","1","0","visible","Audemars Piguet Code 11.59 Selfwinding Limited Edition 15210BC là một phiên bản giới hạn (chỉ 100 chiếc trên toàn thế giới) mang đậm hơi thở hiện đại và cá tính mạnh mẽ. Điểm khác biệt lớn nhất tạo nên giá trị sưu tầm cho mẫu này chính là sự kết hợp giữa bộ vỏ Vàng trắng 18k sang trọng và mặt số Sơn mài màu đen-xám (Smoked grey) với kết cấu bề mặt được hoàn thiện vân tia mặt trời (sunburst). Khác với các bản sơn mài trơn, phiên bản này mang lại cảm giác năng động, trẻ trung hơn, đặc biệt khi đi cùng bộ dây vải bọc cao su bền bỉ, giúp chiếc đồng hồ thoát khỏi cái mác ""Dress Watch"" truyền thống để trở thành một phụ kiện thời thượng cho nhịp sống đô thị.","<p data-path-to-node=""5""><b data-path-to-node=""5"" data-index-in-node=""0""><a href=""https://theempire.vn/danh-muc/audemars-piguet/"">Audemars Piguet</a> Code 11.59 Selfwinding Limited Edition 15210BC</b> là một phiên bản giới hạn (chỉ 100 chiếc trên toàn thế giới) mang đậm hơi thở hiện đại và cá tính mạnh mẽ. Điểm khác biệt lớn nhất tạo nên giá trị sưu tầm cho mẫu này chính là sự kết hợp giữa bộ vỏ <b data-path-to-node=""5"" data-index-in-node=""261"">Vàng trắng 18k</b> sang trọng và mặt số <b data-path-to-node=""5"" data-index-in-node=""297"">Sơn mài màu đen-xám (Smoked grey)</b> với kết cấu bề mặt được hoàn thiện vân tia mặt trời (sunburst). Khác với các bản sơn mài trơn, phiên bản này mang lại cảm giác năng động, trẻ trung hơn, đặc biệt khi đi cùng bộ dây vải bọc cao su bền bỉ, giúp chiếc đồng hồ thoát khỏi cái mác “Dress Watch” truyền thống để trở thành một phụ kiện thời thượng cho nhịp sống đô thị.</p>
<p data-path-to-node=""6"">Trải nghiệm trên cổ tay là sự cảm nhận về cấu trúc đa tầng đặc trưng của dòng Code 11.59 dưới một góc nhìn đậm chất thể thao. Mặt kính sapphire <b data-path-to-node=""6"" data-index-in-node=""144"">vòm kép (Double Curved)</b> phô diễn trọn vẹn sự chuyển sắc của mặt số từ xám bạc ở tâm sang đen tuyền ở phần viền, làm nổi bật bộ kim và cọc số bằng vàng trắng. Trái tim của đồng hồ vẫn là cỗ máy tự động <b data-path-to-node=""6"" data-index-in-node=""345"">Calibre 4302</b> – một “con ngựa chiến” của AP với khả năng dự trữ năng lượng 70 giờ và độ chính xác cực cao. Quả văng bằng vàng 22k được khoét rỗng tinh xảo, có thể quan sát qua nắp lưng sapphire, khẳng định rằng dù mang diện mạo thể thao, chiếc đồng hồ vẫn giữ trọn linh hồn của nghệ thuật Haute Horlogerie. Với số lượng giới hạn và phong cách phối màu tối giản nhưng sắc sảo, 15210BC là lựa chọn cho những nhà sưu tầm muốn tìm kiếm sự độc bản và khác biệt hoàn toàn với số đông.</p>","856000000","1","1","AUDEMARS PIGUET, AUDEMARS PIGUET > Code 11:59","https://theempire.vn/wp-content/uploads/2026/01/Audemars-Piguet-Code-11.59-Selfwinding-Limited-Edition-15210BC.OO_.A002KB.02.png","Thương hiệu","AUDEMARS PIGUET","1","1","Bộ sưu tập","Code 11:59","1","1"
"audemars-piguet-code-11-59-selfwinding-limited-edition-15210bc-oo-a021cr-01","simple","Audemars Piguet Code 11.59 Selfwinding Limited Edition 15210BC.OO.A021CR.01","1","0","visible","Audemars Piguet Code 11.59 Selfwinding Limited Edition 15210BC là một phiên bản giới hạn đầy tinh tế, mang trong mình vẻ đẹp thanh khiết và sang trọng tuyệt đối của vàng trắng kết hợp cùng mặt số xanh sơn mài. Khác với những phiên bản dập vân hiện đại, mẫu Limited này giữ vững tinh thần ""Quiet Luxury"" đời đầu với mặt số Sơn mài (Lacquer) xanh dương được hoàn thiện bóng bẩy như gương. Độ sâu của sắc xanh kết hợp cùng hiệu ứng chuyển màu từ nhạt ở tâm sang đậm dần ở rìa (Smoked Blue) tạo nên một sức hút khó cưỡng, biến chiếc đồng hồ thành một đại dương thu nhỏ dưới lớp kính sapphire vòm.","<p data-path-to-node=""5""><b data-path-to-node=""5"" data-index-in-node=""0""><a href=""https://theempire.vn/danh-muc/audemars-piguet/"">Audemars Piguet</a> Code 11.59 Selfwinding Limited Edition 15210BC</b> là một phiên bản giới hạn đầy tinh tế, mang trong mình vẻ đẹp thanh khiết và sang trọng tuyệt đối của vàng trắng kết hợp cùng mặt số xanh sơn mài. Khác với những phiên bản dập vân hiện đại, mẫu Limited này giữ vững tinh thần “Quiet Luxury” đời đầu với mặt số <b data-path-to-node=""5"" data-index-in-node=""322"">Sơn mài (Lacquer)</b> xanh dương được hoàn thiện bóng bẩy như gương. Độ sâu của sắc xanh kết hợp cùng hiệu ứng chuyển màu từ nhạt ở tâm sang đậm dần ở rìa (Smoked Blue) tạo nên một sức hút khó cưỡng, biến chiếc đồng hồ thành một đại dương thu nhỏ dưới lớp kính sapphire vòm.</p>
<p data-path-to-node=""6"">Trải nghiệm trên cổ tay là sự cảm nhận về một cấu trúc vỏ đầy tính kiến trúc của tương lai. Bộ vỏ bằng <b data-path-to-node=""6"" data-index-in-node=""103"">Vàng trắng 18k</b> của Code 11.59 được hoàn thiện xen kẽ giữa các bề mặt chải xước satin và đánh bóng gương, làm nổi bật phần thân giữa hình bát giác – một chi tiết “ẩn mình” đầy thú vị. Mặt kính sapphire <b data-path-to-node=""6"" data-index-in-node=""304"">vòm kép (Double Curved)</b> không chỉ bảo vệ mà còn tạo ra những hiệu ứng thị giác đặc biệt: ở một số góc nhìn, mặt số dường như phẳng lặng, nhưng chỉ cần nghiêng nhẹ, những đường cong của kính sẽ tạo nên những gợn sóng ánh sáng tuyệt đẹp. Trái tim của đồng hồ là bộ máy <b data-path-to-node=""6"" data-index-in-node=""571"">Calibre 4302</b> mạnh mẽ, mang lại sự chính xác tuyệt đối và khả năng dự trữ năng lượng lên đến 70 giờ. Với số lượng sản xuất giới hạn, đây là món phụ kiện dành cho những nhà sưu tầm yêu thích sự tối giản nhưng đẳng cấp, không cần phô trương nhưng vẫn khẳng định được vị thế thượng lưu.</p>","856000000","1","1","AUDEMARS PIGUET, AUDEMARS PIGUET > Code 11:59","https://theempire.vn/wp-content/uploads/2026/01/Audemars-Piguet-Code-11.59-Selfwinding-Limited-Edition-15210BC.OO_.A021CR.01.png","Thương hiệu","AUDEMARS PIGUET","1","1","Bộ sưu tập","Code 11:59","1","1"
"audemars-piguet-code-11-59-selfwinding-starwheel-15212nb-oo-a002kb-01","simple","Audemars Piguet Code 11.59 Selfwinding Starwheel 15212NB.OO.A002KB.01","1","0","visible","Audemars Piguet Code 11.59 Selfwinding Starwheel 15212NB là sự hồi sinh đầy ngoạn mục của cơ chế hiển thị giờ ""Wandering Hours"" (giờ du hành) huyền thoại từ thập niên 91. Điểm đắt giá nhất của phiên bản này chính là mặt số được chế tác từ đá Aventurine xanh dương, tạo nên một bầu trời đêm lấp lánh như hàng triệu vì sao. Trên nền đá quý đó, ba đĩa nhôm quay quanh trục trung tâm, mỗi đĩa mang 4 chữ số chỉ giờ, luân phiên lướt qua thang đo phút ở góc 12 giờ. Sự kết hợp giữa bộ vỏ Vàng trắng và Ceramic đen không chỉ làm tăng tính hiện đại mà còn biến chiếc đồng hồ thành một tác phẩm thiên văn học đầy mê hoặc.","<p data-path-to-node=""5""><b data-path-to-node=""5"" data-index-in-node=""0""><a href=""https://theempire.vn/danh-muc/audemars-piguet/"">Audemars Piguet</a> Code 11.59 Selfwinding Starwheel 15212NB</b> là sự hồi sinh đầy ngoạn mục của cơ chế hiển thị giờ “Wandering Hours” (giờ du hành) huyền thoại từ thập niên 91. Điểm đắt giá nhất của phiên bản này chính là mặt số được chế tác từ đá <b data-path-to-node=""5"" data-index-in-node=""242"">Aventurine xanh dương</b>, tạo nên một bầu trời đêm lấp lánh như hàng triệu vì sao. Trên nền đá quý đó, ba đĩa nhôm quay quanh trục trung tâm, mỗi đĩa mang 4 chữ số chỉ giờ, luân phiên lướt qua thang đo phút ở góc 12 giờ. Sự kết hợp giữa bộ vỏ Vàng trắng và Ceramic đen không chỉ làm tăng tính hiện đại mà còn biến chiếc đồng hồ thành một tác phẩm thiên văn học đầy mê hoặc.</p>
<p data-path-to-node=""6"">Trải nghiệm trên cổ tay là sự tận hưởng cách xem giờ độc bản, nơi thời gian không còn được hiển thị bằng kim truyền thống mà bằng sự vận động không ngừng của các “vì sao”. Trái tim của đồng hồ là bộ máy <b data-path-to-node=""6"" data-index-in-node=""203"">Calibre 4310</b>, được phát triển dựa trên nền tảng máy 4302 danh giá nhưng được tích hợp module hiển thị giờ du hành vô cùng phức tạp. Dưới lớp kính sapphire vòm kép, hiệu ứng chiều sâu của đá Aventurine kết hợp cùng các đĩa giờ xoay tròn tạo nên một trải nghiệm thị giác sống động và khác biệt hoàn toàn. Đi kèm dây đeo vải dệt màu đen, Starwheel 15212NB là sự lựa chọn hoàn hảo cho những nhà sưu tầm khao khát sự độc đáo, muốn mang cả vũ trụ bao la lên cổ tay mình.</p>","930000000","1","1","AUDEMARS PIGUET, AUDEMARS PIGUET > Code 11:59","https://theempire.vn/wp-content/uploads/2026/01/Audemars-Piguet-Code-11.59-Selfwinding-Starwheel-15212NB.OO_.A002KB.01.png","Thương hiệu","AUDEMARS PIGUET","1","1","Bộ sưu tập","Code 11:59","1","1"
"audemars-piguet-code-11-59-tourbillon-openworked-26600nb-oo-d346kb-01","simple","Audemars Piguet Code 11.59 Tourbillon Openworked 26600NB.OO.D346KB.01","1","0","visible","Audemars Piguet Code 11.59 Tourbillon Openworked 26600NB là một trong những kiệt tác phô diễn trình độ khoét rỗng (skeleton) thượng thừa của AP, kết hợp với vật liệu công nghệ cao. Sự tương phản giữa vành bezel bằng Vàng trắng 18k và phần thân giữa bằng Ceramic đen làm nổi bật cấu trúc vỏ đa tầng phức tạp. Điểm nhấn thực sự nằm ở bộ máy lộ cơ được hoàn thiện với các cầu máy màu xanh dương (Blue ALD), tạo nên một ""mê cung"" cơ khí đa sắc độ và có chiều sâu hun hút, khiến bất kỳ ai cũng phải ngỡ ngàng khi nhìn qua lớp kính sapphire vòm kép.","<p data-path-to-node=""5""><b data-path-to-node=""5"" data-index-in-node=""0""><a href=""https://theempire.vn/danh-muc/audemars-piguet/"">Audemars Piguet</a> Code 11.59 Tourbillon Openworked 26600NB</b> là một trong những kiệt tác phô diễn trình độ khoét rỗng (skeleton) thượng thừa của AP, kết hợp với vật liệu công nghệ cao. Sự tương phản giữa vành bezel bằng <b data-path-to-node=""5"" data-index-in-node=""216"">Vàng trắng 18k</b> và phần thân giữa bằng <b data-path-to-node=""5"" data-index-in-node=""254"">Ceramic đen</b> làm nổi bật cấu trúc vỏ đa tầng phức tạp. Điểm nhấn thực sự nằm ở bộ máy lộ cơ được hoàn thiện với các cầu máy màu xanh dương (Blue ALD), tạo nên một “mê cung” cơ khí đa sắc độ và có chiều sâu hun hút, khiến bất kỳ ai cũng phải ngỡ ngàng khi nhìn qua lớp kính sapphire vòm kép.</p>
<p data-path-to-node=""6"">Trải nghiệm trên cổ tay là sự tận hưởng nhịp đập của cỗ máy lên cót tay <b data-path-to-node=""6"" data-index-in-node=""72"">Calibre 2948</b> vô cùng mỏng manh nhưng đầy sức mạnh. Lồng <b data-path-to-node=""6"" data-index-in-node=""128"">Flying Tourbillon</b> tại góc 6 giờ xoay tròn không mệt mỏi, như đang trôi lơ lửng giữa những nhịp cầu màu xanh và các bánh răng bằng vàng. Từng chi tiết nhỏ nhất đều được đánh bóng thủ công với những góc vát (beveling) sắc sảo, tạo nên hiệu ứng bắt sáng rực rỡ. Đi kèm dây đeo vải bọc cao su màu xanh đồng điệu, chiếc đồng hồ này không chỉ là một thiết bị đo thời gian mà còn là một tác phẩm điêu khắc nghệ thuật đương đại, dành cho những nhà sưu tầm muốn chiếm lĩnh đỉnh cao của sự tinh xảo và phong cách khác biệt.</p>","7400000000","1","1","AUDEMARS PIGUET, AUDEMARS PIGUET > Code 11:59","https://theempire.vn/wp-content/uploads/2026/01/Audemars-Piguet-Code-11.59-Tourbillon-Openworked-26600NB.OO_.D346KB.01.png","Thương hiệu","AUDEMARS PIGUET","1","1","Bộ sưu tập","Code 11:59","1","1"
"audemars-piguet-code-11-59-tourbillon-openworked-26600or-oo-d002cr-01","simple","Audemars Piguet Code 11.59 Tourbillon Openworked 26600OR.OO.D002CR.01","1","0","visible","Audemars Piguet Code 11.59 Tourbillon Openworked 26600OR là một bản giao hưởng giữa nghệ thuật điêu khắc cơ khí và cấu trúc vỏ hiện đại. Đây là mẫu đồng hồ đưa khái niệm ""Openworked"" (lộ cơ) lên một tầm cao mới, nơi mỗi chi tiết của bộ máy đều được tính toán để trở thành một phần của thiết kế thẩm mỹ. Bộ vỏ bằng Vàng hồng 18k với sự đan xen giữa các bề mặt chải xước và đánh bóng gương làm nổi bật phần thân giữa hình bát giác, tạo nên một cái nhìn đa chiều, sang trọng nhưng không kém phần mạnh mẽ.","<p data-path-to-node=""5""><b data-path-to-node=""5"" data-index-in-node=""0""><a href=""https://theempire.vn/danh-muc/audemars-piguet/"">Audemars Piguet</a> Code 11.59 Tourbillon Openworked 26600OR</b> là một bản giao hưởng giữa nghệ thuật điêu khắc cơ khí và cấu trúc vỏ hiện đại. Đây là mẫu đồng hồ đưa khái niệm “Openworked” (lộ cơ) lên một tầm cao mới, nơi mỗi chi tiết của bộ máy đều được tính toán để trở thành một phần của thiết kế thẩm mỹ. Bộ vỏ bằng <b data-path-to-node=""5"" data-index-in-node=""314"">Vàng hồng 18k</b> với sự đan xen giữa các bề mặt chải xước và đánh bóng gương làm nổi bật phần thân giữa hình bát giác, tạo nên một cái nhìn đa chiều, sang trọng nhưng không kém phần mạnh mẽ.</p>
<p data-path-to-node=""6"">Trải nghiệm trên cổ tay là sự chiêm ngưỡng một “mạng lưới” cơ khí tinh xảo đến kinh ngạc. Bộ máy lên cót tay <b data-path-to-node=""6"" data-index-in-node=""109"">Calibre 2948</b> được khoét rỗng hoàn toàn, phô diễn các cầu máy được xử lý mạ Galvanic màu xám đậm (slate grey), tạo sự tương phản tuyệt đẹp với bánh răng màu vàng và lồng xoay <b data-path-to-node=""6"" data-index-in-node=""283"">Tourbillon</b> tại góc 6 giờ. Điểm đắt giá nhất nằm ở kỹ thuật hoàn thiện thủ công: có tới hơn 70 góc nhọn bên trong được các nghệ nhân vát cạnh (anglage) bằng tay – một công việc đòi hỏi sự kiên nhẫn và trình độ bậc thầy mà máy móc không thể thay thế. Dưới lớp kính sapphire <b data-path-to-node=""6"" data-index-in-node=""555"">vòm kép (Double Curved)</b>, bộ máy lộ cơ hiện lên sống động như một kiến trúc 3D lơ lửng, biến chiếc đồng hồ thành một tác phẩm nghệ thuật đương đại dành cho những nhà sưu tầm khao khát vẻ đẹp cơ khí thuần túy và đẳng cấp Haute Horlogerie đích thực.</p>","4102400000","1","1","AUDEMARS PIGUET, AUDEMARS PIGUET > Code 11:59","https://theempire.vn/wp-content/uploads/2026/01/Audemars-Piguet-Code-11.59-Tourbillon-Openworked-26600OR.OO_.D002CR.01.png","Thương hiệu","AUDEMARS PIGUET","1","1","Bộ sưu tập","Code 11:59","1","1"
"audemars-piguet-code-11-59-ultra-complication-universelle-rd4-26398bc-oo-d002cr-04","simple","Audemars Piguet Code 11.59 Ultra-Complication Universelle (RD#4) 26398BC.OO.D002CR.04","1","0","visible","Audemars Piguet Code 11.59 Ultra-Complication Universelle (RD#4) không chỉ là một chiếc đồng hồ, mà là cỗ máy đeo tay phức tạp nhất mà AP từng chế tác trong lịch sử. Đây là thành quả của 7 năm nghiên cứu và phát triển, tích hợp tới 40 chức năng, trong đó có 23 tính năng phức tạp (complications). Với phiên bản mặt số đen lộ cơ (openworked) này, vẻ đẹp của sự siêu phức tạp được phô diễn một cách trần trụi và đầy quyền năng. Toàn bộ kiến trúc của bộ máy Calibre 1000 hiện lên như một thành phố cơ khí tương lai, nơi mọi bánh răng và cầu máy đều được hoàn thiện ở cấp độ cao nhất của Haute Horlogerie.","<p data-path-to-node=""5""><b data-path-to-node=""5"" data-index-in-node=""0""><a href=""https://theempire.vn/danh-muc/audemars-piguet/"">Audemars Piguet</a> Code 11.59 Ultra-Complication Universelle (RD#4)</b> không chỉ là một chiếc đồng hồ, mà là cỗ máy đeo tay phức tạp nhất mà AP từng chế tác trong lịch sử. Đây là thành quả của 7 năm nghiên cứu và phát triển, tích hợp tới <b data-path-to-node=""5"" data-index-in-node=""232"">40 chức năng</b>, trong đó có <b data-path-to-node=""5"" data-index-in-node=""258"">23 tính năng phức tạp (complications)</b>. Với phiên bản mặt số đen lộ cơ (openworked) này, vẻ đẹp của sự siêu phức tạp được phô diễn một cách trần trụi và đầy quyền năng. Toàn bộ kiến trúc của bộ máy Calibre 1000 hiện lên như một thành phố cơ khí tương lai, nơi mọi bánh răng và cầu máy đều được hoàn thiện ở cấp độ cao nhất của Haute Horlogerie.</p>
<p data-path-to-node=""6"">Trải nghiệm trên cổ tay là sự làm chủ một “kỳ quan thế giới” thu nhỏ. Dù sở hữu kho tàng tính năng đồ sộ, chiếc đồng hồ vẫn giữ được kích thước 42mm cực kỳ cân đối và dễ đeo. Những tính năng tiêu biểu có thể kể đến như: <b data-path-to-node=""6"" data-index-in-node=""220"">Grande Sonnerie Supersonnerie</b> (điểm chuông lớn), <b data-path-to-node=""6"" data-index-in-node=""269"">Perpetual Calendar</b> (Lịch vạn niên chính xác đến năm 2400), <b data-path-to-node=""6"" data-index-in-node=""328"">Flying Tourbillon</b>, và <b data-path-to-node=""6"" data-index-in-node=""350"">Flyback Chronograph</b>. Điểm thiên tài của RD#4 nằm ở sự tối giản hóa cách điều khiển: chỉ với 3 núm vặn và các nút bấm tích hợp, người dùng có thể điều chỉnh toàn bộ các chức năng siêu phức tạp một cách dễ dàng. Dưới lớp kính sapphire vòm kép, màn trình diễn của lồng xoay Tourbillon tại góc 6 giờ và các đĩa lịch vạn niên dạng số hiện lên vô cùng sống động. Đây là mẫu đồng hồ dành cho những “nhà sưu tầm của các nhà sưu tầm”, những người muốn sở hữu đỉnh cao chót vót của trí tuệ nhân loại trong ngành đồng hồ.</p>","7400000000","1","1","AUDEMARS PIGUET, AUDEMARS PIGUET > Code 11:59","https://theempire.vn/wp-content/uploads/2026/01/Audemars-Piguet-Code-11.59-Ultra-Complication-Universelle-RD4-26398BC.OO_.D002CR.04.png","Thương hiệu","AUDEMARS PIGUET","1","1","Bộ sưu tập","Code 11:59","1","1"
"audemars-piguet-code-11-59-ultra-complication-universelle-rd4-26398bc-oo-d002cr-99","simple","Audemars Piguet Code 11.59 Ultra-Complication Universelle (RD#4) 26398BC.OO.D002CR.99","1","0","visible","Audemars Piguet Code 11.59 Ultra-Complication Universelle (RD#4) 26398BC.99 là phiên bản sở hữu mặt số Vàng trắng lộ cơ (Openworked), mang đến một vẻ đẹp đồng nhất, tinh khiết và đậm chất kỹ nghệ. Nếu phiên bản mặt số đen tạo ra sự tương phản mạnh mẽ, thì mã .99 này lại phô diễn một cấu trúc cơ khí tầng tầng lớp lớp trong tông màu bạc xám nguyên bản của kim loại quý và thép. Đây là chiếc đồng hồ đeo tay phức tạp nhất trong lịch sử Audemars Piguet, một kỳ quan hội tụ 40 chức năng khác nhau, là minh chứng hùng hồn cho tinh thần ""Born in Le Brassus, raised in Le Locle"" – nơi những giấc mơ điên rồ nhất của ngành đồng hồ trở thành hiện thực.","<p data-path-to-node=""5""><b data-path-to-node=""5"" data-index-in-node=""0""><a href=""https://theempire.vn/danh-muc/audemars-piguet/"">Audemars Piguet</a> Code 11.59 Ultra-Complication Universelle (RD#4) 26398BC.99</b> là phiên bản sở hữu mặt số <b data-path-to-node=""5"" data-index-in-node=""103"">Vàng trắng lộ cơ (Openworked)</b>, mang đến một vẻ đẹp đồng nhất, tinh khiết và đậm chất kỹ nghệ. Nếu phiên bản mặt số đen tạo ra sự tương phản mạnh mẽ, thì mã .99 này lại phô diễn một cấu trúc cơ khí tầng tầng lớp lớp trong tông màu bạc xám nguyên bản của kim loại quý và thép. Đây là chiếc đồng hồ đeo tay phức tạp nhất trong lịch sử Audemars Piguet, một kỳ quan hội tụ 40 chức năng khác nhau, là minh chứng hùng hồn cho tinh thần “Born in Le Brassus, raised in Le Locle” – nơi những giấc mơ điên rồ nhất của ngành đồng hồ trở thành hiện thực.</p>
<p data-path-to-node=""6"">Trải nghiệm trên cổ tay là sự chiêm ngưỡng một “bản đồ gene” của Haute Horlogerie. Với thiết kế mặt số khoét rỗng hoàn toàn, chủ nhân có thể quan sát trực diện sự vận hành của cỗ máy <b data-path-to-node=""6"" data-index-in-node=""183"">Flying Tourbillon</b> ở góc 6 giờ, đồng thời theo dõi các chỉ báo lịch vạn niên được sắp xếp cực kỳ thông minh. Điểm đột phá của RD#4 chính là việc hiển thị <b data-path-to-node=""6"" data-index-in-node=""336"">Lịch vạn niên dạng số (Digital-style)</b> cho cả ngày và năm, giúp việc đọc các thông tin siêu phức tạp trở nên đơn giản chưa từng có. Không dừng lại ở đó, cỗ máy còn sở hữu tính năng <b data-path-to-node=""6"" data-index-in-node=""516"">Grande Sonnerie Supersonnerie</b> với âm thanh trong trẻo tuyệt đối và <b data-path-to-node=""6"" data-index-in-node=""583"">Flyback Chronograph</b> chính xác. Dù mang trong mình hơn 1.100 chi tiết, bộ vỏ vàng trắng 42mm vẫn giữ được độ dày chỉ 15.5mm – một thành tựu về công thái học giúp cỗ máy siêu phức tạp này có thể ngự trị thoải mái trên cổ tay hàng ngày. Đây không chỉ là một chiếc đồng hồ, mà là một cột mốc lịch sử, một biểu tượng của sự hoàn hảo mà bất kỳ nhà sưu tầm nào cũng khao khát được chạm tay vào.</p>","7400000000","1","1","AUDEMARS PIGUET, AUDEMARS PIGUET > Code 11:59","https://theempire.vn/wp-content/uploads/2026/01/Audemars-Piguet-Code-11.59-Ultra-Complication-Universelle-RD4-26398BC.OO_.D002CR.99.png","Thương hiệu","AUDEMARS PIGUET","1","1","Bộ sưu tập","Code 11:59","1","1"
"audemars-piguet-code-11-59-ultra-complication-universelle-rd4-26398or-oo-d002cr-99","simple","Audemars Piguet Code 11.59 Ultra-Complication Universelle (RD#4) 26398OR.OO.D002CR.99","1","0","visible","Audemars Piguet Code 11.59 Ultra-Complication Universelle (RD#4) 26398OR.99 là sự kết hợp hoàn mỹ giữa đỉnh cao kỹ thuật cơ khí và sự ấm áp rực rỡ của Vàng hồng 18k. Nếu các phiên bản vàng trắng mang vẻ đẹp của những cỗ máy tương lai, thì phiên bản vàng hồng này lại mang đến một hơi thở vương giả, cổ điển nhưng cực kỳ quyền lực. Với thiết kế mặt số lộ cơ hoàn toàn, toàn bộ hơn 1.100 chi tiết tinh vi của bộ máy Calibre 1000 được phô diễn, tạo nên sự tương phản tuyệt đẹp giữa sắc vàng hồng của vỏ và các chi tiết máy màu xám, đen và bạc, biến chiếc đồng hồ thành một kỳ quan kiến trúc cơ khí ngay trên cổ tay.","<p data-path-to-node=""5""><b data-path-to-node=""5"" data-index-in-node=""0""><a href=""https://theempire.vn/danh-muc/audemars-piguet/"">Audemars Piguet</a> Code 11.59 Ultra-Complication Universelle (RD#4) 26398OR.99</b> là sự kết hợp hoàn mỹ giữa đỉnh cao kỹ thuật cơ khí và sự ấm áp rực rỡ của <b data-path-to-node=""5"" data-index-in-node=""151"">Vàng hồng 18k</b>. Nếu các phiên bản vàng trắng mang vẻ đẹp của những cỗ máy tương lai, thì phiên bản vàng hồng này lại mang đến một hơi thở vương giả, cổ điển nhưng cực kỳ quyền lực. Với thiết kế mặt số lộ cơ hoàn toàn, toàn bộ hơn 1.100 chi tiết tinh vi của bộ máy Calibre 1000 được phô diễn, tạo nên sự tương phản tuyệt đẹp giữa sắc vàng hồng của vỏ và các chi tiết máy màu xám, đen và bạc, biến chiếc đồng hồ thành một kỳ quan kiến trúc cơ khí ngay trên cổ tay.</p>
<p data-path-to-node=""6"">Trải nghiệm trên cổ tay là sự làm chủ “cỗ máy vạn năng” sở hữu tới <b data-path-to-node=""6"" data-index-in-node=""67"">40 chức năng</b> khác nhau. Đây là nơi hội tụ của những tính năng phức tạp nhất: <b data-path-to-node=""6"" data-index-in-node=""144"">Grande Sonnerie Supersonnerie</b> (điểm chuông lớn với âm thanh khuếch đại), <b data-path-to-node=""6"" data-index-in-node=""217"">Lịch vạn niên (Perpetual Calendar)</b> với các cửa sổ hiển thị số hiện đại, <b data-path-to-node=""6"" data-index-in-node=""289"">Flying Tourbillon</b> và <b data-path-to-node=""6"" data-index-in-node=""310"">Flyback Chronograph</b>. Điểm đặc biệt của RD#4 chính là tính ứng dụng cao; dù siêu phức tạp, việc điều chỉnh các tính năng lại cực kỳ đơn giản thông qua hệ thống “Supercrowns” và các nút bấm được tối ưu hóa. Dưới lớp kính sapphire vòm kép, màn trình diễn của lồng Tourbillon lơ lửng và sự chuyển động nhịp nhàng của các bánh răng lịch vạn niên tạo nên một sức hút khó cưỡng. Với bộ vỏ vàng hồng 42mm được hoàn thiện chải xước và đánh bóng xen kẽ, 26398OR.99 là tuyên ngôn đanh thép về đẳng cấp và trí tuệ của nhà sưu tầm, những người muốn sở hữu tinh hoa chót vót của ngành đồng hồ thế giới.</p>","","1","1","AUDEMARS PIGUET, AUDEMARS PIGUET > Code 11:59","https://theempire.vn/wp-content/uploads/2026/01/Audemars-Piguet-Code-11.59-Ultra-Complication-Universelle-RD4-26398OR.OO_.D002CR.99.png","Thương hiệu","AUDEMARS PIGUET","1","1","Bộ sưu tập","Code 11:59","1","1"
"audemars-piguet-code-11-59-ultra-complication-universelle-26398bc-oo-d002cr-02-2","simple","Audemars Piguet Code 11.59 Ultra-Complication Universelle 26398BC.OO.D002CR.02","1","0","visible","Audemars Piguet Code 11.59 Ultra-Complication Universelle (RD#4) 26398BC.02 là hiện thân của sự sang trọng tuyệt đối và trí tuệ cơ khí đỉnh cao. Khác với các phiên bản lộ cơ (openworked) mang tính kỹ thuật mạnh mẽ, mã .02 sở hữu mặt số Sơn mài đen (Black Lacquer) bóng bẩy và sâu thẳm. Sự kết hợp giữa vỏ Vàng trắng 18k và mặt số đen tuyền tạo nên một vẻ đẹp ""Quiet Luxury"" đúng nghĩa: kín đáo, đẳng cấp và không phô trương. Đây là chiếc đồng hồ đeo tay phức tạp nhất từng được AP chế tạo, một kỳ quan cơ khí ẩn mình trong diện mạo của một chiếc Dress Watch lịch lãm.","<p data-path-to-node=""5""><b data-path-to-node=""5"" data-index-in-node=""0""><a href=""https://theempire.vn/danh-muc/audemars-piguet/"">Audemars Piguet</a> Code 11.59 Ultra-Complication Universelle (RD#4) 26398BC.02</b> là hiện thân của sự sang trọng tuyệt đối và trí tuệ cơ khí đỉnh cao. Khác với các phiên bản lộ cơ (openworked) mang tính kỹ thuật mạnh mẽ, mã .02 sở hữu mặt số <b data-path-to-node=""5"" data-index-in-node=""236"">Sơn mài đen (Black Lacquer)</b> bóng bẩy và sâu thẳm. Sự kết hợp giữa vỏ <b data-path-to-node=""5"" data-index-in-node=""305"">Vàng trắng 18k</b> và mặt số đen tuyền tạo nên một vẻ đẹp “Quiet Luxury” đúng nghĩa: kín đáo, đẳng cấp và không phô trương. Đây là chiếc đồng hồ đeo tay phức tạp nhất từng được AP chế tạo, một kỳ quan cơ khí ẩn mình trong diện mạo của một chiếc Dress Watch lịch lãm.</p>
<p data-path-to-node=""6"">Trải nghiệm trên cổ tay là sự kinh ngạc trước khả năng tích hợp tới <b data-path-to-node=""6"" data-index-in-node=""68"">40 chức năng</b> vào một bộ vỏ chỉ 42mm. Dù bề ngoài trông có vẻ tối giản, nhưng bên trong là bộ máy Calibre 1000 với hơn 1.100 chi tiết, cung cấp những tính năng “khủng” như: <b data-path-to-node=""6"" data-index-in-node=""240"">Grande Sonnerie Supersonnerie</b> (điểm chuông lớn), <b data-path-to-node=""6"" data-index-in-node=""289"">Lịch vạn niên (Perpetual Calendar)</b> với cửa sổ hiển thị năm và ngày dạng số cực kỳ dễ đọc, cùng lồng xoay <b data-path-to-node=""6"" data-index-in-node=""394"">Flying Tourbillon</b> đầy mê hoặc tại góc 6 giờ. Điểm đặc biệt của phiên bản mặt số sơn mài này là các mặt số phụ bấm giờ (Flyback Chronograph) được thiết kế chìm tinh tế, giúp tổng thể mặt số vẫn giữ được sự thoáng đãng và sang trọng. Dưới lớp kính sapphire <b data-path-to-node=""6"" data-index-in-node=""649"">vòm kép (Double Curved)</b>, mặt số đen bóng như gương phản chiếu ánh sáng một cách ảo diệu, khẳng định vị thế của một siêu phẩm dành cho những nhà sưu tầm tìm kiếm sự hoàn hảo giữa nghệ thuật chế tác truyền thống và công nghệ tương lai.</p>","7400000000","1","1","AUDEMARS PIGUET, AUDEMARS PIGUET > Code 11:59","https://theempire.vn/wp-content/uploads/woocommerce-placeholder.png","Thương hiệu","AUDEMARS PIGUET","1","1","Bộ sưu tập","Code 11:59","1","1"
"audemars-piguet-code-by-11-59-bolshoi-limited-edition-15210bc-oo-a321cr-99-2","simple","Audemars Piguet Code By 11.59 Bolshoi Limited Edition 15210BC.OO.A321CR.99","1","0","visible","Audemars Piguet Code 11.59 Bolshoi Limited Edition 15210BC là một phiên bản đặc biệt hiếm hoi, được ra đời nhằm tôn vinh mối quan hệ hợp tác giữa AP và nhà hát Bolshoi danh tiếng của Nga. Điểm đắt giá nhất biến chiếc đồng hồ này thành món đồ săn đón của các nhà sưu tầm chính là mặt số Men Grand Feu (Enamel) màu xanh dương hun khói (Smoked Blue). Khác với các bản sơn mài thông thường, mặt số men nung yêu cầu kỹ thuật chế tác cực kỳ khắt khe để đạt được độ bóng gương và chiều sâu màu sắc vĩnh cửu, tạo nên một hiệu ứng thị giác lộng lẫy như bầu trời đêm nghệ thuật bao trùm lên sân khấu Bolshoi.","<p data-path-to-node=""6""><b data-path-to-node=""6"" data-index-in-node=""0""><a href=""https://theempire.vn/danh-muc/audemars-piguet/"">Audemars Piguet</a> Code 11.59 Bolshoi Limited Edition 15210BC</b> là một phiên bản đặc biệt hiếm hoi, được ra đời nhằm tôn vinh mối quan hệ hợp tác giữa AP và nhà hát Bolshoi danh tiếng của Nga. Điểm đắt giá nhất biến chiếc đồng hồ này thành món đồ săn đón của các nhà sưu tầm chính là mặt số <b data-path-to-node=""6"" data-index-in-node=""286"">Men Grand Feu (Enamel)</b> màu xanh dương hun khói (Smoked Blue). Khác với các bản sơn mài thông thường, mặt số men nung yêu cầu kỹ thuật chế tác cực kỳ khắt khe để đạt được độ bóng gương và chiều sâu màu sắc vĩnh cửu, tạo nên một hiệu ứng thị giác lộng lẫy như bầu trời đêm nghệ thuật bao trùm lên sân khấu Bolshoi.</p>
<p data-path-to-node=""7"">Trải nghiệm trên cổ tay là sự tận hưởng một tác phẩm nghệ thuật giới hạn, nơi di sản văn hóa gặp gỡ kỹ nghệ Haute Horlogerie. Qua nắp lưng sapphire trong suốt, bạn sẽ chiêm ngưỡng bộ máy <b data-path-to-node=""7"" data-index-in-node=""187"">Calibre 4302</b> bền bỉ với quả văng (rotor) bằng vàng 22k được chạm khắc tỉ mỉ logo của nhà hát <b data-path-to-node=""7"" data-index-in-node=""280"">Bolshoi</b> – một chi tiết độc quyền chỉ có trên 99 chiếc này. Dưới lớp kính sapphire vòm kép, sắc xanh của men nung kết hợp cùng vỏ vàng trắng tạo nên vẻ đẹp thanh khiết nhưng đầy quyền lực. Với dây da cá sấu xanh sang trọng, mẫu Bolshoi Edition không chỉ là một thiết bị đo thời gian, mà là một chứng nhân lịch sử, dành cho những người trân trọng những giá trị văn hóa cao quý và sự độc bản trong giới đồng hồ xa xỉ.</p>","638900000","1","1","AUDEMARS PIGUET, AUDEMARS PIGUET > Code 11:59","https://theempire.vn/wp-content/uploads/2026/01/Audemars-Piguet-Code-By-11.59-Bolshoi-Limited-Edition-15210BC.OO_.A321CR.99-.png","Thương hiệu","AUDEMARS PIGUET","1","1","Bộ sưu tập","Code 11:59","1","1"
"audemars-piguet-royal-oak-leo-messi-26325ts-oo-d005cr-01","simple","Audemars Piguet Royal Oak ‘Leo Messi’ 37mm 26325TS.OO.D005CR.01","1","0","visible","Royal Oak 26325TS.OO.D005CR.01 là một tác phẩm độc đáo trong bộ sưu tập danh tiếng của Audemars Piguet, được giới hạn chỉ 500 chiếc trên toàn cầu. Với thiết kế tinh tế, chất liệu cao cấp và tính năng vượt trội, chiếc đồng hồ này là sự lựa chọn hoàn hảo cho những tín đồ đồng hồ đẳng cấp","<p>Royal Oak 26325TS.OO.D005CR.01 là một tác phẩm độc đáo trong bộ sưu tập danh tiếng của <a href=""https://theempire.vn/danh-muc/audemars-piguet/"">Audemars Piguet</a>, được giới hạn chỉ 500 chiếc trên toàn cầu. Với thiết kế tinh tế, chất liệu cao cấp và tính năng vượt trội, chiếc đồng hồ này là sự lựa chọn hoàn hảo cho những tín đồ đồng hồ đẳng cấp.</p>
<p>Phần vỏ được chế tác từ thép không gỉ kết hợp cùng gờ bằng tantali, một kim loại hiếm với sắc xanh xám đầy mê hoặc, tạo nên vẻ đẹp mạnh mẽ và tinh tế. Lớp kính sapphire chống lóa không chỉ bảo vệ mặt số mà còn mang lại khả năng chống nước lên đến 50 mét, giúp đồng hồ luôn bền bỉ trong mọi điều kiện.</p>
<p>Điểm nhấn của thiết kế nằm ở mặt số chải tia màu than antraxit, mang lại chiều sâu và sự sang trọng. Các kim chỉ giờ và cọc số được phủ lớp phát quang, đảm bảo khả năng đọc dễ dàng ngay cả trong điều kiện thiếu sáng. Đồng hồ được trang bị ba mặt số phụ gồm: giây nhỏ tại vị trí 6 giờ, hai bộ đếm chronograph tại 3 giờ và 9 giờ, cùng lịch ngày tinh tế được đặt giữa vị trí 4 và 5 giờ, đáp ứng cả nhu cầu thẩm mỹ và tính thực tiễn.</p>
<p>Hoàn thiện vẻ ngoài là dây đeo da cá sấu màu than antraxit mềm mại, đi kèm khóa cài chắc chắn, mang đến sự thoải mái và đẳng cấp khi đeo. Bên trong là bộ máy tự động Calibre 2385, hoạt động với tần số dao động 21.600 vph và mức dự trữ năng lượng lên đến 40 giờ, đảm bảo độ chính xác và hiệu suất vượt trội.</p>
<p>Royal Oak 26325TS.OO.D005CR.01 là minh chứng cho sự khéo léo trong chế tác đồng hồ cao cấp, lý tưởng dành cho những ai khao khát sở hữu một món đồ độc quyền, đẳng cấp và khác biệt.</p>","","1","1","AUDEMARS PIGUET, AUDEMARS PIGUET > Royal Oak","https://theempire.vn/wp-content/uploads/2024/12/AP.png,https://theempire.vn/wp-content/uploads/2024/12/Audemars_Piguet_Royal_Oak__Leo_Messi__37mm_26325TS.OO_.D005CR.01-removebg-preview.png","Thương hiệu","AUDEMARS PIGUET","1","1","Bộ sưu tập","Royal Oak","1","1"
"audemars-piguet-royal-oak-jumbo-15202bc-oo-1240bc-01","simple","Audemars Piguet Royal Oak “Jumbo” 39mm 15202BC.OO.1240BC.01","1","0","visible","Royal Oak “Jumbo” 15202BC.OO.1240BC.01 Extra-Thin mang đậm phong cách thiết kế tối giản nhưng vẫn toát lên sự sang trọng vượt thời gian của Audemars Piguet. Được chế tác từ vàng trắng 18-carat, chiếc đồng hồ này là sự lựa chọn hoàn hảo cho những tín đồ đồng hồ xa xỉ, yêu thích sự tinh tế và độc đáo.","<p>Royal Oak “Jumbo” 15202BC.OO.1240BC.01 Extra-Thin mang đậm phong cách thiết kế tối giản nhưng vẫn toát lên sự sang trọng vượt thời gian của <a href=""https://theempire.vn/danh-muc/audemars-piguet/"">Audemars Piguet</a>. Được chế tác từ vàng trắng 18-carat, chiếc đồng hồ này là sự lựa chọn hoàn hảo cho những tín đồ đồng hồ xa xỉ, yêu thích sự tinh tế và độc đáo.</p>
<p>Với kích thước 39mm, vỏ đồng hồ được thiết kế mỏng chỉ 8,1mm, mang lại cảm giác nhẹ nhàng và thoải mái khi đeo. Chất liệu vàng trắng 18-carat tạo nên sự sáng bóng và sang trọng, phù hợp với cả phong cách thường ngày và những dịp trang trọng. Mặt kính sapphire chống lóa đảm bảo khả năng hiển thị rõ ràng, đồng thời bảo vệ mặt số khỏi trầy xước.</p>
<p>Mặt số với họa tiết “Petite Tapisserie” kinh điển, nổi bật với tông màu xanh lam, mang lại chiều sâu và sự cuốn hút. Các chỉ số giờ và kim được làm từ vàng trắng, được phủ lớp phát quang, đảm bảo khả năng đọc giờ dễ dàng trong mọi điều kiện ánh sáng.</p>
<p>Bên trong, đồng hồ được trang bị bộ máy tự động Calibre 2121, một trong những bộ máy mỏng nhất thế giới với độ dày chỉ 3,05mm. Bộ máy này mang đến mức dự trữ năng lượng lên đến 40 giờ, hoạt động với tần số 19.800 vph, đảm bảo độ chính xác và hiệu suất vượt trội.</p>
<p>Dây đeo tích hợp từ vàng trắng 18-carat với các mắt nối hoàn hảo, tạo nên sự liền mạch và tinh tế. Đây chính là sự kết hợp hoàn hảo giữa thiết kế mang tính biểu tượng và công nghệ chế tác đồng hồ đỉnh cao, dành riêng cho những người yêu thích sự thanh lịch vượt thời gian.</p>","1401000000","1","1","AUDEMARS PIGUET, AUDEMARS PIGUET > Royal Oak","https://theempire.vn/wp-content/uploads/2024/12/AP-3.png,https://theempire.vn/wp-content/uploads/2024/12/Audemars_Piguet_Royal_Oak__Jumbo__39mm_15202BC.OO_.1240BC.01-removebg-preview.png","Thương hiệu","AUDEMARS PIGUET","1","1","Bộ sưu tập","Royal Oak","1","1"
"audemars-piguet-royal-oak-jumbo-16202bc-zz-1241bc-01","simple","Audemars Piguet Royal Oak “Jumbo” 39mm 16202BC.ZZ.1241BC.01","1","0","visible","Royal Oak “Jumbo” 16202BC.ZZ.1241BC.01 là biểu tượng của sự xa hoa tuyệt đối của Audemars Piguet, nổi bật với thiết kế toàn diện được đính kim cương từ mặt số đến dây đeo. Kích thước vỏ 39 mm, độ dày chỉ 8.1 mm, và khả năng chống nước lên đến 20 m, chiếc đồng hồ là sự kết hợp hoàn hảo giữa vẻ đẹp tinh xảo và chức năng thực tế.","<p>Royal Oak “Jumbo” 16202BC.ZZ.1241BC.01 là biểu tượng của sự xa hoa tuyệt đối của <a href=""https://theempire.vn/danh-muc/audemars-piguet/"">Audemars Piguet</a>, nổi bật với thiết kế toàn diện được đính kim cương từ mặt số đến dây đeo. Kích thước vỏ 39 mm, độ dày chỉ 8.1 mm, và khả năng chống nước lên đến 20 m, chiếc đồng hồ là sự kết hợp hoàn hảo giữa vẻ đẹp tinh xảo và chức năng thực tế.</p>
<p>Setting kim cương chính là tâm điểm thu hút mọi ánh nhìn. Vỏ đồng hồ đính 138 viên kim cương brilliant-cut với tổng trọng lượng 2.64 carats, tạo nên vòng sáng rực rỡ bao quanh mặt số.</p>
<p>Mặt số được nâng tầm với 422 viên kim cương brilliant-cut (~1.63 carats), cẩn thận đính lên nền vàng trắng, hoàn thiện bởi các cọc số và kim đồng hồ bằng vàng trắng phủ chất phát quang, đảm bảo tính dễ đọc ngay cả trong điều kiện ánh sáng yếu.</p>
<p>Dây đeo vàng trắng 18 ct tiếp tục thể hiện đẳng cấp khi được đính 968 viên kim cương brilliant-cut (~4.022 carats). Từng viên đá được chọn lựa kỹ lưỡng và chế tác hoàn hảo, đảm bảo độ cao, hướng và vị trí chính xác đến từng phần trăm milimet. Sự đồng bộ tuyệt đối giữa vỏ, mặt số và dây đeo mang lại hiệu ứng thị giác liên tục, tỏa sáng như một kiệt tác nghệ thuật.</p>
<p>Royal Oak “Jumbo” Fully-Set là lựa chọn hoàn hảo cho những ai tìm kiếm sự tinh tế và độc đáo, khẳng định đẳng cấp vượt thời gian.</p>","6280000000","1","1","AUDEMARS PIGUET, AUDEMARS PIGUET > Royal Oak","https://theempire.vn/wp-content/uploads/2024/12/Royal-Oak-Jumbo-16202BC.ZZ_.1241BC.01-39mm.png,https://theempire.vn/wp-content/uploads/2024/12/Audemars_Piguet_Royal_Oak__Jumbo__39mm_16202BC.ZZ_.1241BC.01-removebg-preview.png","Thương hiệu","AUDEMARS PIGUET","1","1","Bộ sưu tập","Royal Oak","1","1"
"audemars-piguet-royal-oak-jumbo-16202xt-oo-1240xt-01","simple","Audemars Piguet Royal Oak “Jumbo” Extra-Thin 39mm 16202XT.OO.1240XT.01","1","0","visible","Royal Oak “Jumbo” 16202XT.OO.1240XT.01 mang đến vẻ đẹp hiện đại và nhẹ nhàng nhờ sử dụng titanium siêu nhẹ cho vỏ, đi cùng với Bulk Metallic Glass (BMG) – chất liệu tiên tiến tạo nên vành bezel và các mắt nối dây, mang đến sự bền bỉ vượt trội và thẩm mỹ độc đáo.","<p>Royal Oak “Jumbo” 16202XT.OO.1240XT.01 của <a href=""https://theempire.vn/danh-muc/audemars-piguet/"">Audemars Piguet</a> mang đến vẻ đẹp hiện đại và nhẹ nhàng nhờ sử dụng titanium siêu nhẹ cho vỏ, đi cùng với Bulk Metallic Glass (BMG) – chất liệu tiên tiến tạo nên vành bezel và các mắt nối dây, mang đến sự bền bỉ vượt trội và thẩm mỹ độc đáo.</p>
<p>Mặt số smoked burgundy – màu đỏ rượu vang khói (smoked burgundy) là điểm nhấn nổi bật của mẫu đồng hồ này. Lớp hoàn thiện màu sắc đặc biệt kết hợp hiệu ứng chuyển màu từ nhạt đến đậm, tạo chiều sâu và sự huyền bí. Đây là kỹ thuật đòi hỏi sự chính xác cao trong từng công đoạn, đảm bảo sự đồng đều và sức sống của màu sắc.</p>
<p>Cọc số và kim đồng hồ bằng vàng hồng được phủ chất phát quang, mang đến sự tương phản nhẹ nhàng nhưng đầy cuốn hút với nền mặt số. Điều này không chỉ tăng cường khả năng đọc giờ mà còn làm nổi bật sự thanh lịch của đồng hồ trong mọi điều kiện ánh sáng.<br>
Bên trong mặt số, các chi tiết nhỏ được hoàn thiện tỉ mỉ, kết hợp với lớp bezel bên ngoài, tạo nên một thiết kế hài hòa và hiện đại.</p>
<p>Bezel và mắt nối dây từ Bulk Metallic Glass (BMG), một chất liệu tiên tiến có độ cứng cao và khả năng chống ăn mòn vượt trội, tạo điểm nhấn hiện đại, đồng thời gia tăng tuổi thọ cho đồng hồ.</p>
<p>Royal Oak “Jumbo” Smoked Burgundy là biểu tượng của sự sang trọng và hiện đại, mang đến sự kết hợp hoàn hảo giữa màu sắc độc đáo và chất liệu tiên tiến. Đây là mẫu đồng hồ dành cho những ai tìm kiếm sự khác biệt và tinh tế trong từng chi tiết.</p>","5900000000","1","1","AUDEMARS PIGUET, AUDEMARS PIGUET > Royal Oak","https://theempire.vn/wp-content/uploads/2024/12/Royal-Oak-Jumbo-16202XT.OO_.1240XT.01.png,https://theempire.vn/wp-content/uploads/2024/12/Audemars_Piguet_Royal_Oak__Jumbo__Extra-Thin_39mm_16202XT.OO_.1240XT.01-removebg-preview.png","Thương hiệu","AUDEMARS PIGUET","1","1","Bộ sưu tập","Royal Oak","1","1"
"audemars-piguet-royal-oak-15454bc-gg-1259bc-03","simple","Audemars Piguet Royal Oak 37mm 15454BC.GG.1259BC.03","1","0","visible","Royal Oak 15454BC.GG.1259BC.03 là một minh chứng cho nghệ thuật chế tác đỉnh cao của Audemars Piguet, mang đến vẻ đẹp lộng lẫy từ kỹ thuật độc quyền Frosted Gold của Audemars Piguet. Bề mặt được hoàn thiện bằng kỹ thuật đánh búa thủ công, tạo nên những vết lõm nhỏ li ti phản xạ ánh sáng, mang lại hiệu ứng lấp lánh như bụi kim cương dưới ánh trăng.","<p>Royal Oak 15454BC.GG.1259BC.03 là một minh chứng cho nghệ thuật chế tác đỉnh cao của <a href=""https://theempire.vn/danh-muc/audemars-piguet/"">Audemars Piguet</a>, mang đến vẻ đẹp lộng lẫy từ kỹ thuật độc quyền Frosted Gold của Audemars Piguet. Bề mặt được hoàn thiện bằng kỹ thuật đánh búa thủ công, tạo nên những vết lõm nhỏ li ti phản xạ ánh sáng, mang lại hiệu ứng lấp lánh như bụi kim cương dưới ánh trăng.</p>
<p>Vỏ và dây đeo được chế tác hoàn toàn từ vàng trắng 18 carat, nổi bật với lớp hoàn thiện Frosted Gold độc đáo, mang lại vẻ đẹp mờ ảo đầy cuốn hút. Với đường kính 37 mm và độ dày chỉ 9.8 mm, chiếc đồng hồ mang lại cảm giác thanh lịch và gọn nhẹ, phù hợp cho mọi cổ tay.</p>
<p>Kính sapphire chống lóa bảo vệ mặt số và nắp lưng, kết hợp với núm vặn screw-locked để tăng khả năng chống nước lên đến 50 mét, đảm bảo tính bền bỉ trong các hoạt động hàng ngày.</p>
<p>Mặt số màu đen được trang trí với họa tiết “Grande Tapisserie”, một đặc trưng của Royal Oak, mang lại chiều sâu và sự tinh tế trong từng chi tiết. Các cọc số và kim bằng vàng trắng được phủ lớp phát quang, giúp dễ dàng đọc giờ trong mọi điều kiện ánh sáng. Hiệu ứng tương phản giữa mặt số đen và ánh sáng trắng từ vàng tạo nên sức hút mạnh mẽ và hiện đại.</p>
<p>Chiếc Royal Oak Frosted Gold không chỉ là một món trang sức lộng lẫy mà còn là biểu tượng của sự hoàn thiện kỹ thuật và thẩm mỹ. Đây là lựa chọn lý tưởng cho những ai yêu thích vẻ đẹp độc đáo, khác biệt nhưng vẫn đầy tinh tế. Một kiệt tác kết hợp giữa sự cổ điển và hiện đại, tôn vinh nghệ thuật chế tác đồng hồ xa xỉ.</p>","1250700000","1","1","AUDEMARS PIGUET, AUDEMARS PIGUET > Royal Oak","https://theempire.vn/wp-content/uploads/2024/12/Royal-Oak-15454BC.GG_.1259BC.03-37mm.png,https://theempire.vn/wp-content/uploads/2024/12/Audemars_Piguet_Royal_Oak_37mm_15454BC.GG_.1259BC.03-removebg-preview.png","Thương hiệu","AUDEMARS PIGUET","1","1","Bộ sưu tập","Royal Oak","1","1"
"audemars-piguet-royal-oak-15467bc-oo-1256bc-01","simple","Audemars Piguet Royal Oak 37mm 15467BC.OO.1256BC.01","1","0","visible","Royal Oak 15467BC.OO.1256BC.01 37 mm bằng vàng trắng 18 carat là minh chứng của Audemars Piguet cho sự kết hợp hoàn hảo giữa kỹ thuật chế tác đồng hồ hiện đại và vẻ đẹp tinh tế.Vỏ đồng hồ được chế tác từ vàng trắng 18 carat, mang đến vẻ ngoài thanh lịch và bền bỉ. Kính sapphire chống lóa ở cả mặt trước và mặt sau không chỉ bảo vệ cơ chế bên trong mà còn mang lại tầm nhìn rõ ràng, không bị cản trở vào bộ máy. Khả năng chống nước lên đến 50 mét làm tăng tính thực dụng, phù hợp với cuộc sống năng động.","<p>Royal Oak 15467BC.OO.1256BC.01 37 mm bằng vàng trắng 18 carat là minh chứng của <a href=""https://theempire.vn/danh-muc/audemars-piguet/"">Audemars Piguet</a> cho sự kết hợp hoàn hảo giữa kỹ thuật chế tác đồng hồ hiện đại và vẻ đẹp tinh tế.</p>
<p>Vỏ đồng hồ được chế tác từ vàng trắng 18 carat, mang đến vẻ ngoài thanh lịch và bền bỉ. Kính sapphire chống lóa ở cả mặt trước và mặt sau không chỉ bảo vệ cơ chế bên trong mà còn mang lại tầm nhìn rõ ràng, không bị cản trở vào bộ máy. Khả năng chống nước lên đến 50 mét làm tăng tính thực dụng, phù hợp với cuộc sống năng động.</p>
<p>Dây đeo được làm từ vàng trắng 18 carat, kết hợp với khóa gập AP, tạo nên sự liền mạch và đẳng cấp. Ngoài ra, đồng hồ đi kèm dây da cá sấu màu xanh nhạt, mang lại sự lựa chọn đa dạng cho chủ nhân.</p>
<p>Mặt số skeleton chế đặc trưng của dòng Royal Oak, với các cầu nối và chi tiết được hoàn thiện tinh xảo. Vòng bezel bên trong màu xanh nhạt tạo nên sự tương phản nhẹ nhàng, làm nổi bật tổng thể thiết kế. Cọc số bằng vàng hồng cùng kim Royal Oak phủ chất phát quang không chỉ tăng tính thẩm mỹ mà còn đảm bảo khả năng đọc rõ ràng trong mọi điều kiện ánh sáng.</p>
<p>Bộ máy Double Balance Wheel Openworked không chỉ là một kiệt tác cơ khí mà còn là biểu tượng của sự đổi mới. Cơ chế bánh cân đôi cải thiện đáng kể độ ổn định và độ chính xác, đảm bảo hiệu suất hoạt động tối ưu. Thiết kế mở cho phép người đeo chiêm ngưỡng hoạt động cơ học phức tạp, thể hiện trình độ chế tác đỉnh cao của Audemars Piguet.</p>","1810000000","1","1","AUDEMARS PIGUET, AUDEMARS PIGUET > Royal Oak","https://theempire.vn/wp-content/uploads/2024/12/Royal-Oak-15467BC.OO_.1256BC.01.png,https://theempire.vn/wp-content/uploads/2024/12/Audemars_Piguet_Royal_Oak_37mm_15467BC.OO_.1256BC.01-removebg-preview.png","Thương hiệu","AUDEMARS PIGUET","1","1","Bộ sưu tập","Royal Oak","1","1"
"audemars-piguet-royal-oak-15468bc-yg-1259bc-01","simple","Audemars Piguet Royal Oak 37mm 15468BC.YG.1259BC.01","1","0","visible","Royal Oak 15468BC.YG.1259BC.01 là sự hòa quyện hoàn hảo giữa nghệ thuật chế tác truyền thống và kỹ thuật tiên tiến của Audemars Piguet. Vỏ và dây đeo bằng vàng trắng 18 ct được chế tác bằng kỹ thuật Frosted Gold độc quyền, mang lại bề mặt lấp lánh như kim cương.","<p>Royal Oak 15468BC.YG.1259BC.01 là sự hòa quyện hoàn hảo giữa nghệ thuật chế tác truyền thống và kỹ thuật tiên tiến của <a href=""https://theempire.vn/danh-muc/audemars-piguet/"">Audemars Piguet</a>. Vỏ và dây đeo bằng vàng trắng 18 ct được chế tác bằng kỹ thuật Frosted Gold độc quyền, mang lại bề mặt lấp lánh như kim cương.</p>
<p>Mặt số rhodium-toned openworked được thiết kế để phô diễn hoàn toàn bộ máy Calibre 3132 tự động. Các chỉ số giờ bằng vàng hồng 18 ct kết hợp với kim Royal Oak có phủ lớp phát quang, mang lại khả năng hiển thị tối ưu trong mọi điều kiện ánh sáng. Phần nội thất lộ cơ của mặt số là sự kết hợp hoàn hảo giữa nghệ thuật chế tác và sự phức tạp cơ khí.</p>
<p>32 viên sapphire cắt baguette được sắp xếp tỉ mỉ theo dải màu cầu vồng trên vành bezel, tạo nên một hiệu ứng thị giác đầy mê hoặc. Mỗi viên đá quý được cắt và đánh bóng thủ công để đạt được độ chính xác cao nhất, phản chiếu ánh sáng rực rỡ trong mọi góc nhìn.</p>
<p>Sự tinh tế còn được thể hiện qua phần dây đeo vàng trắng được chế tác theo kỹ thuật Frosted Gold và trang bị khóa gập AP, mang lại sự thoải mái và an toàn tối đa.</p>
<p>Bộ máy Calibre 3132, với cơ chế Double Balance Wheel độc quyền, không chỉ cải thiện độ chính xác mà còn nâng cao độ ổn định. Bộ máy gồm 245 chi tiết, hoạt động ở tần số 3 Hz và có khả năng dự trữ năng lượng lên đến 45 giờ.</p>
<p>Sự kết hợp giữa thiết kế thẩm mỹ lộng lẫy và sự phức tạp cơ khí biến chiếc đồng hồ này thành biểu tượng của sự xa xỉ và đẳng cấp, xứng đáng là một tác phẩm nghệ thuật để đời.</p>","7490000000","1","1","AUDEMARS PIGUET, AUDEMARS PIGUET > Royal Oak","https://theempire.vn/wp-content/uploads/2024/12/Royal-Oak-15468BC.YG_.1259BC.01-37mm.png,https://theempire.vn/wp-content/uploads/2024/12/Audemars_Piguet_Royal_Oak_37mm_15468BC.YG_.1259BC.01-removebg-preview.png","Thương hiệu","AUDEMARS PIGUET","1","1","Bộ sưu tập","Royal Oak","1","1"
"audemars-piguet-royal-oak-15412bc-ss-1220bc-02","simple","Audemars Piguet Royal Oak 41mm 15412BC.SS.1220BC.02","1","0","visible","Royal Oak 15412BC.SS.1220BC.02 của Audemars Piguet được thiết kế để đạt sự cân bằng hoàn hảo giữa đổi mới kỹ thuật và tính thẩm mỹ vượt thời gian.","<p>Royal Oak 15412BC.SS.1220BC.02 của <a href=""https://theempire.vn/danh-muc/audemars-piguet/"">Audemars Piguet</a> được thiết kế để đạt sự cân bằng hoàn hảo giữa đổi mới kỹ thuật và tính thẩm mỹ vượt thời gian.</p>
<p>Vỏ đồng hồ được chế tác từ vàng trắng 18 carat, nổi bật với viền bezel nạm 32 viên sapphire cắt baguette có tổng trọng lượng ~3.19 carat. Mỗi viên sapphire được chọn lọc cẩn thận để đảm bảo độ trong suốt và sắc xanh đồng nhất, sau đó được gắn tỉ mỉ bằng tay bởi các nghệ nhân lành nghề. Kỹ thuật đính đá chuẩn xác đến từng phần trăm milimet giúp tạo nên một “bản giao hưởng ánh sáng” lấp lánh quanh mặt đồng hồ.</p>
<p>Mặt số mở lộ cơ chế phức tạp bên trong với chi tiết cầu nối của bánh cân màu xanh độc đáo. 11 viên sapphire cắt baguette (~0.17 carat) được sử dụng làm cọc số, hài hòa với tổng thể thiết kế và làm nổi bật sắc thái sang trọng của chiếc đồng hồ. Lớp kính sapphire chống lóa ở cả mặt trước và mặt sau bảo vệ cơ chế phức tạp, đồng thời mang đến trải nghiệm thị giác không giới hạn.</p>
<p>Trái tim của chiếc đồng hồ là bộ máy Double Balance Wheel Openworked, một sáng tạo kỹ thuật tiên phong. Hệ thống bánh cân đôi cải thiện độ ổn định và độ chính xác, thể hiện cam kết của Audemars Piguet với sự đổi mới trong chế tác đồng hồ. Cơ chế này không chỉ tối ưu hiệu suất mà còn mang đến vẻ đẹp cơ học mê hoặc người xem.</p>
<p>Royal Oak 15412BC.SS.1220BC.02 là hiện thân của sự hòa quyện giữa kỹ thuật chế tác đỉnh cao và nghệ thuật tinh xảo, mang đến cho chủ sở hữu một trải nghiệm đeo đồng hồ độc đáo và đẳng cấp.</p>","13550000000","1","1","AUDEMARS PIGUET, AUDEMARS PIGUET > Royal Oak","https://theempire.vn/wp-content/uploads/2024/12/Royal-Oak-15412BC.SS_.1220BC.02.png,https://theempire.vn/wp-content/uploads/2024/12/Audemars_Piguet_Royal_Oak_41mm_15412BC.SS_.1220BC.02-removebg-preview.png","Thương hiệu","AUDEMARS PIGUET","1","1","Bộ sưu tập","Royal Oak","1","1"
"audemars-piguet-royal-oak-26320or-oo-1220or-01","simple","Audemars Piguet Royal Oak 41mm 26320OR.OO.1220OR.01","1","0","visible","Royal Oak Chronograph 26320OR.OO.1220OR.01 có thiết kế thể thao và sang trọng của Audemars Piguet, với chất liệu vàng hồng 18k (Pink Gold) và những chi tiết chế tác tinh xảo, chiếc đồng hồ này không chỉ là một cỗ máy đo thời gian mà còn là biểu tượng của sự đẳng cấp.","<p>Royal Oak Chronograph 26320OR.OO.1220OR.01 có thiết kế thể thao và sang trọng của <a href=""https://theempire.vn/danh-muc/audemars-piguet/"">Audemars Piguet</a>, với chất liệu vàng hồng 18k (Pink Gold) và những chi tiết chế tác tinh xảo, chiếc đồng hồ này không chỉ là một cỗ máy đo thời gian mà còn là biểu tượng của sự đẳng cấp.</p>
<p>Vỏ đồng hồ có đường kính 41mm, được chế tác hoàn toàn từ vàng hồng 18k, mang lại vẻ ngoài sáng bóng và cuốn hút. Vành bezel lục giác đặc trưng, kết hợp cùng những ốc vít bằng vàng trắng, giữ nguyên tinh thần táo bạo nhưng thanh lịch của Royal Oak từ năm 1972. Mặt kính sapphire chống lóa giúp bảo vệ mặt số và đảm bảo độ bền vượt thời gian.</p>
<p>Mặt số với họa tiết “Grande Tapisserie” kinh điển là một trong những điểm nhấn quan trọng. Các chỉ số giờ và kim được làm từ vàng hồng, phủ lớp phát quang, mang lại khả năng hiển thị rõ ràng trong mọi điều kiện ánh sáng.</p>
<p>Bộ máy Chronograph ba mặt số phụ, bao gồm giây nhỏ tại vị trí 6 giờ và hai bộ đếm tại 3 giờ và 9 giờ, không chỉ tăng cường tính thực tiễn mà còn hoàn thiện vẻ đẹp kỹ thuật của đồng hồ.</p>
<p>Dây đeo và khóa gập được làm từ vàng hồng nguyên khối, vừa mang lại sự thoải mái vừa khẳng định đẳng cấp của chủ nhân. Bên trong, đồng hồ được trang bị bộ máy tự động Calibre 2385, hoạt động với tần số 21.600 vph và mức dự trữ năng lượng lên đến 40 giờ, đảm bảo độ chính xác và hiệu suất tối ưu.</p>
<p>26320OR.OO.1220OR.01 không chỉ đơn thuần là một chiếc đồng hồ, mà còn là tuyên ngôn của phong cách và sự tinh tế, hoàn hảo cho những ai yêu thích sự sang trọng kết hợp với tính năng vượt trội.</p>","1078000000","1","1","AUDEMARS PIGUET, AUDEMARS PIGUET > Royal Oak","https://theempire.vn/wp-content/uploads/2024/12/AP-1.png,https://theempire.vn/wp-content/uploads/2024/12/Audemars_Piguet_Royal_Oak_41mm_26320OR.OO_.1220OR.01-removebg-preview.png","Thương hiệu","AUDEMARS PIGUET","1","1","Bộ sưu tập","Royal Oak","1","1"
"audemars-piguet-royal-oak-26591ti-oo-1252ti-02","simple","Audemars Piguet Royal Oak 42mm 26591TI.OO.1252TI.02","1","0","visible","Royal Oak 26591TI.OO.1252TI.02 là một minh chứng cho sự kết hợp hoàn hảo giữa nghệ thuật chế tác đồng hồ truyền thống và công nghệ tiên tiến của Audemars Piguet. Phiên bản giới hạn chỉ 35 chiếc, mẫu đồng hồ này được chế tác từ titanium, mang lại sự nhẹ nhàng nhưng bền bỉ, cùng vẻ ngoài tinh tế. Vỏ đồng hồ kích thước 42 mm và độ dày 14 mm, được hoàn thiện tỉ mỉ với mặt kính sapphire chống lóa, đảm bảo khả năng hiển thị rõ ràng và bền vững trong thời gian dài.","<p>Royal Oak 26591TI.OO.1252TI.02 là một minh chứng cho sự kết hợp hoàn hảo giữa nghệ thuật chế tác đồng hồ truyền thống và công nghệ tiên tiến của <a href=""https://theempire.vn/danh-muc/audemars-piguet/"">Audemars Piguet</a>. Phiên bản giới hạn chỉ 35 chiếc, mẫu đồng hồ này được chế tác từ titanium, mang lại sự nhẹ nhàng nhưng bền bỉ, cùng vẻ ngoài tinh tế. Vỏ đồng hồ kích thước 42 mm và độ dày 14 mm, được hoàn thiện tỉ mỉ với mặt kính sapphire chống lóa, đảm bảo khả năng hiển thị rõ ràng và bền vững trong thời gian dài.</p>
<p>Điểm nhấn của chiếc đồng hồ nằm ở mặt số “Salmon” Grande Tapisserie, một họa tiết biểu tượng của bộ sưu tập Royal Oak. Sắc màu hồng cá hồi độc đáo được làm nổi bật bởi các cọc số và kim giờ bằng vàng trắng 18 ct, phủ lớp phát quang, mang đến sự hài hòa hoàn hảo giữa tính thẩm mỹ và chức năng.</p>
<p>Dây đeo titanium đồng điệu với vỏ, được trang bị khóa gập AP, không chỉ mang lại sự thoải mái mà còn tăng thêm vẻ thanh lịch, phù hợp cho mọi dịp.</p>
<p>Bộ máy Minute Repeater Supersonnerie là tâm điểm của kiệt tác này. Công nghệ Supersonnerie cải tiến mang đến âm thanh trong trẻo, lớn và sâu lắng, thiết lập tiêu chuẩn mới cho đồng hồ điểm chuông. Mỗi tiếng chuông đều là kết quả của sự tinh chỉnh âm học và kỹ thuật cơ khí tỉ mỉ, mang lại trải nghiệm không chỉ thính giác mà còn thị giác mới lạ.</p>
<p>Chiếc Royal Oak Minute Repeater Supersonnerie không chỉ là một chiếc đồng hồ; đó là tác phẩm nghệ thuật cơ khí dành cho những nhà sưu tập sành điệu, người tìm kiếm sự độc đáo và tinh tế tuyệt đối.</p>","11930000000","1","1","AUDEMARS PIGUET, AUDEMARS PIGUET > Royal Oak","https://theempire.vn/wp-content/uploads/2024/12/Royal-Oak-26591TI.OO_.1252TI.02-42mm.png,https://theempire.vn/wp-content/uploads/2024/12/Audemars_Piguet_Royal_Oak_42mm_26591TI.OO_.1252TI.02-removebg-preview.png","Thương hiệu","AUDEMARS PIGUET","1","1","Bộ sưu tập","Royal Oak","1","1"
"audemars-piguet-royal-oak-chronograph-26331ip-oo-1220ip-01","simple","Audemars Piguet Royal Oak Chronograph 41mm 26331IP.OO.1220IP.01","1","0","visible","Royal Oak Chronograph 26331IP.OO.1220IP.01 đại diện cho sự mạnh mẽ và bền bỉ và tinh tế của Audemars Piguet, dành riêng cho những người yêu thích sự hoàn hảo và cá tính.","<p>Royal Oak Chronograph 26331IP.OO.1220IP.01 đại diện cho sự mạnh mẽ và bền bỉ và tinh tế của <a href=""https://theempire.vn/danh-muc/audemars-piguet/"">Audemars Piguet</a>, dành riêng cho những người yêu thích sự hoàn hảo và cá tính.</p>
<p>Được chế tác hoàn toàn từ titanium, chất liệu nổi tiếng với độ bền cao và trọng lượng nhẹ, chiếc đồng hồ này mang lại sự thoải mái tối đa khi đeo. Vỏ 41mm kết hợp mặt kính sapphire chống lóa, giúp bảo vệ đồng hồ khỏi trầy xước và đảm bảo độ bền trong mọi hoàn cảnh. Sự tinh tế được thể hiện qua các góc cạnh hoàn thiện bằng kỹ thuật chải xước và đánh bóng, tạo nên hiệu ứng thị giác đầy ấn tượng.</p>
<p>Mặt số được thiết kế với họa tiết “Grande Tapisserie” kinh điển, tạo nên chiều sâu và phong cách đặc trưng. Các mặt số phụ đồng hồ bấm giờ được bố trí cân đối, tích hợp chức năng đo thời gian chính xác, trong khi lịch ngày nằm gọn gàng ở vị trí 4h30. Kim và cọc số làm từ vàng trắng, phủ lớp phát quang, đảm bảo khả năng đọc dễ dàng ngay cả trong điều kiện ánh sáng yếu.</p>
<p>Trái tim của Royal Oak Chronograph 26331IP.OO.1220IP.01 là bộ máy tự động Calibre 2385, mang đến độ chính xác và hiệu suất vượt trội. Với tần số dao động 21.600 vph, mức dự trữ năng lượng 40 giờ, bộ máy này không chỉ đảm bảo thời gian chính xác mà còn hoạt động bền bỉ qua thời gian.</p>
<p>Dây đeo tích hợp từ titanium đi kèm khóa gập Audemars Piguet, vừa đảm bảo độ chắc chắn, vừa mang lại sự liền mạch trong thiết kế. Từng mắt dây được hoàn thiện thủ công, thể hiện sự tỉ mỉ trong từng chi tiết.</p>
<p>Đây không chỉ là một chiếc đồng hồ mà còn là biểu tượng của phong cách và kỹ thuật chế tác đồng hồ đỉnh cao, dành riêng cho những ai trân trọng giá trị của sự độc đáo và bền vững.</p>","1059300000","1","1","AUDEMARS PIGUET, AUDEMARS PIGUET > Royal Oak","https://theempire.vn/wp-content/uploads/2024/12/AP-2.png,https://theempire.vn/wp-content/uploads/2024/12/Audemars_Piguet_Royal_Oak_Chronograph_41mm_26331IP.OO_.1220IP.01-removebg-preview.png","Thương hiệu","AUDEMARS PIGUET","1","1","Bộ sưu tập","Royal Oak","1","1"
"audemars-piguet-royal-oak-concept-26221ft-oo-d002ca-01-laptimer-michael-schumacher","simple","Audemars Piguet Royal Oak Concept 26221FT.OO.D002CA.01 Laptimer Michael Schumacher","1","0","visible","Audemars Piguet Royal Oak Concept Laptimer Michael Schumacher 26221FT là một trong những cỗ máy Chronograph phức tạp và mang tính đột phá nhất mà nhân loại từng chế tạo. Đây là chiếc đồng hồ cơ học đầu tiên trên thế giới sở hữu chức năng Laptimer với hai hệ thống đo thời gian độc lập trên cùng một bộ bấm giờ, được phát triển theo yêu cầu trực tiếp từ huyền thoại F1 Michael Schumacher. Điểm ấn tượng nhất chính là bộ vỏ được làm từ Carbon đúc (Forged Carbon) – một vật liệu siêu nhẹ, siêu bền với những vân xám đen ngẫu nhiên, mang lại diện mạo cực kỳ hầm hố và đậm chất xe đua cho các ""Big Boy"".","<p data-path-to-node=""5""><b data-path-to-node=""5"" data-index-in-node=""0""><a href=""https://theempire.vn/danh-muc/audemars-piguet/"">Audemars Piguet</a> Royal Oak Concept Laptimer Michael Schumacher 26221FT</b> là một trong những cỗ máy Chronograph phức tạp và mang tính đột phá nhất mà nhân loại từng chế tạo. Đây là chiếc đồng hồ cơ học đầu tiên trên thế giới sở hữu chức năng <b data-path-to-node=""5"" data-index-in-node=""238"">Laptimer</b> với hai hệ thống đo thời gian độc lập trên cùng một bộ bấm giờ, được phát triển theo yêu cầu trực tiếp từ huyền thoại F1 Michael Schumacher. Điểm ấn tượng nhất chính là bộ vỏ được làm từ <b data-path-to-node=""5"" data-index-in-node=""434"">Carbon đúc (Forged Carbon)</b> – một vật liệu siêu nhẹ, siêu bền với những vân xám đen ngẫu nhiên, mang lại diện mạo cực kỳ hầm hố và đậm chất xe đua cho các “Big Boy”.</p>
<p data-path-to-node=""6"">Trải nghiệm trên cổ tay là sự choáng ngợp trước một “phòng điều khiển” cơ khí thực thụ. Với 3 nút bấm Chronograph (hai bên phải và một bên trái tại góc 9 giờ), người dùng có thể đo thời gian của một vòng đua trong khi vòng tiếp theo đã bắt đầu được tính, hoặc so sánh thời gian giữa hai vòng đua liên tiếp một cách chính xác tuyệt đối. Mặt số lộ cơ (skeleton) phô diễn toàn bộ các cầu máy được xử lý đen mờ cùng hệ thống bánh xe cột (column wheels) tinh vi. Với số lượng giới hạn chỉ <b data-path-to-node=""6"" data-index-in-node=""484"">600 chiếc trên toàn thế giới</b>, 26221FT không chỉ là một chiếc đồng hồ, mà là một biểu tượng của tốc độ, sự bền bỉ và di sản vĩ đại của Michael Schumacher, dành riêng cho những nhà sưu tầm muốn sở hữu đỉnh cao của công nghệ bấm giờ cơ học.</p>","7300000000","1","1","AUDEMARS PIGUET, AUDEMARS PIGUET > Royal Oak Concept","https://theempire.vn/wp-content/uploads/2026/01/Audemars-Piguet-Royal-Oak-Concept-26221FT.OO_.D002CA.01-Laptimer-Michael-Schumacher-.png","Thương hiệu","AUDEMARS PIGUET","1","1","Bộ sưu tập","Royal Oak Concept","1","1"
"audemars-piguet-royal-oak-concept-26227bc-ss-d326cr-01-flying-tourbillon","simple","Audemars Piguet Royal Oak Concept 26227BC.SS.D326CR.01 Flying Tourbillon","1","0","visible","Audemars Piguet Royal Oak Concept Flying Tourbillon 26227BC phiên bản nạm Sapphire xanh là một kiệt tác nghệ thuật rực rỡ, đưa khái niệm ""đồng hồ trang sức"" lên một tầm cao mới của sự xa hoa. Khác với vẻ lấp lánh thuần khiết của kim cương trắng, việc sử dụng các viên Sapphire xanh với nhiều sắc độ khác nhau đã tạo nên một hiệu ứng chuyển màu (gradient) đầy mê hoặc. Những viên đá quý được cắt gọt tỉ mỉ và nạm kín bộ vỏ bằng Vàng trắng 18k, tạo nên một dòng thác ánh sáng màu xanh dương bao phủ toàn bộ cổ tay, gợi liên tưởng đến vẻ đẹp huyền bí của đại dương hay bầu trời đêm thăm thẳm.","<p data-path-to-node=""5""><b data-path-to-node=""5"" data-index-in-node=""0""><a href=""https://theempire.vn/danh-muc/audemars-piguet/"">Audemars Piguet</a> Royal Oak Concept Flying Tourbillon 26227BC</b> phiên bản nạm Sapphire xanh là một kiệt tác nghệ thuật rực rỡ, đưa khái niệm “đồng hồ trang sức” lên một tầm cao mới của sự xa hoa. Khác với vẻ lấp lánh thuần khiết của kim cương trắng, việc sử dụng các viên <b data-path-to-node=""5"" data-index-in-node=""268"">Sapphire xanh</b> với nhiều sắc độ khác nhau đã tạo nên một hiệu ứng chuyển màu (gradient) đầy mê hoặc. Những viên đá quý được cắt gọt tỉ mỉ và nạm kín bộ vỏ bằng <b data-path-to-node=""5"" data-index-in-node=""427"">Vàng trắng 18k</b>, tạo nên một dòng thác ánh sáng màu xanh dương bao phủ toàn bộ cổ tay, gợi liên tưởng đến vẻ đẹp huyền bí của đại dương hay bầu trời đêm thăm thẳm.</p>
<p data-path-to-node=""6"">Trải nghiệm trên cổ tay là sự chìm đắm trong cấu trúc mặt số đa tầng mang tính biểu tượng của dòng Concept dành cho phái đẹp. Các họa tiết hình học nạm đá quý xếp lớp chồng lên nhau, hướng ánh nhìn về tâm điểm tại góc 6 giờ: lồng xoay <b data-path-to-node=""6"" data-index-in-node=""235"">Flying Tourbillon</b> đầy quyền năng. Cỗ máy Tourbillon bay lơ lửng giữa những khối sapphire xanh, tạo nên một sự tương phản tuyệt mỹ giữa nghệ thuật kim hoàn thủ công và kỹ nghệ Haute Horlogerie đỉnh cao. Với bộ máy <b data-path-to-node=""6"" data-index-in-node=""448"">Calibre 2951</b> sở hữu mức dự trữ năng lượng 72 giờ, chiếc đồng hồ không chỉ là một món trang sức lộng lẫy mà còn là một minh chứng cho sự bền bỉ cơ khí. Đi kèm dây da cá sấu xanh dương đồng điệu, 26227BC phiên bản Sapphire xanh là tuyên ngôn về đẳng cấp độc bản, dành riêng cho những quý cô muốn sở hữu một bảo vật không thể thay thế.</p>","6272000000","1","1","AUDEMARS PIGUET, AUDEMARS PIGUET > Royal Oak Concept","https://theempire.vn/wp-content/uploads/2026/01/Audemars-Piguet-Royal-Oak-Concept-26227BC.SS_.D326CR.01-Flying-Tourbillon-.png","Thương hiệu","AUDEMARS PIGUET","1","1","Bộ sưu tập","Royal Oak Concept","1","1"
"audemars-piguet-royal-oak-concept-26227bc-yy-d326cr-01-flying-tourbillon","simple","Audemars Piguet Royal Oak Concept 26227BC.YY.D326CR.01 Flying Tourbillon","1","0","visible","Audemars Piguet Royal Oak Concept Flying Tourbillon 26227BC phiên bản nạm Sapphire vàng là hiện thân của ánh hào quang rực rỡ và sự sang trọng tột bậc. Nếu phiên bản Sapphire xanh mang vẻ đẹp huyền bí của đại dương, thì biến thể này lại tỏa sáng như những tia nắng mặt trời rực cháy. Toàn bộ vỏ máy bằng Vàng trắng 18k được nạm kín hàng trăm viên Sapphire vàng tinh khiết với kỹ thuật nạm tinh xảo, tạo nên một hiệu ứng ánh sáng vàng óng ả, ấm áp nhưng vô cùng quyền lực. Đây là sự kết hợp táo bạo giữa cấu trúc vỏ Concept góc cạnh, mang hơi hướng tương lai với nghệ thuật sử dụng đá quý màu sắc – một đặc trưng làm nên danh tiếng của Audemars Piguet trong phân khúc đồng hồ trang sức cao cấp.","<p data-path-to-node=""5""><b data-path-to-node=""5"" data-index-in-node=""0""><a href=""https://theempire.vn/danh-muc/audemars-piguet/"">Audemars Piguet</a> Royal Oak Concept Flying Tourbillon 26227BC</b> phiên bản nạm Sapphire vàng là hiện thân của ánh hào quang rực rỡ và sự sang trọng tột bậc. Nếu phiên bản Sapphire xanh mang vẻ đẹp huyền bí của đại dương, thì biến thể này lại tỏa sáng như những tia nắng mặt trời rực cháy. Toàn bộ vỏ máy bằng <b data-path-to-node=""5"" data-index-in-node=""304"">Vàng trắng 18k</b> được nạm kín hàng trăm viên <b data-path-to-node=""5"" data-index-in-node=""347"">Sapphire vàng</b> tinh khiết với kỹ thuật nạm tinh xảo, tạo nên một hiệu ứng ánh sáng vàng óng ả, ấm áp nhưng vô cùng quyền lực. Đây là sự kết hợp táo bạo giữa cấu trúc vỏ Concept góc cạnh, mang hơi hướng tương lai với nghệ thuật sử dụng đá quý màu sắc – một đặc trưng làm nên danh tiếng của Audemars Piguet trong phân khúc đồng hồ trang sức cao cấp.</p>
<p data-path-to-node=""6"">Trải nghiệm trên cổ tay là sự choáng ngợp trước mặt số đa tầng được thiết kế như một mê cung ánh sáng. Các hình khối tam giác xếp lớp được nạm đá quý đồng điệu, tạo ra một chiều sâu thị giác cực kỳ ấn tượng, hướng mọi ánh nhìn về phía lồng xoay <b data-path-to-node=""6"" data-index-in-node=""245"">Flying Tourbillon</b> tại góc 6 giờ. Cỗ máy Tourbillon dường như đang “bay” giữa một biển vàng lấp lánh, phô diễn nhịp đập cơ khí bền bỉ của bộ máy <b data-path-to-node=""6"" data-index-in-node=""389"">Calibre 2951</b>. Với khả năng dự trữ năng lượng lên đến 72 giờ, chiếc đồng hồ không chỉ là một món trang sức xa hoa mà còn là một kiệt tác kỹ thuật chính xác. Đi kèm dây đeo da cá sấu màu xanh dương tạo sự tương phản đầy tính nghệ thuật, 26227BC nạm Sapphire vàng là bảo vật dành riêng cho những quý cô khao khát khẳng định vị thế độc tôn và sự tỏa sáng không thể lu mờ.</p>","7272000000","1","1","AUDEMARS PIGUET, AUDEMARS PIGUET > Royal Oak Concept","https://theempire.vn/wp-content/uploads/2026/01/Audemars-Piguet-Royal-Oak-Concept-26227BC.YY_.D326CR.01-Flying-Tourbillon-.png","Thương hiệu","AUDEMARS PIGUET","1","1","Bộ sưu tập","Royal Oak Concept","1","1"
"audemars-piguet-royal-oak-concept-26227bc-zz-d011cr-01-flying-tourbillon","simple","Audemars Piguet Royal Oak Concept 26227BC.ZZ.D011CR.01 Flying Tourbillon","1","0","visible","Audemars Piguet Royal Oak Concept Flying Tourbillon 26227BC là bản giao hưởng giữa cấu trúc kiến trúc tương lai và nghệ thuật kim hoàn đỉnh cao. Đây là mẫu Royal Oak Concept đầu tiên được thiết kế dành riêng cho phái đẹp (hoặc những quý ông có cổ tay nhỏ yêu thích sự lộng lẫy), đánh dấu bước đi táo bạo của AP khi kết hợp bộ vỏ góc cạnh, mạnh mẽ với sự mềm mại của đá quý. Toàn bộ bộ vỏ bằng Vàng trắng 18k được nạm kín bởi những viên kim cương tinh khiết nhất, tạo nên một luồng ánh sáng rực rỡ và tinh khôi, gợi liên tưởng đến một khối băng quý giá tỏa sáng dưới nắng.","<p data-path-to-node=""5""><b data-path-to-node=""5"" data-index-in-node=""0""><a href=""https://theempire.vn/danh-muc/audemars-piguet/"">Audemars Piguet</a> Royal Oak Concept Flying Tourbillon 26227BC</b> là bản giao hưởng giữa cấu trúc kiến trúc tương lai và nghệ thuật kim hoàn đỉnh cao. Đây là mẫu Royal Oak Concept đầu tiên được thiết kế dành riêng cho phái đẹp (hoặc những quý ông có cổ tay nhỏ yêu thích sự lộng lẫy), đánh dấu bước đi táo bạo của AP khi kết hợp bộ vỏ góc cạnh, mạnh mẽ với sự mềm mại của đá quý. Toàn bộ bộ vỏ bằng <b data-path-to-node=""5"" data-index-in-node=""393"">Vàng trắng 18k</b> được nạm kín bởi những viên kim cương tinh khiết nhất, tạo nên một luồng ánh sáng rực rỡ và tinh khôi, gợi liên tưởng đến một khối băng quý giá tỏa sáng dưới nắng.</p>
<p data-path-to-node=""6"">Trải nghiệm trên cổ tay là sự chiêm ngưỡng một kỳ quan cơ khí sống động. Điểm nhấn đắt giá nhất nằm ở mặt số được thiết kế đa tầng, với các hình khối tam giác nạm kim cương xếp lớp, tạo hiệu ứng chiều sâu 3D đầy mê hoặc như một hang động pha lê kỳ ảo. Tại góc 6 giờ, lồng xoay <b data-path-to-node=""6"" data-index-in-node=""277"">Flying Tourbillon</b> phô diễn nhịp đập điệu nghệ mà không có cầu đỡ phía trên, tạo cảm giác như bộ phận này đang bay lơ lửng giữa không trung. Những vòng tròn đồng tâm tại lồng Tourbillon cũng được nạm kim cương, khiến mỗi chuyển động xoay tròn đều tạo ra những tia sáng lấp lánh không ngừng. Kết hợp cùng dây da cá sấu màu trắng sang trọng, 26227BC là tuyên ngôn về quyền lực và gu thẩm mỹ xa hoa dành cho những chủ nhân đang dẫn đầu các xu hướng thời thượng nhất.</p>","4650000000","1","1","AUDEMARS PIGUET, AUDEMARS PIGUET > Royal Oak Concept","https://theempire.vn/wp-content/uploads/woocommerce-placeholder.png","Thương hiệu","AUDEMARS PIGUET","1","1","Bộ sưu tập","Royal Oak Concept","1","1"
"audemars-piguet-royal-oak-concept-26227or-zz-d011cr-01-fly-tourbillon","simple","Audemars Piguet Royal Oak Concept 26227OR.ZZ.D011CR.01 Fly Tourbillon","1","0","visible","Audemars Piguet Royal Oak Concept Flying Tourbillon 26227OR là bản giao hưởng giữa cấu trúc kiến trúc tương lai và nghệ thuật kim hoàn đỉnh cao. Đây là mẫu Royal Oak Concept đầu tiên được thiết kế dành riêng cho phái đẹp (hoặc những quý ông có cổ tay nhỏ yêu thích sự lộng lẫy), đánh dấu một bước đi táo bạo của AP khi kết hợp bộ vỏ góc cạnh, mạnh mẽ với sự mềm mại của đá quý. Toàn bộ bộ vỏ bằng Vàng hồng 18k được nạm kín bởi những viên kim cương tinh khiết theo phong cách ""cắt hiện đại"", tạo nên một luồng ánh sáng rực rỡ bao quanh cổ tay. Điểm đặc biệt nhất nằm ở mặt số được thiết kế đa tầng, với các hình khối tam giác nạm kim cương xếp lớp, tạo hiệu ứng chiều sâu 3D đầy mê hoặc như một hang động pha lê đầy kỳ ảo.","<p data-path-to-node=""5""><b data-path-to-node=""5"" data-index-in-node=""0""><a href=""https://theempire.vn/danh-muc/audemars-piguet/"">Audemars Piguet</a> Royal Oak Concept Flying Tourbillon 26227OR</b> là bản giao hưởng giữa cấu trúc kiến trúc tương lai và nghệ thuật kim hoàn đỉnh cao. Đây là mẫu Royal Oak Concept đầu tiên được thiết kế dành riêng cho phái đẹp (hoặc những quý ông có cổ tay nhỏ yêu thích sự lộng lẫy), đánh dấu một bước đi táo bạo của AP khi kết hợp bộ vỏ góc cạnh, mạnh mẽ với sự mềm mại của đá quý. Toàn bộ bộ vỏ bằng <b data-path-to-node=""5"" data-index-in-node=""397"">Vàng hồng 18k</b> được nạm kín bởi những viên kim cương tinh khiết theo phong cách “cắt hiện đại”, tạo nên một luồng ánh sáng rực rỡ bao quanh cổ tay. Điểm đặc biệt nhất nằm ở mặt số được thiết kế đa tầng, với các hình khối tam giác nạm kim cương xếp lớp, tạo hiệu ứng chiều sâu 3D đầy mê hoặc như một hang động pha lê đầy kỳ ảo.</p>
<p data-path-to-node=""6"">Trải nghiệm trên cổ tay là sự chiêm ngưỡng một kỳ quan cơ khí sống động. Tại góc 6 giờ, lồng xoay <b data-path-to-node=""6"" data-index-in-node=""98"">Flying Tourbillon</b> (Tourbillon bay) không có cầu đỡ phía trên, tạo cảm giác như đang lơ lửng giữa không trung. Những vòng tròn đồng tâm tại lồng Tourbillon cũng được nạm kim cương, khiến mỗi chuyển động xoay tròn đều tạo ra những tia sáng lấp lánh không ngừng. Trái tim của đồng hồ là bộ máy lên cót tay <b data-path-to-node=""6"" data-index-in-node=""401"">Calibre 2951</b> với mức dự trữ năng lượng ấn tượng lên đến 72 giờ, được hoàn thiện theo tiêu chuẩn Haute Horlogerie khắt khe nhất. Đi kèm dây da cá sấu màu trắng tinh khôi, 26227OR là tuyên ngôn về quyền lực, sự xa hoa và gu thẩm mỹ không giới hạn của những nữ chủ nhân đang dẫn đầu các xu hướng thời thượng nhất.</p>","15780000000","1","1","AUDEMARS PIGUET, AUDEMARS PIGUET > Royal Oak Concept","https://theempire.vn/wp-content/uploads/2026/01/Audemars-Piguet-Royal-Oak-Concept-26227OR.ZZ_.D011CR.01-Fly-Tourbillon-.png","Thương hiệu","AUDEMARS PIGUET","1","1","Bộ sưu tập","Royal Oak Concept","1","1"
"audemars-piguet-royal-oak-concept-26228bc-ss-d314cr-01-flying-tourbillon","simple","Audemars Piguet Royal Oak Concept 26228BC.SS.D314CR.01 Flying Tourbillon","1","0","visible","Audemars Piguet Royal Oak Concept Flying Tourbillon 26228BC phiên bản nạm Sapphire đỏ trên nền vàng trắng là một tuyệt tác mang vẻ đẹp đối lập đầy kịch tính. Nếu phiên bản vàng hồng mang lại cảm giác ấm áp, thì sự kết hợp giữa Vàng trắng 18k và những viên Sapphire đỏ rực rỡ lại tạo nên một diện mạo sắc lạnh, kiêu sa và vô cùng quyền lực. Những viên đá quý được tuyển chọn khắt khe về sắc độ để tạo nên hiệu ứng trải màu hoàn hảo, bao phủ toàn bộ bộ vỏ Concept góc cạnh, biến chiếc đồng hồ thành một khối ""băng hỏa"" lộng lẫy, thu hút mọi ánh nhìn ngay từ giây đầu tiên.","<p data-path-to-node=""5""><b data-path-to-node=""5"" data-index-in-node=""0""><a href=""https://theempire.vn/danh-muc/audemars-piguet/"">Audemars Piguet</a> Royal Oak Concept Flying Tourbillon 26228BC</b> phiên bản nạm Sapphire đỏ trên nền vàng trắng là một tuyệt tác mang vẻ đẹp đối lập đầy kịch tính. Nếu phiên bản vàng hồng mang lại cảm giác ấm áp, thì sự kết hợp giữa <b data-path-to-node=""5"" data-index-in-node=""227"">Vàng trắng 18k</b> và những viên <b data-path-to-node=""5"" data-index-in-node=""256"">Sapphire đỏ</b> rực rỡ lại tạo nên một diện mạo sắc lạnh, kiêu sa và vô cùng quyền lực. Những viên đá quý được tuyển chọn khắt khe về sắc độ để tạo nên hiệu ứng trải màu hoàn hảo, bao phủ toàn bộ bộ vỏ Concept góc cạnh, biến chiếc đồng hồ thành một khối “băng hỏa” lộng lẫy, thu hút mọi ánh nhìn ngay từ giây đầu tiên.</p>
<p data-path-to-node=""6"">Trải nghiệm trên cổ tay là sự giao thoa giữa kỹ nghệ nạm đá quý đỉnh cao và cấu trúc máy lộ cơ hiện đại. Mặt số đa tầng với các họa tiết hình khối tam giác đặc trưng được nạm đá quý đỏ đồng điệu, tạo nên một chiều sâu không gian huyền ảo. Tại góc 6 giờ, lồng xoay <b data-path-to-node=""6"" data-index-in-node=""264"">Flying Tourbillon</b> phô diễn chuyển động nhịp nhàng, như một trái tim cơ khí đang đập giữa những lớp tinh thể đỏ rực. Với bộ máy <b data-path-to-node=""6"" data-index-in-node=""391"">Calibre 2951</b> sở hữu khả năng dự trữ năng lượng 72 giờ và hoàn thiện tinh xảo, chiếc đồng hồ này là minh chứng cho việc Audemars Piguet có thể biến những cỗ máy phức tạp nhất thành những món trang sức xa xỉ bậc nhất. Đi kèm dây da cá sấu màu đỏ rực, 26228BC là lựa chọn tối thượng cho những quý cô muốn khẳng định sự tự tin, quyết đoán và đẳng cấp khác biệt.</p>","6572000000","1","1","AUDEMARS PIGUET, AUDEMARS PIGUET > Royal Oak Concept","https://theempire.vn/wp-content/uploads/2026/01/Audemars-Piguet-Royal-Oak-Concept-26228BC.SS_.D314CR.01-Flying-Tourbillon-.png","Thương hiệu","AUDEMARS PIGUET","1","1","Bộ sưu tập","Royal Oak Concept","1","1"
"audemars-piguet-royal-oak-concept-26228bc-zz-d011cr-01-flying-tourbillon","simple","Audemars Piguet Royal Oak Concept 26228BC.ZZ.D011CR.01 Flying Tourbillon","1","0","visible","Audemars Piguet Royal Oak Concept Flying Tourbillon 26228BC là hiện thân của sự sang trọng tinh khiết và kỹ nghệ cơ khí tương lai. Nếu phiên bản vàng hồng mang lại sự ấm áp, vương giả thì phiên bản Vàng trắng 18k này lại toát lên vẻ lạnh lùng, sắc sảo và cực kỳ hiện đại. Toàn bộ vỏ máy được nạm kín những viên kim cương tinh khiết nhất, tạo nên một hiệu ứng ""băng giá"" đầy quyền lực. Điểm nhấn làm nên linh hồn của chiếc đồng hồ chính là cấu trúc mặt số đa tầng phức tạp, với các họa tiết hình khối tam giác nạm kim cương xếp lớp một cách bất đối xứng, tạo nên một chiều sâu 3D như một mê cung pha lê lấp lánh dưới mọi góc nhìn.","<p data-path-to-node=""5""><b data-path-to-node=""5"" data-index-in-node=""0""><a href=""https://theempire.vn/danh-muc/audemars-piguet/"">Audemars Piguet</a> Royal Oak Concept Flying Tourbillon 26228BC</b> là hiện thân của sự sang trọng tinh khiết và kỹ nghệ cơ khí tương lai. Nếu phiên bản vàng hồng mang lại sự ấm áp, vương giả thì phiên bản <b data-path-to-node=""5"" data-index-in-node=""198"">Vàng trắng 18k</b> này lại toát lên vẻ lạnh lùng, sắc sảo và cực kỳ hiện đại. Toàn bộ vỏ máy được nạm kín những viên kim cương tinh khiết nhất, tạo nên một hiệu ứng “băng giá” đầy quyền lực. Điểm nhấn làm nên linh hồn của chiếc đồng hồ chính là cấu trúc mặt số đa tầng phức tạp, với các họa tiết hình khối tam giác nạm kim cương xếp lớp một cách bất đối xứng, tạo nên một chiều sâu 3D như một mê cung pha lê lấp lánh dưới mọi góc nhìn.</p>
<p data-path-to-node=""6"">Trải nghiệm trên cổ tay là sự chiêm ngưỡng một tác phẩm nghệ thuật chuyển động không ngừng. Tại góc 6 giờ, lồng xoay <b data-path-to-node=""6"" data-index-in-node=""117"">Flying Tourbillon</b> được phô diễn hoàn hảo mà không có cầu đỡ phía trên, tạo cảm giác như bộ phận này đang bay lơ lửng giữa những khối kim cương. Từng chi tiết nhỏ nhất trên lồng Tourbillon cũng được chăm chút và nạm đá quý, khiến nhịp đập của cỗ máy trở thành một màn trình diễn ánh sáng sống động. Trái tim của đồng hồ là bộ máy <b data-path-to-node=""6"" data-index-in-node=""446"">Calibre 2951</b> lên cót tay, cung cấp mức dự trữ năng lượng lên đến 72 giờ, đảm bảo sự bền bỉ bên cạnh vẻ ngoài lộng lẫy. Kết hợp cùng dây đeo da cá sấu màu trắng tinh khôi và khóa gập bằng vàng trắng nạm kim cương, 26228BC là món bảo vật dành cho những quý cô muốn khẳng định vị thế độc tôn và gu thẩm mỹ khác biệt trong giới thượng lưu.</p>","16250000000","1","1","AUDEMARS PIGUET, AUDEMARS PIGUET > Royal Oak Concept","https://theempire.vn/wp-content/uploads/2026/01/Audemars-Piguet-Royal-Oak-Concept-26228BC.ZZ_.D011CR.01-Flying-Tourbillon-1-1.png","Thương hiệu","AUDEMARS PIGUET","1","1","Bộ sưu tập","Royal Oak Concept","1","1"
"audemars-piguet-royal-oak-concept-26228bc-zz-d011cr-01-flying-tourbillon-2","simple","Audemars Piguet Royal Oak Concept 26228BC.ZZ.D011CR.01 Flying Tourbillon","1","0","visible","Audemars Piguet Royal Oak Concept Flying Tourbillon 26228BC là biểu tượng của sự sang trọng tuyệt đối, nơi những góc cạnh mạnh mẽ của dòng Concept được ""mềm hóa"" bởi ánh sáng rực rỡ từ hàng trăm viên kim cương. Khác với người anh em 26227, phiên bản 26228 mang đến một cấu trúc mặt số lộ cơ (openworked) thoáng đạt hơn, cho phép người xem quan sát sâu hơn vào ""nội tạng"" của cỗ máy. Bộ vỏ bằng Vàng trắng 18k được nạm kim cương theo kỹ thuật nạm tinh xảo, biến chiếc đồng hồ thành một tác phẩm nghệ thuật băng giá, lấp lánh như những tinh thể tuyết dưới ánh mặt trời.","<p data-path-to-node=""5""><b data-path-to-node=""5"" data-index-in-node=""0""><a href=""https://theempire.vn/danh-muc/audemars-piguet/"">Audemars Piguet</a> Royal Oak Concept Flying Tourbillon 26228BC</b> là biểu tượng của sự sang trọng tuyệt đối, nơi những góc cạnh mạnh mẽ của dòng Concept được “mềm hóa” bởi ánh sáng rực rỡ từ hàng trăm viên kim cương. Khác với người anh em 26227, phiên bản 26228 mang đến một cấu trúc mặt số lộ cơ (openworked) thoáng đạt hơn, cho phép người xem quan sát sâu hơn vào “nội tạng” của cỗ máy. Bộ vỏ bằng <b data-path-to-node=""5"" data-index-in-node=""394"">Vàng trắng 18k</b> được nạm kim cương theo kỹ thuật nạm tinh xảo, biến chiếc đồng hồ thành một tác phẩm nghệ thuật băng giá, lấp lánh như những tinh thể tuyết dưới ánh mặt trời.</p>
<p data-path-to-node=""6"">Trải nghiệm trên cổ tay là sự tận hưởng một không gian cơ khí 3D đầy lôi cuốn. Mặt số không đi theo lối mòn truyền thống mà được tạo nên từ các cầu máy nạm kim cương xếp lớp, tạo hiệu ứng chiều sâu vô tận. Tại góc 6 giờ, lồng xoay <b data-path-to-node=""6"" data-index-in-node=""231"">Flying Tourbillon</b> vẫn là tâm điểm của mọi sự chú ý – một kỳ công của Haute Horlogerie giúp triệt tiêu tác động của trọng lực lên độ chính xác của đồng hồ. Trái tim của cỗ máy là bộ truyền động <b data-path-to-node=""6"" data-index-in-node=""424"">Calibre 2951</b> với mức dự trữ năng lượng lên tới 72 giờ, được hoàn thiện thủ công tỉ mỉ đến từng chi tiết nhỏ nhất. Đi kèm dây da cá sấu màu trắng tinh khôi, 26228BC không chỉ là một chiếc đồng hồ, mà là một món bảo vật xa xỉ, khẳng định gu thẩm mỹ tinh tế và đẳng cấp không thể lay chuyển của những quý cô thượng lưu.</p>","11800000000","1","1","AUDEMARS PIGUET, AUDEMARS PIGUET > Royal Oak Concept","https://theempire.vn/wp-content/uploads/2026/01/Audemars-Piguet-Royal-Oak-Concept-26228BC.ZZ_.D011CR.01-Flying-Tourbillon.png","Thương hiệu","AUDEMARS PIGUET","1","1","Bộ sưu tập","Royal Oak Concept","1","1"
"audemars-piguet-royal-oak-concept-26228or-ss-d314cr-01-flying-tourbillon","simple","Audemars Piguet Royal Oak Concept 26228OR.SS.D314CR.01 Flying Tourbillon","1","0","visible","Audemars Piguet Royal Oak Concept Flying Tourbillon 26228OR phiên bản nạm Sapphire đỏ và hồng là biểu tượng của niềm đam mê rực cháy và sự nữ quyền đầy quyến rũ. Nếu các phiên bản trước mang sắc thái lạnh lùng của kim cương hay sapphire xanh, thì mẫu đồng hồ này lại bùng nổ với gam màu nóng bỏng, được chế tác dành riêng cho những quý cô có cá tính mạnh mẽ và phong cách thời trang rực rỡ. Toàn bộ vỏ máy bằng Vàng hồng 18k được nạm kín những viên đá quý Sapphire với sắc độ chuyển dần từ hồng nhạt sang đỏ thẫm, tạo nên một hiệu ứng ánh sáng nồng nàn và lôi cuốn, như một đóa hồng đá quý đang nở rộ trên cổ tay.","<p data-path-to-node=""5""><b data-path-to-node=""5"" data-index-in-node=""0""><a href=""https://theempire.vn/danh-muc/audemars-piguet/"">Audemars Piguet</a> Royal Oak Concept Flying Tourbillon 26228OR</b> phiên bản nạm Sapphire đỏ và hồng là biểu tượng của niềm đam mê rực cháy và sự nữ quyền đầy quyến rũ. Nếu các phiên bản trước mang sắc thái lạnh lùng của kim cương hay sapphire xanh, thì mẫu đồng hồ này lại bùng nổ với gam màu nóng bỏng, được chế tác dành riêng cho những quý cô có cá tính mạnh mẽ và phong cách thời trang rực rỡ. Toàn bộ vỏ máy bằng <b data-path-to-node=""5"" data-index-in-node=""411"">Vàng hồng 18k</b> được nạm kín những viên đá quý Sapphire với sắc độ chuyển dần từ hồng nhạt sang đỏ thẫm, tạo nên một hiệu ứng ánh sáng nồng nàn và lôi cuốn, như một đóa hồng đá quý đang nở rộ trên cổ tay.</p>
<p data-path-to-node=""6"">Trải nghiệm trên cổ tay là sự tận hưởng một kiệt tác cơ khí mang tâm hồn nghệ thuật. Mặt số đa tầng đặc trưng của dòng Concept được các nghệ nhân AP thiết kế tỉ mỉ với các hình khối tam giác xếp lớp, mỗi tầng lại được nạm đá quý đồng điệu để tạo chiều sâu 3D cực kỳ sống động. Tâm điểm tại góc 6 giờ vẫn là cỗ máy <b data-path-to-node=""6"" data-index-in-node=""314"">Flying Tourbillon</b> đầy quyền năng, lơ lửng và chuyển động nhịp nhàng giữa “biển lửa” đá quý rực rỡ. Trái tim của đồng hồ là bộ máy <b data-path-to-node=""6"" data-index-in-node=""444"">Calibre 2951</b> với mức dự trữ năng lượng lên đến 72 giờ, đảm bảo sự chính xác tuyệt đối bên trong một diện mạo xa hoa. Đi kèm dây da cá sấu màu đỏ rực rỡ, 26228OR không chỉ là một chiếc đồng hồ, mà là một món trang sức “Hyper-luxury”, khẳng định vị thế và sức hấp dẫn không thể chối từ của chủ nhân.</p>","6572000000","1","1","AUDEMARS PIGUET, AUDEMARS PIGUET > Royal Oak Concept","https://theempire.vn/wp-content/uploads/2026/01/Audemars-Piguet-Royal-Oak-Concept-26228OR.SS_.D314CR.01-Flying-Tourbillon-1.png","Thương hiệu","AUDEMARS PIGUET","1","1","Bộ sưu tập","Royal Oak Concept","1","1"
"audemars-piguet-royal-oak-concept-26587ti-oo-d031ca-01-tourbillon-chronograph-openworked-selfwinding","simple","Audemars Piguet Royal Oak Concept 26587TI.OO.D031CA.01 Tourbillon Chronograph Openworked Selfwinding","1","0","visible","Audemars Piguet Royal Oak Concept 26587TI là đại diện cho kỷ nguyên mới của dòng Concept khi lần đầu tiên kết hợp bộ máy tự động (Selfwinding) với các tính năng phức tạp bậc nhất là Tourbillon và Chronograph. Bộ vỏ 44mm được chế tác từ Titanium phun cát, mang lại vẻ đẹp xám mờ hiện đại, cứng cáp nhưng lại có trọng lượng siêu nhẹ, tạo cảm giác thoải mái tối đa dù mang trên mình một cỗ máy đồ sộ. Điểm nhấn thị giác mạnh mẽ nhất chính là sự đan xen giữa các chi tiết lộ cơ (openworked) màu đen và sắc xanh dương rực rỡ trên vòng chương, bộ kim và dây đeo, tạo nên một tổng thể đậm chất thể thao và tương lai.","<p data-path-to-node=""5""><b data-path-to-node=""5"" data-index-in-node=""0""><a href=""https://theempire.vn/danh-muc/audemars-piguet/"">Audemars Piguet</a> Royal Oak Concept 26587TI</b> là đại diện cho kỷ nguyên mới của dòng Concept khi lần đầu tiên kết hợp bộ máy tự động (Selfwinding) với các tính năng phức tạp bậc nhất là <b data-path-to-node=""5"" data-index-in-node=""182"">Tourbillon</b> và <b data-path-to-node=""5"" data-index-in-node=""196"">Chronograph</b>. Bộ vỏ 44mm được chế tác từ <b data-path-to-node=""5"" data-index-in-node=""236"">Titanium phun cát</b>, mang lại vẻ đẹp xám mờ hiện đại, cứng cáp nhưng lại có trọng lượng siêu nhẹ, tạo cảm giác thoải mái tối đa dù mang trên mình một cỗ máy đồ sộ. Điểm nhấn thị giác mạnh mẽ nhất chính là sự đan xen giữa các chi tiết lộ cơ (openworked) màu đen và sắc xanh dương rực rỡ trên vòng chương, bộ kim và dây đeo, tạo nên một tổng thể đậm chất thể thao và tương lai.</p>
<p data-path-to-node=""6"">Trải nghiệm trên cổ tay là sự chiêm ngưỡng một màn trình diễn kỹ thuật cơ khí thượng thừa. Khác với các mẫu lên cót tay, 26587TI sở hữu bộ máy <b data-path-to-node=""6"" data-index-in-node=""143"">Calibre 2949</b> với quả văng (rotor) được thiết kế tinh xảo, có thể quan sát được qua nắp lưng sapphire. Tại góc 6 giờ, lồng xoay <b data-path-to-node=""6"" data-index-in-node=""270"">Tourbillon</b> vận hành bền bỉ để loại bỏ tác động của trọng lực, trong khi hệ thống bấm giờ <b data-path-to-node=""6"" data-index-in-node=""359"">Chronograph</b> với bộ đếm 30 phút tại góc 3 giờ mang lại tính ứng dụng cao. Với thiết kế lộ cơ hoàn toàn, mọi chi tiết từ bánh xe cột (column wheel) đến các cầu máy vát cạnh đều được phô diễn, biến chiếc đồng hồ thành một thực thể sống động, phản ánh tinh thần đổi mới không ngừng của Audemars Piguet. Đây là mẫu đồng hồ dành cho những quý ông tìm kiếm sự tiện lợi của máy tự động nhưng vẫn khao khát vẻ đẹp “Hyper-watch” đầy quyền năng.</p>","7527000000","1","1","AUDEMARS PIGUET, AUDEMARS PIGUET > Royal Oak Concept","https://theempire.vn/wp-content/uploads/2026/01/Audemars-Piguet-Royal-Oak-Concept-26587TI.OO_.D031CA.01-Tourbillon-Chronograph-Openworked-Selfwinding-.png","Thương hiệu","AUDEMARS PIGUET","1","1","Bộ sưu tập","Royal Oak Concept","1","1"
"audemars-piguet-royal-oak-concept-26587ti-oo-d031ca-01-tourbillon-chronograph-openworked-selfwinding-2","simple","Audemars Piguet Royal Oak Concept 26587TI.OO.D031CA.01 Tourbillon Chronograph Openworked Selfwinding","1","0","visible","Audemars Piguet Royal Oak Concept 26587TI là biểu tượng cho sự giao thoa giữa kỹ nghệ Haute Horlogerie truyền thống và ngôn ngữ thiết kế của tương lai. Đây là một trong những mẫu Concept hiếm hoi sở hữu bộ máy cơ tự động (Selfwinding) tích hợp cùng lúc hai chức năng phức tạp bậc nhất: Tourbillon và Chronograph. Bộ vỏ 44mm được chế tác từ Titanium phun cát, mang lại sắc xám mờ hiện đại, cứng cáp nhưng lại có trọng lượng siêu nhẹ, tạo cảm giác vô cùng thoải mái khi hiện diện trên cổ tay. Sự kết hợp giữa tông màu xám của Titanium và sắc xanh dương rực rỡ từ dây đeo đến các chi tiết mặt số tạo nên một tổng thể mang đậm hơi thở của công nghệ và sự quyền năng.","<p data-path-to-node=""5""><b class="""" data-path-to-node=""5"" data-index-in-node=""0""><a href=""https://theempire.vn/danh-muc/audemars-piguet/"">Audemars Piguet</a> Royal Oak Concept 26587TI</b><span class=""""> là biểu tượng cho sự giao thoa giữa kỹ nghệ Haute Horlogerie truyền thống và ngôn ngữ thiết kế của tương lai.</span><span class=""""> Đây là một trong những mẫu Concept hiếm hoi sở hữu bộ máy cơ tự động (Selfwinding) tích hợp cùng lúc hai chức năng phức tạp bậc nhất:</span> <b class="""" data-path-to-node=""5"" data-index-in-node=""286"">Tourbillon</b><span class=""""> và </span><b class="""" data-path-to-node=""5"" data-index-in-node=""300"">Chronograph</b><span class="""">.</span><span class=""""> Bộ vỏ 44mm được chế tác từ </span><b class="""" data-path-to-node=""5"" data-index-in-node=""340"">Titanium phun cát</b><span class="""">,</span><span class=""""> mang lại sắc xám mờ hiện đại,</span><span class=""""> cứng cáp nhưng lại có trọng lượng siêu nhẹ,</span><span class=""""> tạo cảm giác vô cùng thoải mái khi hiện diện trên cổ tay.</span><span class=""""> Sự kết hợp giữa tông màu xám của Titanium và sắc xanh dương rực rỡ từ dây đeo đến các chi tiết mặt số tạo nên một tổng thể mang đậm hơi thở của công nghệ và sự quyền năng.</span></p>
<p data-path-to-node=""6""><span class="""">Trải nghiệm trên cổ tay là sự choáng ngợp trước cấu trúc </span><b class="""" data-path-to-node=""6"" data-index-in-node=""57"">Openworked</b><span class=""""> (lộ cơ) đa tầng cực kỳ tinh xảo.</span><span class=""""> Qua lớp kính sapphire,</span><span class=""""> toàn bộ “nội tạng” của cỗ máy </span><b class="""" data-path-to-node=""6"" data-index-in-node=""154"">Calibre 2949</b><span class=""""> được phô diễn một cách nghệ thuật với các cầu máy xử lý đen mờ vát cạnh thủ công.</span><span class=""""> Tại góc 6 giờ,</span><span class=""""> lồng xoay </span><b class="""" data-path-to-node=""6"" data-index-in-node=""274"">Tourbillon</b><span class=""""> vận hành nhịp nhàng để triệt tiêu tác động của trọng lực,</span><span class=""""> trong khi bộ đếm 30 phút của chức năng Chronograph được đặt tại góc 3 giờ tạo nên sự cân bằng hoàn hảo.</span><span class=""""> Điểm đặc biệt của phiên bản tự động này chính là quả văng (rotor) bằng bạch kim được khoét rỗng tinh tế,</span><span class=""""> cho phép người đeo chiêm ngưỡng trọn vẹn sự chuyển động của các bánh răng từ cả hai mặt.</span><span class=""""> Đây là cỗ máy dành riêng cho những nhà sưu tầm yêu thích sự tiện dụng của máy tự động nhưng vẫn đòi hỏi một diện mạo “Hyper-watch” đầy bứt phá và khác biệt.</span></p>","8040000000","1","1","AUDEMARS PIGUET, AUDEMARS PIGUET > Royal Oak Concept","https://theempire.vn/wp-content/uploads/2026/01/Audemars-Piguet-Royal-Oak-Concept-26587TI.OO_.D031CA.01-Tourbillon-Chronograph-Openworked-Selfwinding-1.png","Thương hiệu","AUDEMARS PIGUET","1","1","Bộ sưu tập","Royal Oak Concept","1","1"
"audemars-piguet-royal-oak-concept-26589io-oo-d002ca-01-flying-tourbillon-gmt","simple","Audemars Piguet Royal Oak Concept 26589IO.OO.D002CA.01 Flying Tourbillon GMT","1","0","visible","Audemars Piguet Royal Oak Concept Flying Tourbillon GMT 26589IO là một cỗ máy mang vẻ đẹp của tương lai, một sự kết hợp hoàn hảo giữa kỹ nghệ chế tác thủ công truyền thống và vật liệu công nghệ cao. Bộ vỏ 44mm bằng Titanium phun cát mang lại cảm giác nhẹ bẫng trên cổ tay nhưng lại vô cùng bền bỉ, kết hợp cùng vành bezel bằng Ceramic đen được đánh bóng và chải mờ đan xen sắc sảo. Điểm nhấn ấn tượng nhất của chiếc đồng hồ chính là cấu trúc bộ máy lộ cơ (skeleton) được thiết kế theo dạng các khối hình học bất đối xứng, với các cầu máy được xử lý bằng công nghệ PVD màu đen và xanh dương, tạo nên một chiều sâu không gian cực kỳ mạnh mẽ và nam tính.","<p data-path-to-node=""5""><b data-path-to-node=""5"" data-index-in-node=""0""><a href=""https://theempire.vn/danh-muc/audemars-piguet/"">Audemars Piguet</a> Royal Oak Concept Flying Tourbillon GMT 26589IO</b> là một cỗ máy mang vẻ đẹp của tương lai, một sự kết hợp hoàn hảo giữa kỹ nghệ chế tác thủ công truyền thống và vật liệu công nghệ cao. Bộ vỏ 44mm bằng <b data-path-to-node=""5"" data-index-in-node=""215"">Titanium phun cát</b> mang lại cảm giác nhẹ bẫng trên cổ tay nhưng lại vô cùng bền bỉ, kết hợp cùng vành bezel bằng <b data-path-to-node=""5"" data-index-in-node=""327"">Ceramic đen</b> được đánh bóng và chải mờ đan xen sắc sảo. Điểm nhấn ấn tượng nhất của chiếc đồng hồ chính là cấu trúc bộ máy lộ cơ (skeleton) được thiết kế theo dạng các khối hình học bất đối xứng, với các cầu máy được xử lý bằng công nghệ PVD màu đen và xanh dương, tạo nên một chiều sâu không gian cực kỳ mạnh mẽ và nam tính.</p>
<p data-path-to-node=""6"">Trải nghiệm trên cổ tay là sự tận hưởng những tính năng phức tạp bậc nhất dành cho những nhà lữ hành thượng lưu. Tại góc 9 giờ, lồng xoay <b data-path-to-node=""6"" data-index-in-node=""138"">Flying Tourbillon</b> phô diễn nhịp đập cơ khí một cách ngoạn mục mà không có cầu đỡ phía trên. Đối xứng ở góc 3 giờ là đĩa hiển thị <b data-path-to-node=""6"" data-index-in-node=""267"">Múi giờ thứ hai (GMT)</b> thông minh với cơ chế nhảy giờ tức thì, giúp bạn dễ dàng kiểm soát thời gian ở một địa điểm khác. Đặc biệt, tại góc 6 giờ là bộ chỉ báo vị trí núm vặn (H – Setting, N – Neutral, R – Winding), một chi tiết đặc trưng của dòng Concept lấy cảm hứng từ hộp số xe đua. Với bộ máy <b data-path-to-node=""6"" data-index-in-node=""563"">Calibre 2954</b> cho khả năng dự trữ năng lượng “khủng” lên đến <b data-path-to-node=""6"" data-index-in-node=""623"">10 ngày (237 giờ)</b>, 26589IO không chỉ là một chiếc đồng hồ, mà là một món vũ khí thời gian đẳng cấp dành cho những quý ông yêu thích sự đột phá và sức mạnh công nghệ.</p>","3972000000","1","1","AUDEMARS PIGUET, AUDEMARS PIGUET > Royal Oak Concept","https://theempire.vn/wp-content/uploads/2026/01/Audemars-Piguet-Royal-Oak-Concept-26589IO.OO_.D002CA.01-Flying-Tourbillon-GMT-.png","Thương hiệu","AUDEMARS PIGUET","1","1","Bộ sưu tập","Royal Oak Concept","1","1"
"audemars-piguet-royal-oak-concept-26589io-oo-d056ca-01-flying-tourbillon-gmt","simple","Audemars Piguet Royal Oak Concept 26589IO.OO.D056CA.01 Flying Tourbillon GMT","1","0","visible","Audemars Piguet Royal Oak Concept Flying Tourbillon GMT 26589IO (Green) là phiên bản mang sắc thái mạnh mẽ và hiện đại nhất trong dòng Concept GMT, nơi vật liệu công nghệ cao hòa quyện cùng gam màu xanh lá cây thời thượng. Điểm khác biệt lớn nhất tạo nên sức hút của mẫu này chính là sự xuất hiện của Ceramic xanh lá trên vành bezel – một loại vật liệu cực kỳ khó chế tác để đạt được sắc độ đồng nhất và độ cứng hoàn hảo. Kết hợp cùng bộ vỏ Titanium phun cát màu xám mờ, chiếc đồng hồ toát lên vẻ bụi bặm, phong trần nhưng vẫn giữ được nét tinh xảo đặc trưng của dòng ""Hyper-watch"" từ nhà Audemars Piguet.","<p data-path-to-node=""5""><b data-path-to-node=""5"" data-index-in-node=""0""><a href=""https://theempire.vn/danh-muc/audemars-piguet/"">Audemars Piguet</a> Royal Oak Concept Flying Tourbillon GMT 26589IO (Green)</b> là phiên bản mang sắc thái mạnh mẽ và hiện đại nhất trong dòng Concept GMT, nơi vật liệu công nghệ cao hòa quyện cùng gam màu xanh lá cây thời thượng. Điểm khác biệt lớn nhất tạo nên sức hút của mẫu này chính là sự xuất hiện của <b data-path-to-node=""5"" data-index-in-node=""301"">Ceramic xanh lá</b> trên vành bezel – một loại vật liệu cực kỳ khó chế tác để đạt được sắc độ đồng nhất và độ cứng hoàn hảo. Kết hợp cùng bộ vỏ <b data-path-to-node=""5"" data-index-in-node=""441"">Titanium phun cát</b> màu xám mờ, chiếc đồng hồ toát lên vẻ bụi bặm, phong trần nhưng vẫn giữ được nét tinh xảo đặc trưng của dòng “Hyper-watch” từ nhà Audemars Piguet.</p>
<p data-path-to-node=""6"">Trải nghiệm trên cổ tay là sự khám phá một không gian cơ khí đa tầng đầy mê hoặc. Mặt số lộ cơ (skeleton) phô diễn các cầu máy hình khối được xử lý lớp phủ PVD màu xanh lá cây đồng điệu, tạo nên một chiều sâu kiến trúc ấn tượng. Tại góc 9 giờ, lồng xoay <b data-path-to-node=""6"" data-index-in-node=""254"">Flying Tourbillon</b> phô diễn nhịp đập bền bỉ, trong khi góc 3 giờ là đĩa hiển thị <b data-path-to-node=""6"" data-index-in-node=""334"">Múi giờ thứ hai (GMT)</b> với cơ chế nhảy số thông minh. Đặc biệt, bộ máy <b data-path-to-node=""6"" data-index-in-node=""404"">Calibre 2954</b> sở hữu mức dự trữ năng lượng cực khủng lên đến <b data-path-to-node=""6"" data-index-in-node=""464"">10 ngày (237 giờ)</b>, giúp các chủ nhân yên tâm sử dụng trong suốt những chuyến hành trình dài. Đi kèm dây đeo cao su xanh lá tích hợp, đây là mẫu đồng hồ dành cho những quý ông có cá tính mạnh, yêu thích sự phá cách và muốn khẳng định gu thẩm mỹ dẫn đầu xu hướng.</p>","3930000000","1","1","AUDEMARS PIGUET, AUDEMARS PIGUET > Royal Oak Concept","https://theempire.vn/wp-content/uploads/2026/01/Audemars-Piguet-Royal-Oak-Concept-26589IO.OO_.D056CA.01-Flying-Tourbillon-GMT-.png","Thương hiệu","AUDEMARS PIGUET","1","1","Bộ sưu tập","Royal Oak Concept","1","1"
"audemars-piguet-royal-oak-concept-26620io-oo-d077ca-01-black-panther-flying-tourbillon","simple","Audemars Piguet Royal Oak Concept 26620IO.OO.D077CA.01 “Black Panther” Flying Tourbillon","1","0","visible","Audemars Piguet Royal Oak Concept “Black Panther” Flying Tourbillon là một ""cú nổ"" chấn động trong thế giới đồng hồ xa xỉ, đánh dấu sự hợp tác lịch sử giữa AP và Marvel. Đây không chỉ là một cỗ máy thời gian, mà là một tác phẩm điêu khắc vi mô đỉnh cao dành cho những nhà sưu tầm khao khát sự độc bản và tinh thần siêu anh hùng. Tâm điểm của mặt số là hình tượng Chiến binh Báo Đen (Black Panther) được chạm khắc thủ công bằng vàng trắng vô cùng tinh xảo. Từng chi tiết từ bộ giáp Vibranium, móng vuốt cho đến những đường nét cơ bắp đều được vẽ tay bằng sơn mài đen và tím, đòi hỏi hàng chục giờ làm việc của những nghệ nhân điêu khắc tài năng nhất. Sắc tím đặc trưng của vùng đất Wakanda không chỉ xuất hiện trên bộ giáp mà còn lan tỏa ra dây đeo cao su, tạo nên một hiệu ứng thị giác đầy quyền năng và huyền bí.","<p data-path-to-node=""5""><b data-path-to-node=""5"" data-index-in-node=""0""><a href=""https://theempire.vn/danh-muc/audemars-piguet/"">Audemars Piguet</a> Royal Oak Concept “Black Panther” Flying Tourbillon</b> là một “cú nổ” chấn động trong thế giới đồng hồ xa xỉ, đánh dấu sự hợp tác lịch sử giữa AP và Marvel. Đây không chỉ là một cỗ máy thời gian, mà là một tác phẩm điêu khắc vi mô đỉnh cao dành cho những nhà sưu tầm khao khát sự độc bản và tinh thần siêu anh hùng. Tâm điểm của mặt số là hình tượng <b data-path-to-node=""5"" data-index-in-node=""363"">Chiến binh Báo Đen (Black Panther)</b> được chạm khắc thủ công bằng vàng trắng vô cùng tinh xảo. Từng chi tiết từ bộ giáp Vibranium, móng vuốt cho đến những đường nét cơ bắp đều được vẽ tay bằng sơn mài đen và tím, đòi hỏi hàng chục giờ làm việc của những nghệ nhân điêu khắc tài năng nhất. Sắc tím đặc trưng của vùng đất Wakanda không chỉ xuất hiện trên bộ giáp mà còn lan tỏa ra dây đeo cao su, tạo nên một hiệu ứng thị giác đầy quyền năng và huyền bí.</p>
<p data-path-to-node=""6"">Trải nghiệm trên cổ tay là sự hòa quyện giữa công nghệ tương lai và kỹ nghệ Haute Horlogerie truyền thống. Bộ vỏ Concept 42mm được chế tác từ <b data-path-to-node=""6"" data-index-in-node=""142"">Titanium và Ceramic</b>, mang lại trọng lượng siêu nhẹ và cảm giác đầm chắc nhưng vô cùng thoải mái. Tại góc 6 giờ, lồng xoay <b data-path-to-node=""6"" data-index-in-node=""264"">Flying Tourbillon</b> phô diễn nhịp đập cơ khí điêu luyện, mang lại độ chính xác tuyệt đối và sự sống động cho mặt số. Trái tim của đồng hồ là bộ máy <b data-path-to-node=""6"" data-index-in-node=""410"">Calibre 2965</b> với khả năng dự trữ năng lượng lên đến 72 giờ, được hoàn thiện với các cầu máy màu xám đen phun cát cực kỳ hiện đại. Với số lượng giới hạn chỉ <b data-path-to-node=""6"" data-index-in-node=""566"">250 chiếc trên toàn thế giới</b>, Black Panther Flying Tourbillon không chỉ là một chiếc đồng hồ, mà là một biểu tượng văn hóa đại chúng đẳng cấp, một món bảo vật mà bất kỳ “Big Boy” nào cũng khao khát đưa về bộ sưu tập của mình.</p>","9010000000","1","1","AUDEMARS PIGUET, AUDEMARS PIGUET > Royal Oak Concept","https://theempire.vn/wp-content/uploads/2026/01/Audemars-Piguet-Royal-Oak-Concept-26620IO.OO_.D077CA.01-Black-Panther-Flying-Tourbillon-.png","Thương hiệu","AUDEMARS PIGUET","1","1","Bộ sưu tập","Royal Oak Concept","1","1"
"audemars-piguet-royal-oak-concept-26623bc-gg-d077ca-01-black-panther-flying-tourbillon","simple","Audemars Piguet Royal Oak Concept 26623BC.GG.D077CA.01 “Black Panther” Flying Tourbillon","1","0","visible","Audemars Piguet Royal Oak Concept “Black Panther” Flying Tourbillon (Vàng trắng) là phiên bản độc bản (Unique Piece) hoặc cực kỳ giới hạn, nâng tầm sự xa xỉ của hình tượng chiến binh Wakanda lên một ngưỡng mới. Điểm khác biệt hoàn toàn so với phiên bản Titanium chính là bộ vỏ được chế tác từ Vàng trắng 18k kết hợp với kỹ thuật Frosted Gold (vàng bụi) – một kỹ thuật gõ thủ công bằng công cụ có đầu kim cương tạo nên những vết lõm li ti, giúp bề mặt đồng hồ lấp lánh như được phủ một lớp kim cương tự nhiên. Sự phản chiếu ánh sáng mạnh mẽ từ bộ vỏ vàng trắng tương phản gay gắt với vành bezel bằng Ceramic đen, tạo nên một diện mạo vô cùng quyền lực và đẳng cấp cho ""Vị vua của Wakanda"".","<p data-path-to-node=""5""><b data-path-to-node=""5"" data-index-in-node=""0""><a href=""https://theempire.vn/danh-muc/audemars-piguet/"">Audemars Piguet</a> Royal Oak Concept “Black Panther” Flying Tourbillon (Vàng trắng)</b> là phiên bản độc bản (Unique Piece) hoặc cực kỳ giới hạn, nâng tầm sự xa xỉ của hình tượng chiến binh Wakanda lên một ngưỡng mới. Điểm khác biệt hoàn toàn so với phiên bản Titanium chính là bộ vỏ được chế tác từ <b data-path-to-node=""5"" data-index-in-node=""293"">Vàng trắng 18k</b> kết hợp với kỹ thuật <b data-path-to-node=""5"" data-index-in-node=""329"">Frosted Gold</b> (vàng bụi) – một kỹ thuật gõ thủ công bằng công cụ có đầu kim cương tạo nên những vết lõm li ti, giúp bề mặt đồng hồ lấp lánh như được phủ một lớp kim cương tự nhiên. Sự phản chiếu ánh sáng mạnh mẽ từ bộ vỏ vàng trắng tương phản gay gắt với vành bezel bằng <b data-path-to-node=""5"" data-index-in-node=""599"">Ceramic đen</b>, tạo nên một diện mạo vô cùng quyền lực và đẳng cấp cho “Vị vua của Wakanda”.</p>
<p data-path-to-node=""6"">Trải nghiệm trên cổ tay là sự hội tụ của những kỹ năng thủ công hiếm có nhất trong ngành chế tác đồng hồ. Hình tượng <b data-path-to-node=""6"" data-index-in-node=""117"">Black Panther</b> ở trung tâm được chạm khắc nổi bằng vàng trắng với độ chi tiết đến kinh ngạc, từ những đường nét sắc sảo trên mặt nạ đến từng thớ cơ bắp nhỏ nhất. Sắc tím huyền bí – màu của tâm linh và năng lượng Vibranium – bao phủ từ các chi tiết trên mặt số, cầu máy cho đến dây đeo cao su cao cấp. Tại góc 6 giờ, cỗ máy <b data-path-to-node=""6"" data-index-in-node=""439"">Flying Tourbillon</b> vận hành như một trái tim cơ khí vĩnh cửu, phô diễn sự phức tạp bậc nhất của Audemars Piguet. Đây không còn đơn thuần là một cỗ máy thời gian, mà là một tác phẩm nghệ thuật “Hyper-Watch” dành riêng cho những nhà sưu tầm đứng tại đỉnh cao nhất, nơi ranh giới giữa kỹ nghệ Haute Horlogerie và văn hóa đại chúng Marvel được xóa nhòa một cách hoàn mỹ.</p>","113220000000","1","1","AUDEMARS PIGUET, AUDEMARS PIGUET > Royal Oak Concept","https://theempire.vn/wp-content/uploads/2026/01/Audemars-Piguet-Royal-Oak-Concept-26623BC.GG_.D077CA.01-Black-Panther-Flying-Tourbillon-.png","Thương hiệu","AUDEMARS PIGUET","1","1","Bộ sưu tập","Royal Oak Concept","1","1"
"audemars-piguet-royal-oak-concept-26630bc-gg-d326cr-01-frosted-gold-flying-tourbillon","simple","Audemars Piguet Royal Oak Concept 26630BC.GG.D326CR.01 Frosted Gold Flying Tourbillon","1","0","visible","Audemars Piguet Royal Oak Concept Frosted Gold Flying Tourbillon 26630BC là một kiệt tác thị giác, nơi nghệ thuật kim hoàn cổ xưa và kỹ thuật Haute Horlogerie tương lai hòa làm một. Điểm cuốn hút đầu tiên chính là bộ vỏ bằng Vàng trắng 18k được xử lý bằng kỹ thuật Frosted Gold (vàng bụi) độc quyền của nghệ nhân Carolina Bucci. Bằng cách gõ nhẹ lên bề mặt vàng bằng một công cụ đầu kim cương, các nghệ nhân đã tạo ra những vết lõm siêu nhỏ, giúp chiếc đồng hồ lấp lánh như được phủ một lớp bụi kim cương dày đặc, tạo nên vẻ đẹp vừa lạnh lùng vừa lộng lẫy dưới ánh sáng.","<p data-path-to-node=""5""><b data-path-to-node=""5"" data-index-in-node=""0""><a href=""https://theempire.vn/danh-muc/audemars-piguet/"">Audemars Piguet</a> Royal Oak Concept Frosted Gold Flying Tourbillon 26630BC</b> là một kiệt tác thị giác, nơi nghệ thuật kim hoàn cổ xưa và kỹ thuật Haute Horlogerie tương lai hòa làm một. Điểm cuốn hút đầu tiên chính là bộ vỏ bằng <b data-path-to-node=""5"" data-index-in-node=""225"">Vàng trắng 18k</b> được xử lý bằng kỹ thuật <b data-path-to-node=""5"" data-index-in-node=""265"">Frosted Gold</b> (vàng bụi) độc quyền của nghệ nhân Carolina Bucci. Bằng cách gõ nhẹ lên bề mặt vàng bằng một công cụ đầu kim cương, các nghệ nhân đã tạo ra những vết lõm siêu nhỏ, giúp chiếc đồng hồ lấp lánh như được phủ một lớp bụi kim cương dày đặc, tạo nên vẻ đẹp vừa lạnh lùng vừa lộng lẫy dưới ánh sáng.</p>
<p data-path-to-node=""6"">Trải nghiệm trên cổ tay là sự chìm đắm trong chiều sâu không gian của mặt số đa tầng. Những vòng tròn đồng tâm bằng vàng trắng xếp lớp chồng lên nhau, chuyển dần từ sắc xanh dương nhạt ở tâm sang xanh đậm ở rìa, tạo hiệu ứng thị giác như đang nhìn vào một hố đen kỳ ảo hay một đóa hoa đang nở rộ. Tại góc 6 giờ, cỗ máy <b data-path-to-node=""6"" data-index-in-node=""319"">Flying Tourbillon</b> vận hành nhịp nhàng mà không có cầu đỡ phía trên, phô diễn trọn vẹn sự tinh xảo của các bánh răng. Trái tim của đồng hồ là bộ máy <b data-path-to-node=""6"" data-index-in-node=""467"">Calibre 2964</b> với mức dự trữ năng lượng lên đến 72 giờ. Đi kèm dây da cá sấu màu xanh dương đồng điệu với mặt số, 26630BC không chỉ là một cỗ máy thời gian mà là một món trang sức quyền lực, dành cho những quý cô muốn khẳng định gu thẩm mỹ độc bản và đẳng cấp thượng lưu không thể trộn lẫn.</p>","4114000000","1","1","AUDEMARS PIGUET, AUDEMARS PIGUET > Royal Oak Concept","https://theempire.vn/wp-content/uploads/2026/01/Audemars-Piguet-Royal-Oak-Concept-26630BC.GG_.D326CR.01-Frosted-Gold-Flying-Tourbillon-.png","Thương hiệu","AUDEMARS PIGUET","1","1","Bộ sưu tập","Royal Oak Concept","1","1"
"audemars-piguet-royal-oak-concept-26630or-gg-d626cr-01-flying-tourbillon-tamara-ralph","simple","Audemars Piguet Royal Oak Concept 26630OR.GG.D626CR.01 Flying Tourbillon “Tamara Ralph”","1","0","visible","Audemars Piguet Royal Oak Concept Flying Tourbillon “Tamara Ralph” là một tuyệt tác được ra đời từ sự giao thoa giữa nghệ thuật chế tác đồng hồ cao cấp (Haute Horlogerie) và thời trang may đo cao cấp (Haute Couture). Kết hợp cùng nhà thiết kế thời trang lừng danh Tamara Ralph, AP đã tạo ra một chiếc đồng hồ mang vẻ đẹp siêu thực, tựa như một đóa hoa ánh sáng rực rỡ. Toàn bộ vỏ máy bằng Vàng hồng 18k được xử lý bằng kỹ thuật Frosted Gold thủ công, tạo nên bề mặt lấp lánh như bụi kim cương. Điểm nhấn làm say đắm mọi ánh nhìn chính là mặt số đa tầng gồm 4 vòng tròn vàng hồng xếp lớp đồng tâm, tạo hiệu ứng thị giác về chiều sâu vô tận, mô phỏng những nếp gấp mềm mại trên những bộ váy dạ hội xa hoa của Tamara Ralph.","<p data-path-to-node=""5""><b data-path-to-node=""5"" data-index-in-node=""0""><a href=""https://theempire.vn/danh-muc/audemars-piguet/"">Audemars Piguet</a> Royal Oak Concept Flying Tourbillon “Tamara Ralph”</b> là một tuyệt tác được ra đời từ sự giao thoa giữa nghệ thuật chế tác đồng hồ cao cấp (Haute Horlogerie) và thời trang may đo cao cấp (Haute Couture). Kết hợp cùng nhà thiết kế thời trang lừng danh Tamara Ralph, AP đã tạo ra một chiếc đồng hồ mang vẻ đẹp siêu thực, tựa như một đóa hoa ánh sáng rực rỡ. Toàn bộ vỏ máy bằng <b data-path-to-node=""5"" data-index-in-node=""389"">Vàng hồng 18k</b> được xử lý bằng kỹ thuật <b data-path-to-node=""5"" data-index-in-node=""428"">Frosted Gold</b> thủ công, tạo nên bề mặt lấp lánh như bụi kim cương. Điểm nhấn làm say đắm mọi ánh nhìn chính là mặt số đa tầng gồm <b data-path-to-node=""5"" data-index-in-node=""557"">4 vòng tròn vàng hồng</b> xếp lớp đồng tâm, tạo hiệu ứng thị giác về chiều sâu vô tận, mô phỏng những nếp gấp mềm mại trên những bộ váy dạ hội xa hoa của Tamara Ralph.</p>
<p data-path-to-node=""6"">Trải nghiệm trên cổ tay là sự tận hưởng một bảng phối màu “quý tộc” nhất: từ tông màu nâu đồng, hổ phách đến vàng hồng rực rỡ. Mỗi tầng của mặt số đều được hoàn thiện tỉ mỉ với lớp sơn mài chuyển sắc (gradient), tạo nên sự mượt mà và tinh tế tuyệt đối. Tại góc 6 giờ, lồng xoay <b data-path-to-node=""6"" data-index-in-node=""278"">Flying Tourbillon</b> được thiết kế cách điệu như một bông hoa đang nở rộ với trung tâm là một viên đá quý cắt tròn, chuyển động nhịp nhàng như nhịp đập của sự sống. Trái tim của đồng hồ là bộ máy lên cót tay <b data-path-to-node=""6"" data-index-in-node=""483"">Calibre 2964</b>, không chỉ mạnh mẽ với khả năng dự trữ năng lượng 72 giờ mà còn là một minh chứng cho kỹ nghệ hoàn thiện bậc thầy. Đây là mẫu đồng hồ dành riêng cho những quý cô không chỉ tìm kiếm một cỗ máy thời gian, mà là một tác phẩm nghệ thuật mang đậm dấu ấn cá nhân và sự lộng lẫy của sàn diễn thời trang quốc tế.</p>","4650000000","1","1","AUDEMARS PIGUET, AUDEMARS PIGUET > Royal Oak Concept","https://theempire.vn/wp-content/uploads/2026/01/Audemars-Piguet-Royal-Oak-Concept-26630OR.GG_.D626CR.01-Flying-Tourbillon-Tamara-Ralph.png","Thương hiệu","AUDEMARS PIGUET","1","1","Bộ sưu tập","Royal Oak Concept","1","1"
"audemars-piguet-royal-oak-concept-26631io-oo-d002ca-01-tourbillon-spider-man","simple","Audemars Piguet Royal Oak Concept 26631IO.OO.D002CA.01 Tourbillon “Spider-Man”","1","0","visible","Audemars Piguet Royal Oak Concept “Spider-Man” Tourbillon là siêu phẩm thứ hai đánh dấu sự hợp tác bùng nổ giữa AP và vũ trụ điện ảnh Marvel. Sau thành công của Black Panther, hình tượng ""Người Nhện"" – người anh hùng thân thiện của mọi nhà – được tái hiện trên mặt số với một kỹ thuật chế tác sống động đến kinh ngạc. Hình tượng Spider-Man được chạm khắc từ một khối vàng trắng, sau đó được sơn thủ công từng chi tiết bằng kỹ thuật laser để tạo nên bộ giáp đỏ-xanh đặc trưng với độ tương phản cực cao. Các nghệ nhân đã mất ít nhất 50 giờ làm việc để hoàn thiện riêng phần nhân vật này, khiến Spider-Man trông như đang thực sự bay lơ lửng giữa không trung, xuyên qua cấu trúc lộ cơ của chiếc đồng hồ.","<p data-path-to-node=""5""><b data-path-to-node=""5"" data-index-in-node=""0""><a href=""https://theempire.vn/danh-muc/audemars-piguet/"">Audemars Piguet</a> Royal Oak Concept “Spider-Man” Tourbillon</b> là siêu phẩm thứ hai đánh dấu sự hợp tác bùng nổ giữa AP và vũ trụ điện ảnh Marvel. Sau thành công của Black Panther, hình tượng “Người Nhện” – người anh hùng thân thiện của mọi nhà – được tái hiện trên mặt số với một kỹ thuật chế tác sống động đến kinh ngạc. Hình tượng Spider-Man được chạm khắc từ một khối vàng trắng, sau đó được sơn thủ công từng chi tiết bằng kỹ thuật laser để tạo nên bộ giáp đỏ-xanh đặc trưng với độ tương phản cực cao. Các nghệ nhân đã mất ít nhất 50 giờ làm việc để hoàn thiện riêng phần nhân vật này, khiến Spider-Man trông như đang thực sự bay lơ lửng giữa không trung, xuyên qua cấu trúc lộ cơ của chiếc đồng hồ.</p>
<p data-path-to-node=""6"">Trải nghiệm trên cổ tay là sự phấn khích tột độ khi được mang theo một huyền thoại văn hóa đại chúng kết hợp cùng đỉnh cao cơ khí. Bộ máy <b data-path-to-node=""6"" data-index-in-node=""138"">Calibre 2974</b> được tinh giản hóa tối đa để tạo không gian trống, giúp nhân vật Spider-Man trở thành tâm điểm tuyệt đối. Tại góc 6 giờ, lồng xoay <b data-path-to-node=""6"" data-index-in-node=""282"">Tourbillon</b> vận hành bền bỉ, tạo nên một sự cân bằng hoàn hảo về mặt thị giác với phần thân của Người Nhện phía trên. Với bộ vỏ <b data-path-to-node=""6"" data-index-in-node=""409"">Titanium</b> nhẹ bẫng và bền bỉ kết hợp cùng vành <b data-path-to-node=""6"" data-index-in-node=""455"">Ceramic đen</b> sắc sảo, chiếc đồng hồ mang lại cảm giác năng động và cực kỳ thoải mái. Chỉ với <b data-path-to-node=""6"" data-index-in-node=""547"">250 chiếc trên toàn thế giới</b>, Spider-Man Tourbillon không chỉ là một cỗ máy thời gian, mà là một món tài sản sưu tầm vô giá, dành cho những “Big Boy” yêu thích sự phá cách và muốn khẳng định cái tôi đầy khác biệt.</p>","4272000000","1","1","AUDEMARS PIGUET, AUDEMARS PIGUET > Royal Oak Concept","https://theempire.vn/wp-content/uploads/2026/01/Audemars-Piguet-Royal-Oak-Concept-26631IO.OO_.D002CA.01-Tourbillon-Spider-Man-.png","Thương hiệu","AUDEMARS PIGUET","1","1","Bộ sưu tập","Royal Oak Concept","1","1"
"audemars-piguet-royal-oak-concept-26632cn-oo-d100ca-01-tourbillon-black-suit-spider-man","simple","Audemars Piguet Royal Oak Concept 26632CN.OO.D100CA.01 Tourbillon “Black Suit Spider-Man”","1","0","visible","Audemars Piguet Royal Oak Concept “Black Suit Spider-Man” Tourbillon là phiên bản độc bản (Unique Piece) cực kỳ quý hiếm, đại diện cho mặt tối đầy quyền năng và bí ẩn của người anh hùng thành phố New York. Khác với phiên bản thương mại, mẫu đồng hồ này tái hiện hình ảnh Spider-Man trong bộ giáp đen (Symbiote Suit) huyền thoại. Nhân vật được chạm khắc thủ công từ vàng trắng và sơn mài đen bóng bẩy, tạo nên một hiệu ứng thị giác sắc lạnh và đầy ma mị. Điểm nhấn xa xỉ bậc nhất nằm ở bộ vỏ Vàng trắng 18k, nơi những nghệ nhân đã tỉ mỉ nạm kín các đường vát bằng kim cương Baguette tinh khiết, biến chiếc đồng hồ thành một khối pha lê đen lộng lẫy, tỏa sáng rực rỡ bên cạnh vành bezel Ceramic đen sâu thẳm.","<p data-path-to-node=""5""><b data-path-to-node=""5"" data-index-in-node=""0""><a href=""https://theempire.vn/danh-muc/audemars-piguet/"">Audemars Piguet</a> Royal Oak Concept “Black Suit Spider-Man” Tourbillon</b> là phiên bản độc bản (Unique Piece) cực kỳ quý hiếm, đại diện cho mặt tối đầy quyền năng và bí ẩn của người anh hùng thành phố New York. Khác với phiên bản thương mại, mẫu đồng hồ này tái hiện hình ảnh Spider-Man trong bộ giáp đen (Symbiote Suit) huyền thoại. Nhân vật được chạm khắc thủ công từ vàng trắng và sơn mài đen bóng bẩy, tạo nên một hiệu ứng thị giác sắc lạnh và đầy ma mị. Điểm nhấn xa xỉ bậc nhất nằm ở bộ vỏ <b data-path-to-node=""5"" data-index-in-node=""491"">Vàng trắng 18k</b>, nơi những nghệ nhân đã tỉ mỉ nạm kín các đường vát bằng <b data-path-to-node=""5"" data-index-in-node=""563"">kim cương Baguette</b> tinh khiết, biến chiếc đồng hồ thành một khối pha lê đen lộng lẫy, tỏa sáng rực rỡ bên cạnh vành bezel <b data-path-to-node=""5"" data-index-in-node=""685"">Ceramic</b> đen sâu thẳm.</p>
<p data-path-to-node=""6"">Trải nghiệm trên cổ tay là sự tận hưởng cảm giác của một nhà sưu tầm đứng tại đỉnh cao nhất của thế giới. Hình ảnh Người Nhện Đen lơ lửng trong không gian lộ cơ (openworked) của bộ máy <b data-path-to-node=""6"" data-index-in-node=""185"">Calibre 2974</b> tạo nên một chiều sâu ấn tượng, như một bức tranh nghệ thuật 3D sống động. Tại góc 6 giờ, lồng xoay <b data-path-to-node=""6"" data-index-in-node=""298"">Flying Tourbillon</b> vẫn là tâm điểm của kỹ nghệ Haute Horlogerie, đảm bảo độ chính xác tuyệt đối và phô diễn nhịp đập cơ khí điêu luyện. Với bộ vỏ vàng trắng nạm kim cương và các chi tiết dạ quang phát sáng rực rỡ trong bóng tối, chiếc đồng hồ này không chỉ là một món đồ hiệu, mà là một “chiến tích” sưu tầm độc nhất vô nhị, khẳng định đẳng cấp và gu thẩm mỹ khác biệt hoàn toàn với phần còn lại của thế giới đồng hồ.</p>","4272000000","1","1","AUDEMARS PIGUET, AUDEMARS PIGUET > Royal Oak Concept","https://theempire.vn/wp-content/uploads/2026/01/Audemars-Piguet-Royal-Oak-Concept-26632CN.OO_.D100CA.01-Tourbillon-Black-Suit-Spider-Man-.png","Thương hiệu","AUDEMARS PIGUET","1","1","Bộ sưu tập","Royal Oak Concept","1","1"
"audemars-piguet-royal-oak-concept-26650fa-oo-d002ca-01-split-seconds-chronograph-gmt-large-date","simple","Audemars Piguet Royal Oak Concept 26650FA.OO.D002CA.01 Split-Seconds Chronograph GMT Large Date","1","0","visible","Audemars Piguet Royal Oak Concept 26650FA là một bước tiến vượt bậc về công nghệ vật liệu, đánh dấu sự trở lại đầy ngoạn mục của chất liệu Carbon đúc (Forged Carbon) trên dòng Concept sau nhiều năm vắng bóng. Đây không chỉ là một cỗ máy thời gian, mà là một ""siêu máy tính cơ học"" trên cổ tay. Vỏ Carbon đúc mang lại trọng lượng siêu nhẹ, độ bền cực cao cùng những vân xoáy xám đen độc bản, không có hai chiếc nào hoàn toàn giống nhau. Sự kết hợp giữa bộ vỏ Carbon vân mờ và vành bezel Ceramic đen sắc sảo tạo nên một diện mạo mạnh mẽ, lầm lì, đậm chất khí tài quân sự và công nghệ tương lai.","<p data-path-to-node=""5""><b data-path-to-node=""5"" data-index-in-node=""0""><a href=""https://theempire.vn/danh-muc/audemars-piguet/"">Audemars</a> Piguet Royal Oak Concept 26650FA</b> là một bước tiến vượt bậc về công nghệ vật liệu, đánh dấu sự trở lại đầy ngoạn mục của chất liệu <b data-path-to-node=""5"" data-index-in-node=""139"">Carbon đúc (Forged Carbon)</b> trên dòng Concept sau nhiều năm vắng bóng. Đây không chỉ là một cỗ máy thời gian, mà là một “siêu máy tính cơ học” trên cổ tay. Vỏ Carbon đúc mang lại trọng lượng siêu nhẹ, độ bền cực cao cùng những vân xoáy xám đen độc bản, không có hai chiếc nào hoàn toàn giống nhau. Sự kết hợp giữa bộ vỏ Carbon vân mờ và vành bezel <b data-path-to-node=""5"" data-index-in-node=""486"">Ceramic đen</b> sắc sảo tạo nên một diện mạo mạnh mẽ, lầm lì, đậm chất khí tài quân sự và công nghệ tương lai.</p>
<p data-path-to-node=""6"">Trải nghiệm trên cổ tay là sự choáng ngợp trước tổ hợp các tính năng phức tạp bậc nhất được sắp xếp thiên tài trên mặt số lộ cơ (openworked). Đây là mẫu Concept đầu tiên sở hữu tính năng <b data-path-to-node=""6"" data-index-in-node=""187"">Split-Seconds Chronograph (Rattrapante)</b> – cho phép đo hai khoảng thời gian song song nhờ hai kim giây bấm giờ riêng biệt. Điểm nhấn thực dụng nằm ở ô <b data-path-to-node=""6"" data-index-in-node=""337"">Lịch ngày lớn (Large Date)</b> tại góc 12 giờ và đĩa hiển thị <b data-path-to-node=""6"" data-index-in-node=""395"">GMT</b> múi giờ thứ hai tại góc 3 giờ được thiết kế theo phong cách kỹ thuật số (digital-style). Trái tim của nó là bộ máy tự động <b data-path-to-node=""6"" data-index-in-node=""522"">Calibre 4407</b> – một kỳ quan cơ khí với hơn 600 chi tiết, cho phép bạn quan sát toàn bộ cơ chế phức tạp qua lớp kính sapphire phía sau. Với thiết kế công thái học hoàn hảo và hệ thống thay dây nhanh tiện lợi, 26650FA là biểu tượng cho sức mạnh và sự sáng tạo không giới hạn của AP, dành riêng cho những “Big Boy” đam mê tốc độ và công nghệ đỉnh cao.</p>","7800000000","1","1","AUDEMARS PIGUET, AUDEMARS PIGUET > Royal Oak Concept","https://theempire.vn/wp-content/uploads/2026/01/Audemars-Piguet-Royal-Oak-Concept-26650FA.OO_.D002CA.01-Split-Seconds-Chronograph-GMT-Large-Date.png","Thương hiệu","AUDEMARS PIGUET","1","1","Bộ sưu tập","Royal Oak Concept","1","1"
"audemars-piguet-royal-oak-concept-26650fo-oo-d353ca-01-split-seconds-chronograph-gmt-large-date","simple","Audemars Piguet Royal Oak Concept 26650FO.OO.D353CA.01 Split-Seconds Chronograph GMT Large Date","1","0","visible","Audemars Piguet Royal Oak Concept 26650FO là một tuyên ngôn về sự đổi mới, nơi vật liệu Carbon đúc huyền thoại được tái sinh với một diện mạo đầy màu sắc và sức sống. Điểm khác biệt lớn nhất so với người anh em bản đen (26650FA) chính là sự xuất hiện của các sợi pigment xanh dương được trộn lẫn trực tiếp vào các lớp sợi Carbon trong quá trình đúc nhiệt. Điều này không chỉ tạo nên một bộ vỏ siêu nhẹ, siêu bền mà còn sở hữu những vân màu xanh – xám biến ảo ngẫu nhiên như những dòng chảy năng lượng lan tỏa trên thân máy. Sự kết hợp giữa vỏ Carbon đa sắc và vành bezel Ceramic đen mang lại một tổng thể vừa hầm hố, vừa đậm chất thể thao đương đại.","<p data-path-to-node=""5""><b data-path-to-node=""5"" data-index-in-node=""0""><a href=""https://theempire.vn/danh-muc/audemars-piguet/"">Audemars Piguet</a> Royal Oak Concept 26650FO</b> là một tuyên ngôn về sự đổi mới, nơi vật liệu Carbon đúc huyền thoại được tái sinh với một diện mạo đầy màu sắc và sức sống. Điểm khác biệt lớn nhất so với người anh em bản đen (26650FA) chính là sự xuất hiện của các <b data-path-to-node=""5"" data-index-in-node=""259"">sợi pigment xanh dương</b> được trộn lẫn trực tiếp vào các lớp sợi Carbon trong quá trình đúc nhiệt. Điều này không chỉ tạo nên một bộ vỏ siêu nhẹ, siêu bền mà còn sở hữu những vân màu xanh – xám biến ảo ngẫu nhiên như những dòng chảy năng lượng lan tỏa trên thân máy. Sự kết hợp giữa vỏ Carbon đa sắc và vành bezel <b data-path-to-node=""5"" data-index-in-node=""571"">Ceramic đen</b> mang lại một tổng thể vừa hầm hố, vừa đậm chất thể thao đương đại.</p>
<p data-path-to-node=""6"">Trải nghiệm trên cổ tay là sự tận hưởng một trong những cỗ máy Chronograph phức tạp nhất từng được AP chế tác. 26550FO sở hữu tính năng <b data-path-to-node=""6"" data-index-in-node=""136"">Split-Seconds (Rattrapante)</b> – một kỹ nghệ đỉnh cao cho phép đo hai sự kiện diễn ra đồng thời nhờ hai kim giây bấm giờ chồng lên nhau. Mặt số lộ cơ (openworked) phô diễn một cấu trúc đa tầng đầy chiều sâu: từ ô <b data-path-to-node=""6"" data-index-in-node=""346"">Lịch ngày lớn (Large Date)</b> tại góc 12 giờ cho đến đĩa hiển thị <b data-path-to-node=""6"" data-index-in-node=""409"">GMT</b> múi giờ thứ hai tại góc 3 giờ. Mọi chi tiết từ cầu máy đến bánh xe cột đều được xử lý tinh xảo, phản chiếu nhịp đập của bộ máy tự động <b data-path-to-node=""6"" data-index-in-node=""548"">Calibre 4407</b>. Với khả năng thay đổi phong cách tức thì nhờ hệ thống thay dây nhanh và tông màu xanh dương chủ đạo, đây là mẫu đồng hồ tối thượng dành cho những nhà sưu tầm muốn tìm kiếm sự giao thoa giữa nghệ thuật vật liệu và cơ khí phức tạp.</p>","6000000000","1","1","AUDEMARS PIGUET, AUDEMARS PIGUET > Royal Oak Concept","https://theempire.vn/wp-content/uploads/2026/01/Audemars-Piguet-Royal-Oak-Concept-26650FO.OO_.D353CA.01-Split-Seconds-Chronograph-GMT-Large-Date.png","Thương hiệu","AUDEMARS PIGUET","1","1","Bộ sưu tập","Royal Oak Concept","1","1"
"audemars-piguet-royal-oak-concept-26656ti-gg-d019ve-01-tourbillon-companion","simple","Audemars Piguet Royal Oak Concept 26656TI.GG.D019VE.01 Tourbillon “Companion”","1","0","visible","Audemars Piguet Royal Oak Concept Tourbillon “Companion” là chương mới nhất trong hành trình kết hợp giữa Haute Horlogerie và nghệ thuật đương đại, lần này là cú bắt tay đầy cảm xúc với nghệ sĩ KAWS. Tâm điểm của tác phẩm này là nhân vật Companion huyền thoại, được tái hiện theo phong cách lộ cơ độc đáo. Nhân vật dường như đang ""áp mặt"" vào lớp kính Sapphire, với đôi mắt chữ X đặc trưng và các chi tiết cơ thể được chạm khắc từ vàng trắng xử lý PVD xám. Điểm thiên tài nằm ở cách bố trí: bộ máy được đẩy lùi về phía sau để nhân vật Companion chiếm trọn tâm điểm, biến chiếc đồng hồ thành một hộp triển lãm nghệ thuật mini ngay trên cổ tay.","<p data-path-to-node=""5""><b data-path-to-node=""5"" data-index-in-node=""0""><a href=""https://theempire.vn/danh-muc/audemars-piguet/"">Audemars Piguet</a> Royal Oak Concept Tourbillon “Companion”</b> là chương mới nhất trong hành trình kết hợp giữa Haute Horlogerie và nghệ thuật đương đại, lần này là cú bắt tay đầy cảm xúc với nghệ sĩ KAWS. Tâm điểm của tác phẩm này là nhân vật <b data-path-to-node=""5"" data-index-in-node=""238"">Companion</b> huyền thoại, được tái hiện theo phong cách lộ cơ độc đáo. Nhân vật dường như đang “áp mặt” vào lớp kính Sapphire, với đôi mắt chữ X đặc trưng và các chi tiết cơ thể được chạm khắc từ vàng trắng xử lý PVD xám. Điểm thiên tài nằm ở cách bố trí: bộ máy được đẩy lùi về phía sau để nhân vật Companion chiếm trọn tâm điểm, biến chiếc đồng hồ thành một hộp triển lãm nghệ thuật mini ngay trên cổ tay.</p>
<p data-path-to-node=""6"">Trải nghiệm trên cổ tay là sự kinh ngạc trước cách hiển thị thời gian “không kim” đầy phá cách. Thay vì kim giờ và kim phút truyền thống, AP đã sử dụng <b data-path-to-node=""6"" data-index-in-node=""152"">hệ thống hiển thị ngoại vi (Peripheral Time Display)</b>: hai tam giác dạ quang chạy quanh rìa mặt số để chỉ giờ và phút. Điều này giúp toàn bộ hình ảnh Companion không bị che khuất bất kỳ giây phút nào. Tại vị trí trái tim của nhân vật (góc 6 giờ), lồng xoay <b data-path-to-node=""6"" data-index-in-node=""408"">Flying Tourbillon</b> lộ diện, đóng vai trò như nhịp đập sống động cho tác phẩm nghệ thuật này. Với bộ vỏ <b data-path-to-node=""6"" data-index-in-node=""510"">Titanium 43mm</b> mang phong cách kiến trúc mạnh mẽ và số lượng giới hạn chỉ <b data-path-to-node=""6"" data-index-in-node=""583"">250 chiếc</b>, “Companion” không chỉ dành cho những người yêu đồng hồ, mà còn là mục tiêu săn đón của những nhà sưu tầm nghệ thuật toàn cầu, những người muốn sở hữu một biểu tượng văn hóa đại chúng trên đỉnh cao cơ khí.</p>","12400000000","1","1","AUDEMARS PIGUET, AUDEMARS PIGUET > Royal Oak Concept","https://theempire.vn/wp-content/uploads/2026/01/Audemars-Piguet-Royal-Oak-Concept-26656TI.GG_.D019VE.01-Tourbillon-Companion.png","Thương hiệu","AUDEMARS PIGUET","1","1","Bộ sưu tập","Royal Oak Concept","1","1"
"royal-oak-grande-complication-26605ce-oo-1248ce-01","simple","Audemars Piguet Royal Oak Grande Complication 44mm 26605CE.OO.1248CE.01","1","0","visible","Royal Oak Grande Complication 26605CE.OO.1248CE.01 là một kiệt tác vượt thời gian của Audemars Piguet, kết hợp ba loại chức năng phức tạp hàng đầu của nghệ thuật chế tác đồng hồ: đo thời gian ngắn, cơ chế điểm chuông và chỉ báo thiên văn.","<p>Royal Oak Grande Complication 26605CE.OO.1248CE.01 là một kiệt tác vượt thời gian của <a href=""https://theempire.vn/danh-muc/audemars-piguet/"">Audemars Piguet</a>, kết hợp ba loại chức năng phức tạp hàng đầu của nghệ thuật chế tác đồng hồ: đo thời gian ngắn, cơ chế điểm chuông và chỉ báo thiên văn.</p>
<p>Mẫu đồng hồ này được vận hành bởi bộ máy tự sản xuất Calibre 2885, được chế tác thủ công bởi một nghệ nhân chế tác đồng hồ duy nhất tại xưởng Grande Complication. Bộ máy này không chỉ đảm bảo độ chính xác vượt trội mà còn thể hiện trình độ kỹ thuật và nghệ thuật chế tác đỉnh cao của Audemars Piguet.</p>
<p>Vỏ đồng hồ được chế tác từ gốm đen, mang đến vẻ ngoài hiện đại và bền bỉ. Với kích thước 44 mm và độ dày 15.1 mm, thiết kế này không chỉ tạo cảm giác mạnh mẽ mà còn đảm bảo độ thoải mái tối đa. Kính sapphire chống lóa ở cả mặt trước và mặt sau mang lại khả năng hiển thị rõ ràng, đồng thời bảo vệ bộ máy phức tạp bên trong. Các nút bấm và núm vặn cũng được làm từ gốm đen, tạo nên sự đồng nhất hoàn hảo.</p>
<p>Mặt số sapphire trong suốt, cho phép chiêm ngưỡng cấu trúc cơ học bên trong. Các vòng phụ màu đen cùng với kim Royal Oak bằng vàng trắng phủ chất phát quang không chỉ tăng tính thẩm mỹ mà còn đảm bảo khả năng đọc giờ rõ ràng trong mọi điều kiện ánh sáng. Vòng bezel bên trong màu đen tạo nên sự tương phản tinh tế, làm nổi bật thiết kế tổng thể.</p>
<p>Royal Oak Grande Complication là một biểu tượng của sự đẳng cấp, dành riêng cho những người sành sỏi và yêu thích nghệ thuật chế tác đồng hồ.</p>","","1","1","AUDEMARS PIGUET, AUDEMARS PIGUET > Royal Oak","https://theempire.vn/wp-content/uploads/2024/12/Royal-Oak-Grande-Complication-26605CE.OO_.1248CE.01.png,https://theempire.vn/wp-content/uploads/2024/12/Audemars-Piguet-Royal-Oak-Grande-Complication-44mm-26605CE.OO_.1248CE.01-300x300-removebg-preview.png","Thương hiệu","AUDEMARS PIGUET","1","1","Bộ sưu tập","Royal Oak","1","1"
"audemars-piguet-royal-oak-offshore-chronograph-26231st-zz-d027ca-01","simple","Audemars Piguet Royal Oak Offshore Chronograph 37mm 26231ST.ZZ.D027CA.01","1","0","visible","Royal Oak Offshore Chronograph 26231ST.ZZ.D027CA.01 là minh chứng rõ nét về sự kết hợp giữa tinh thần thể thao và phong cách thanh lịch, đặc biệt dành cho phái đẹp. Với kích thước 37mm vừa vặn, mẫu đồng hồ của Audemars Piguet này vẫn giữ nguyên những giá trị cốt lõi của dòng Royal Oak Offshore, đồng thời mang đến vẻ ngoài hiện đại và cuốn hút.","<p>Royal Oak Offshore Chronograph 26231ST.ZZ.D027CA.01 là minh chứng rõ nét về sự kết hợp giữa tinh thần thể thao và phong cách thanh lịch, đặc biệt dành cho phái đẹp. Với kích thước 37mm vừa vặn, mẫu đồng hồ của <a href=""https://theempire.vn/danh-muc/audemars-piguet/"">Audemars Piguet</a> này vẫn giữ nguyên những giá trị cốt lõi của dòng Royal Oak Offshore, đồng thời mang đến vẻ ngoài hiện đại và cuốn hút.</p>
<p>Vỏ đồng hồ được chế tác từ thép không gỉ, thể hiện sự bền bỉ và khả năng chống chịu cao. Điểm nhấn là vành bezel đính những viên kim cương lấp lánh, tạo nên vẻ ngoài sang trọng và quyến rũ. Dây đeo cao su màu xanh đậm không chỉ mang lại sự thoải mái khi đeo mà còn góp phần tạo nên phong cách thời thượng và năng động.</p>
<p>Mặt số màu xanh được thiết kế theo họa tiết đặc trưng “Méga Tapisserie,” giúp phản chiếu ánh sáng tinh tế và mang lại chiều sâu. Kim đồng hồ và vạch chỉ giờ được phủ lớp phát quang, đảm bảo khả năng đọc rõ ràng ngay cả trong điều kiện ánh sáng yếu.</p>
<p>Chiếc đồng hồ vận hành bởi bộ máy tự động Calibre 2385, nổi tiếng với độ bền và độ chính xác cao. Với khả năng bấm giờ chronograph, lịch ngày tiện lợi và khả năng dự trữ năng lượng lên đến 40 giờ.</p>
<p>Royal Oak Offshore Chronograph 26231ST.ZZ.D027CA.01 là lựa chọn hoàn hảo cho những quý cô muốn sở hữu một chiếc đồng hồ vừa mạnh mẽ, vừa tinh tế, thể hiện phong cách cá nhân và sự đẳng cấp.</p>","1114000000","1","1","AUDEMARS PIGUET, AUDEMARS PIGUET > Royal Oak Offshore","https://theempire.vn/wp-content/uploads/2024/12/102.png,https://theempire.vn/wp-content/uploads/2024/12/Audemars_Piguet_Royal_Oak_Offshore_Chronograph_37mm_26231ST.ZZ_.D027CA.01-removebg-preview.png","Thương hiệu","AUDEMARS PIGUET","1","1","Bộ sưu tập","Royal Oak Offshore","1","1"
"audemars-piguet-royal-oak-offshore-chronograph-26236or-yy-d002ca-01","simple","Audemars Piguet Royal Oak Offshore Chronograph 37mm 26236OR.YY.D002CA.01","1","0","visible","Chiếc đồng hồ Audemars Piguet Royal Oak Offshore Selfwinding Chronograph (Ref: 26236OR.YY.D002CA.01) là một biểu tượng vượt thời gian trong thế giới chế tác đồng hồ cao cấp của Audemars Piguet. Vỏ bằng vàng hồng 18K nguyên khối ôm trọn mặt số đen huyền bí với họa tiết ""Méga Tapisserie"" đặc trưng, tạo nên một vẻ đẹp vừa sang trọng vừa đậm chất thể thao.","<p>Chiếc đồng hồ Audemars Piguet Royal Oak Offshore Selfwinding Chronograph (Ref: 26236OR.YY.D002CA.01) là một biểu tượng vượt thời gian trong thế giới chế tác đồng hồ cao cấp của <a href=""https://theempire.vn/danh-muc/audemars-piguet/"">Audemars Piguet</a>. Vỏ bằng vàng hồng 18K nguyên khối ôm trọn mặt số đen huyền bí với họa tiết “Méga Tapisserie” đặc trưng, tạo nên một vẻ đẹp vừa sang trọng vừa đậm chất thể thao.</p>
<p>Trái tim của chiếc đồng hồ là bộ máy cơ khí tự động Calibre 3126/3840, được hoàn thiện tỉ mỉ, đảm bảo độ chính xác và vận hành bền bỉ cùng chức năng chronograph tiện dụng. Dây đeo cao su đen cao cấp mang đến sự thoải mái tối đa trên cổ tay, trong khi thiết kế bát giác biểu tượng của dòng Royal Oak Offshore khẳng định đẳng cấp và cá tính của người sở hữu. Chiếc đồng hồ này không chỉ là một công cụ đo thời gian mà còn là một tác phẩm nghệ thuật, một sự đầu tư giá trị và một biểu tượng của thành công.</p>","3700000000","1","1","AUDEMARS PIGUET, AUDEMARS PIGUET > Royal Oak Offshore","https://theempire.vn/wp-content/uploads/2024/12/Audemars_Piguet_Royal_Oak_Offshore_Chronograph_37mm_26236OR.YY_.D002CA.01-removebg-preview.png,https://theempire.vn/wp-content/uploads/2024/12/Audemars_Piguet_Royal_Oak_Offshore_Chronograph_37mm_26236OR.YY_.D002CA.01__1_-removebg-preview.png","Thương hiệu","AUDEMARS PIGUET","1","1","Bộ sưu tập","Royal Oak Offshore","1","1"
"audemars-piguet-royal-oak-offshore-chronograph-37mm-26236or-yy-d085ca-01","simple","Audemars Piguet Royal Oak Offshore Chronograph 37mm 26236OR.YY.D085CA.01","1","0","visible","Royal Oak Offshore Chronograph 26236OR.YY.D085CA.01 37 mm này là minh chứng cho sự giao thoa hoàn hảo giữa nghệ thuật chế tác và sự sáng tạo đầy tinh tế của Audemars Piguet.","<p>Royal Oak Offshore Chronograph 26236OR.YY.D085CA.01 37 mm này là minh chứng cho sự giao thoa hoàn hảo giữa nghệ thuật chế tác và sự sáng tạo đầy tinh tế của <a href=""https://theempire.vn/danh-muc/audemars-piguet/"">Audemars Piguet</a>.</p>
<p>Được bao bọc trong lớp vỏ vàng hồng 18-carat sang trọng, chiếc đồng hồ này tạo nên sự nổi bật với vành bezel được đính 32 viên sapphire baguette đa sắc màu. Những viên đá quý được cắt gọt chính xác và tinh tế, mỗi viên với tổng trọng lượng ~2.45 carats, chuyển sắc rực rỡ, tạo nên hiệu ứng cầu vồng đầy mê hoặc trên cổ tay. Mỗi viên đá được lựa chọn cẩn thận và đặt thủ công, tạo nên sự hài hòa và lấp lánh ở mọi góc nhìn.</p>
<p>Mặt số là một kiệt tác thực sự với sắc hồng ánh khói nổi bật cùng họa tiết “Lady Tapisserie” độc quyền. Kỹ thuật chế tác mặt số của Audemars Piguet mang đến độ sâu và hiệu ứng ánh sáng độc đáo, mỗi đường nét tạo nên sự tinh tế và chiều sâu nghệ thuật. Các mặt phụ tông hồng vàng hài hòa, kết hợp cùng các cọc số và kim bằng vàng hồng phủ chất phát quang, không chỉ tạo nên vẻ đẹp thẩm mỹ mà còn đảm bảo khả năng hiển thị tối ưu trong mọi điều kiện ánh sáng.</p>
<p>Điểm nhấn hoàn thiện nằm ở dây đeo cao su màu be, mềm mại và thoải mái, đồng thời mang đến nét hiện đại và thanh lịch. Dây đeo được kết hợp cùng khóa gập AP bằng vàng hồng 18-carat, tạo sự liền mạch và sang trọng hoàn hảo.</p>","","1","1","AUDEMARS PIGUET, AUDEMARS PIGUET > Royal Oak Offshore","https://theempire.vn/wp-content/uploads/2024/12/95.png,https://theempire.vn/wp-content/uploads/2024/12/Audemars_Piguet_Royal_Oak_Offshore_Chronograph_37mm_26236OR.YY_.D085CA.01-removebg-preview.png","Thương hiệu","AUDEMARS PIGUET","1","1","Bộ sưu tập","Royal Oak Offshore","1","1"
"audemars-piguet-royal-oak-offshore-chronograph-26421st-oo-a002ca-01","simple","Audemars Piguet Royal Oak Offshore Chronograph 42mm 26421ST.OO.A002CA.01","1","0","visible","Được thiết kế để kỷ niệm 25 năm ra đời dòng Royal Oak Offshore 26421ST.OO.A002CA.01, phiên bản Tourbillon Chronograph giới hạn của Audemars Piguet. Sự kết hợp hoàn hảo giữa thiết kế táo bạo, chất liệu cao cấp và bộ máy phức tạp đã tạo nên một biểu tượng xứng đáng với tên tuổi Audemars Piguet.","<p>Được thiết kế để kỷ niệm 25 năm ra đời dòng Royal Oak Offshore 26421ST.OO.A002CA.01, phiên bản Tourbillon Chronograph giới hạn của <a href=""https://theempire.vn/danh-muc/audemars-piguet/"">Audemars Piguet</a>. Sự kết hợp hoàn hảo giữa thiết kế táo bạo, chất liệu cao cấp và bộ máy phức tạp đã tạo nên một biểu tượng xứng đáng với tên tuổi Audemars Piguet.</p>
<p>Vỏ đồng hồ được chế tác từ vàng trắng 18K, mang lại vẻ ngoài sang trọng và tinh tế. Kích thước 42mm mang đến sự cân đối hoàn hảo trên cổ tay, trong khi dây đeo bằng vàng trắng tiếp tục tôn vinh sự cao cấp của thiết kế. Mặt kính sapphire chống lóa bảo vệ mặt số, đảm bảo độ rõ nét và bền bỉ.</p>
<p>Trái tim của chiếc đồng hồ chính là bộ máy Calibre 3126/3840, nổi bật với cơ chế Tourbillon. Đây không chỉ là một bộ máy mà còn là biểu tượng của sự chính xác và sáng tạo trong thế giới đồng hồ cao cấp. Tourbillon được thiết kế để chống lại ảnh hưởng của trọng lực, tăng cường độ chính xác và hiệu suất của bộ máy. Từng chi tiết trong cơ chế này được lắp ráp và hoàn thiện bằng tay bởi các nghệ nhân đồng hồ tài năng, thể hiện sự phức tạp và đẳng cấp kỹ thuật chỉ có ở Audemars Piguet.</p>
<p>Phiên bản này không chỉ là một chiếc đồng hồ, mà còn là một tác phẩm nghệ thuật độc đáo, biểu tượng cho sự tiên phong trong thiết kế và kỹ thuật.</p>","10004000000","1","1","AUDEMARS PIGUET, AUDEMARS PIGUET > Royal Oak Offshore","https://theempire.vn/wp-content/uploads/2024/12/100.png,https://theempire.vn/wp-content/uploads/2024/12/Audemars_Piguet_Royal_Oak_Offshore_Chronograph_42mm_26421ST.OO_.A002CA.01-removebg-preview.png","Thương hiệu","AUDEMARS PIGUET","1","1","Bộ sưu tập","Royal Oak Offshore","1","1"
"audemars-piguet-royal-oak-offshore-chronograph-26421st-oo-a002ca-01-2","simple","Audemars Piguet Royal Oak Offshore Chronograph 42mm 26470OR.OO.1000OR.03","1","0","visible","Royal Oak Offshore Selfwinding Chronograph 26470OR.OO.1000OR.03 là một chiếc đồng hồ thể thao sang trọng của Audemars Piguet, kết hợp giữa thiết kế mạnh mẽ, chất liệu quý giá và bộ máy tự động tiên tiến. Mẫu đồng hồ này không chỉ mang đến độ chính xác vượt trội mà còn là một tác phẩm nghệ thuật thực sự, thể hiện đẳng cấp của người sở hữu.","<p><span data-sheets-root=""1"">Royal Oak Offshore Selfwinding Chronograph 26470OR.OO.1000OR.03 là một chiếc đồng hồ thể thao sang trọng của <a href=""https://theempire.vn/danh-muc/audemars-piguet/"">Audemars Piguet</a>, kết hợp giữa thiết kế mạnh mẽ, chất liệu quý giá và bộ máy tự động tiên tiến. Mẫu đồng hồ này không chỉ mang đến độ chính xác vượt trội mà còn là một tác phẩm nghệ thuật thực sự, thể hiện đẳng cấp của người sở hữu.</span></p>
<p>Mẫu Royal Oak Offshore nổi bật với thiết kế thể thao, nhưng đồng thời vẫn giữ được sự tinh tế và sang trọng vốn có của dòng Royal Oak. Mặt đồng hồ có thiết kế rõ ràng và dễ nhìn, với các chỉ số sắc nét cùng bộ vỏ được hoàn thiện tỉ mỉ, tạo nên sự kết hợp hài hòa giữa tính thẩm mỹ và sự tiện dụng. Được trang bị bộ máy Automatic và cơ chế Selfwinding, chiếc đồng hồ này sẽ tự động lên dây cót khi được đeo, mang lại sự tiện lợi tuyệt vời mà không cần phải lên dây thủ công.</p>
<p>Mẫu 26470OR.OO.1000OR.03 còn tích hợp chức năng Chronograph, giúp người dùng dễ dàng đo thời gian với độ chính xác cao. Bộ máy này được chế tác hoàn hảo mang đến khả năng hoạt động mượt mà, ổn định, và độ chính xác tuyệt vời, phục vụ tối đa nhu cầu của những người yêu thích đồng hồ thể thao.</p>
<p>Royal Oak Offshore Selfwinding Chronograph 26470OR.OO.1000OR.03 không chỉ là một chiếc đồng hồ để xem giờ mà là một món trang sức đẳng cấp.</p>","","1","1","AUDEMARS PIGUET, AUDEMARS PIGUET > Royal Oak Offshore","https://theempire.vn/wp-content/uploads/2025/01/Dong-Ho-Audermars-Piguet-Royal-Oak-Offshore-Selfwinding-Chronograph-26470OR.OO_.1000OR.03.png,https://theempire.vn/wp-content/uploads/2025/01/Audemars_Piguet_Royal_Oak_Offshore_Chronograph_42mm_26470OR.OO_.1000OR.03-removebg-preview.png","Thương hiệu","AUDEMARS PIGUET","1","1","Bộ sưu tập","Royal Oak Offshore","1","1"
"audemars-piguet-royal-oak-offshore-chronograph-26470st-oo-a104cr-01","simple","Audemars Piguet Royal Oak Offshore Chronograph 42mm 26470ST.OO.A104CR.01","1","0","visible","Audemars Piguet Royal Oak Offshore Chronograph 42mm 26470ST.OO.A104CR.01 là một tuyệt tác đồng hồ thể thao đẳng cấp, mang đậm dấu ấn của sự sáng tạo và tinh xảo trong chế tác của Audemars Piguet.","<div class=""flex-1 overflow-hidden @container/thread translate-y-[2rem] -mt-[2rem] pb-[1.5rem]"">
<div class=""flex h-full flex-col overflow-y-auto"">
<div class=""flex flex-col text-sm"">
<article class=""w-full text-token-text-primary focus-visible:outline-2 focus-visible:outline-offset-[-4px]"" dir=""auto"" data-testid=""conversation-turn-31"" data-scroll-anchor=""true"">
<div class=""m-auto text-base py-[18px] px-6"">
<div class=""mx-auto flex flex-1 gap-4 text-base md:gap-5 lg:gap-6 md:max-w-3xl"">
<div class=""group/conversation-turn relative flex w-full min-w-0 flex-col agent-turn @xs/thread:px-0 @sm/thread:px-1.5 @md/thread:px-4"">
<div class=""flex-col gap-1 md:gap-3"">
<div class=""flex max-w-full flex-col flex-grow"">
<div class=""min-h-8 text-message flex w-full flex-col items-end gap-2 whitespace-normal break-words text-start [.text-message+&amp;]:mt-5"" dir=""auto"" data-message-author-role=""assistant"" data-message-id=""5bcd3e95-29df-450c-8dc1-90c1bd3a57a8"" data-message-model-slug=""gpt-4o-mini"">
<div class=""flex w-full flex-col gap-1 empty:hidden first:pt-[3px]"">
<div class=""markdown prose w-full break-words dark:prose-invert dark"">
<p data-start=""0"" data-end=""624"">Audemars Piguet Royal Oak Offshore Chronograph 42mm 26470ST.OO.A104CR.01 là một tuyệt tác đồng hồ thể thao đẳng cấp, mang đậm dấu ấn của sự sáng tạo và tinh xảo trong chế tác của <a href=""https://theempire.vn/danh-muc/audemars-piguet/"">Audemars Piguet</a>. Với vỏ thép không gỉ 42mm, mẫu đồng hồ này có thiết kế vững chãi và mạnh mẽ, kết hợp với mặt số màu đen mang đến vẻ ngoài thanh lịch và thời thượng. Các cọc số và kim giờ được phủ lớp phát sáng, tạo điều kiện thuận lợi cho việc xem giờ trong mọi điều kiện ánh sáng, đồng thời các chi tiết chronograph nổi bật trên mặt số giúp đo đếm thời gian chính xác cho những người đam mê thể thao hay yêu thích sự chính xác trong công việc.</p>
<p data-start=""626"" data-end=""1032"">Bộ máy tự động Caliber 3126/3840 của Audemars Piguet cung cấp độ chính xác cao, với chức năng chronograph cho phép người đeo đo đếm thời gian theo từng giây và phút, đồng thời có khả năng dự trữ năng lượng lên đến 50 giờ. Ngoài ra, khả năng chống nước lên đến 100m giúp bảo vệ bộ máy bên trong, đồng thời tạo nên sự linh hoạt cho người sử dụng khi tham gia các hoạt động dưới nước hoặc thể thao ngoài trời.</p>
<p data-start=""1034"" data-end=""1385"" data-is-last-node="""">Dây đeo cao su màu đỏ tươi của đồng hồ không chỉ tạo thêm sự năng động và thể thao mà còn mang lại sự thoải mái khi đeo trong suốt cả ngày dài. Audemars Piguet Royal Oak Offshore Chronograph 42mm 26470ST.OO.A104CR.01 là sự lựa chọn hoàn hảo cho những ai tìm kiếm một chiếc đồng hồ thể thao sang trọng, với tính năng vượt trội và thiết kế đầy cuốn hút.</p>
</div>
</div>
</div>
</div>
</div>
</div>
</div>
</div>
</article>
</div>
</div>
</div>","","1","1","AUDEMARS PIGUET, AUDEMARS PIGUET > Royal Oak Offshore","https://theempire.vn/wp-content/uploads/2025/02/Dong-Ho-Audemars-Piguet-Royal-Oak-Offshore-Chronograph-26470ST.OO_.A104CR.01-42mm.png,https://theempire.vn/wp-content/uploads/2025/02/Audemars_Piguet_Royal_Oak_Offshore_Chronograph_42mm_26470ST.OO_.A104CR.01-removebg-preview.png","Thương hiệu","AUDEMARS PIGUET","1","1","Bộ sưu tập","Royal Oak Offshore","1","1"
"audemars-piguet-royal-oak-offshore-chronograph-26470st-oo-a801cr-01","simple","Audemars Piguet Royal Oak Offshore Chronograph 42mm 26470ST.OO.A801CR.01","1","0","visible","Audemars Piguet Royal Oak Offshore Chronograph 42mm 26470ST.OO.A801CR.01 là một mẫu đồng hồ thể thao cao cấp với thiết kế nổi bật, thể hiện sự mạnh mẽ và đẳng cấp của thương hiệu Audemars Piguet.","<p data-start=""0"" data-end=""584"">Audemars Piguet Royal Oak Offshore Chronograph 42mm 26470ST.OO.A801CR.01 là một mẫu đồng hồ thể thao cao cấp với thiết kế nổi bật, thể hiện sự mạnh mẽ và đẳng cấp của thương hiệu <a href=""https://theempire.vn/danh-muc/audemars-piguet/"">Audemars Piguet</a>. Với vỏ thép không gỉ 42mm, đồng hồ này mang lại cảm giác chắc chắn và thanh lịch, kết hợp với màu sắc mặt số đen và các chi tiết chỉ giờ vàng hồng, tạo nên một vẻ ngoài mạnh mẽ và tinh tế. Mặt số có các bộ đếm chronograph nổi bật và chỉ báo ngày, giúp người đeo dễ dàng theo dõi thời gian và các hoạt động đo đếm chính xác trong những tình huống thể thao hoặc công việc yêu cầu chính xác.</p>
<p data-start=""586"" data-end=""1007"">Bộ máy tự động Caliber 3126/3840 của Audemars Piguet cung cấp độ chính xác cao và hiệu suất ổn định, đồng thời chức năng chronograph giúp đo thời gian với độ chính xác tuyệt vời, mang lại sự tiện lợi cho những người yêu thích thể thao hoặc công việc cần đo đếm thời gian. Đồng hồ còn có khả năng chống nước lên đến 100m, giúp bảo vệ bộ máy bên trong trong mọi điều kiện, từ sử dụng hàng ngày đến các hoạt động ngoài trời.</p>
<p data-start=""1009"" data-end=""1332"" data-is-last-node="""">Dây đeo cao su màu đen của Audemars Piguet Royal Oak Offshore Chronograph 42mm 26470ST.OO.A801CR.01 mang lại sự thoải mái tối đa và độ bền vượt trội khi đeo lâu dài. Đây là lựa chọn lý tưởng cho những tín đồ đam mê đồng hồ thể thao cao cấp, vừa thể hiện phong cách mạnh mẽ, vừa đảm bảo tính năng vượt trội và sự sang trọng.</p>","","1","1","AUDEMARS PIGUET, AUDEMARS PIGUET > Royal Oak Offshore","https://theempire.vn/wp-content/uploads/2025/02/Dong-Ho-Audemars-Piguet-Royal-Oak-Offshore-Chronograph-26470ST.OO_.A801CR.01-42mm.png,https://theempire.vn/wp-content/uploads/2025/02/Audemars_Piguet_Royal_Oak_Offshore_Chronograph_42mm_26470ST.OO_.A801CR.01__2_-removebg-preview.png","Thương hiệu","AUDEMARS PIGUET","1","1","Bộ sưu tập","Royal Oak Offshore","1","1"
"audemars-piguet-royal-oak-offshore-chronograph-26420ce-oo-a127cr-01","simple","Audemars Piguet Royal Oak Offshore Chronograph 43mm 26420CE.OO.A127CR.01","1","0","visible","Royal Oak Offshore Chronograph 26420CE.OO.A127CR.01 của Audemars Piguet sở hữu vỏ gốm đen, kích thước 43mm và dày 14.4mm, kết hợp viền vàng vàng 18k, mang lại sự tương phản hoàn hảo giữa hiện đại và sang trọng.","<p>Royal Oak Offshore Chronograph 26420CE.OO.A127CR.01 của <a href=""https://theempire.vn/danh-muc/audemars-piguet/"">Audemars Piguet</a> sở hữu vỏ gốm đen, kích thước 43mm và dày 14.4mm, kết hợp viền vàng vàng 18k, mang lại sự tương phản hoàn hảo giữa hiện đại và sang trọng.</p>
<p>Mặt số đồng hồ được thiết kế với họa tiết “Méga Tapisserie” đặc trưng, tạo chiều sâu và cảm giác ấn tượng. Tông màu đen huyền bí kết hợp với các cọc số và kim bằng vàng vàng được phủ lớp sơn đen, mang lại sự tương phản tinh tế nhưng vẫn đảm bảo khả năng hiển thị tối ưu.</p>
<p>Kim giờ và phút cùng các chi tiết phát quang giúp người đeo dễ dàng quan sát thời gian trong mọi điều kiện ánh sáng. Các mặt số phụ được bố trí cân đối, hỗ trợ theo dõi thời gian chronograph và hiển thị giây nhỏ, tạo nên một giao diện hài hòa và dễ sử dụng.</p>
<p>Chức năng flyback chronograph là điểm nhấn nổi bật của bộ máy Calibre 4401. Thông thường, để đặt lại và khởi động lại đồng hồ bấm giờ, người dùng phải dừng chức năng, đặt lại về vị trí ban đầu, và sau đó khởi động lại. Tuy nhiên, với chức năng flyback, người đeo chỉ cần nhấn một nút duy nhất để đặt lại và bắt đầu ngay lập tức. Điều này cực kỳ tiện lợi, đặc biệt trong các hoạt động đòi hỏi việc đo thời gian liên tục mà không làm gián đoạn.</p>","","1","1","AUDEMARS PIGUET, AUDEMARS PIGUET > Royal Oak Offshore","https://theempire.vn/wp-content/uploads/2024/11/Audemars-Piquet-Royal-Oak-Offshore-Selfwinding-Chronograph-43mm-5.png,https://theempire.vn/wp-content/uploads/2024/11/Audemars_Piguet_Royal_Oak_Offshore_Chronograph_43mm_26420CE.OO_.A127CR.01-removebg-preview.png","Thương hiệu","AUDEMARS PIGUET","1","1","Bộ sưu tập","Royal Oak Offshore","1","1"
"audemars-piguet-royal-oak-offshore-chronograph-26401po-oo-a018cr-01","simple","Audemars Piguet Royal Oak Offshore Chronograph 44mm 26401PO.OO.A018CR.01","1","0","visible","Phiên bản giới hạn Royal Oak Offshore Chronograph 26401PO.OO.A018CR.01 với đường kính 43mm là sự kết hợp hoàn hảo giữa nghệ thuật chế tác đồng hồ cao cấp và cảm hứng âm nhạc đầy sáng tạo của Audemars Piguet. Từng chi tiết trên chiếc đồng hồ đều được thiết kế để gợi nhớ đến âm nhạc, từ mặt số mô phỏng đồng hồ VU (Voltage Unit) đến các nút bấm lấy cảm hứng từ cần chỉnh âm trên mixer.","<p>Phiên bản giới hạn Royal Oak Offshore Chronograph 26401PO.OO.A018CR.01 với đường kính 43mm là sự kết hợp hoàn hảo giữa nghệ thuật chế tác đồng hồ cao cấp và cảm hứng âm nhạc đầy sáng tạo của <a href=""https://theempire.vn/danh-muc/audemars-piguet/"">Audemars Piguet</a>. Từng chi tiết trên chiếc đồng hồ đều được thiết kế để gợi nhớ đến âm nhạc, từ mặt số mô phỏng đồng hồ VU (Voltage Unit) đến các nút bấm lấy cảm hứng từ cần chỉnh âm trên mixer.</p>
<p>Vỏ đồng hồ, chế tác từ gốm đen, không chỉ mang lại vẻ đẹp hiện đại mà còn đảm bảo độ bền vượt trội cùng khả năng chống trầy xước tối ưu. Vành bezel cùng chất liệu kết hợp một cách liền mạch với núm vặn và nút bấm gốm đen, được bảo vệ bởi chắn nút titanium chắc chắn, tạo nên tổng thể hài hòa và đầy tinh tế.</p>
<p>Mặt số đen nổi bật với họa tiết VU meter, tái hiện bảng điều chỉnh âm thanh của các phòng thu chuyên nghiệp. Các cọc số và kim đồng hồ Royal Oak bằng vàng trắng được phủ chất phát quang, mang đến khả năng đọc giờ dễ dàng ngay cả trong điều kiện thiếu sáng.</p>
<p>Đặc biệt, hệ thống dây đeo có thể thay đổi nhanh chóng, cho phép người dùng linh hoạt thay thế bằng các dây đeo màu xanh ngọc, vàng hoặc xanh lá đi kèm, tạo nên phong cách cá nhân độc đáo và đa dạng.</p>
<p>Với khả năng chống nước lên đến 100m và bộ máy tự động mạnh mẽ, Royal Oak Offshore 26401PO.OO.A018CR.01 là lựa chọn lý tưởng cho những ai yêu thích sự khác biệt và muốn mang âm nhạc vào từng khoảnh khắc trong cuộc sống.</p>","","1","1","AUDEMARS PIGUET, AUDEMARS PIGUET > Royal Oak Offshore","https://theempire.vn/wp-content/uploads/2024/12/Audemars_Piguet_Royal_Oak_Offshore_Chronograph_44mm_26401PO.OO_.A018CR.01-removebg-preview.png,https://theempire.vn/wp-content/uploads/2024/12/Audemars_Piguet_Royal_Oak_Offshore_Chronograph_44mm_26401PO.OO_.A018CR.01__1_-removebg-preview.png","Thương hiệu","AUDEMARS PIGUET","1","1","Bộ sưu tập","Royal Oak Offshore","1","1"
"audemars-piguet-royal-oak-offshore-chronograph-26402ce-oo-a002ca-02","simple","Audemars Piguet Royal Oak Offshore Chronograph 44mm 26402CE.OO.A002CA.02","1","0","visible","Audemars Piguet Royal Oak Offshore Chronograph 44mm 26402CE.OO.A002CA.02 là một mẫu đồng hồ thể thao sang trọng của Audemars Piguet, nổi bật với thiết kế mạnh mẽ và đậm chất thể thao, mang đến một vẻ ngoài đầy ấn tượng cho người đeo","<p data-start=""0"" data-end=""548"">Audemars Piguet Royal Oak Offshore Chronograph 44mm 26402CE.OO.A002CA.02 là một mẫu đồng hồ thể thao sang trọng của <a href=""https://theempire.vn/danh-muc/audemars-piguet/"">Audemars Piguet</a>, nổi bật với thiết kế mạnh mẽ và đậm chất thể thao, mang đến một vẻ ngoài đầy ấn tượng cho người đeo. Vỏ đồng hồ được chế tác từ gốm cao cấp, kết hợp với các chi tiết thép không gỉ, giúp chiếc đồng hồ không chỉ bền bỉ mà còn có khả năng chống xước tốt, giữ được vẻ đẹp nguyên vẹn qua thời gian. Kích thước 44mm mang đến một diện mạo mạnh mẽ, phù hợp với những ai yêu thích phong cách thể thao nhưng không kém phần tinh tế và sang trọng.</p>
<p data-start=""550"" data-end=""1127"">Đặc biệt, mặt số của mẫu đồng hồ này được thiết kế tinh xảo với các chi tiết chronograph rõ ràng và các chỉ số phát sáng, giúp người đeo dễ dàng theo dõi thời gian trong mọi điều kiện ánh sáng. Bộ máy Caliber 3126/3840 tự động của Audemars Piguet mang lại độ chính xác cao, kết hợp với chức năng chronograph giúp đo thời gian chính xác, rất lý tưởng cho những hoạt động thể thao hoặc công việc yêu cầu tính toán thời gian chi tiết. Mẫu đồng hồ này cũng có khả năng chống nước lên đến 100m, giúp bảo vệ bộ máy bên trong khi sử dụng trong các hoạt động ngoài trời hoặc dưới nước.</p>
<p data-start=""1129"" data-end=""1486"" data-is-last-node="""">Dây đeo cao su màu đen không chỉ tạo sự thoải mái mà còn góp phần hoàn thiện vẻ ngoài thể thao và năng động của đồng hồ. Audemars Piguet Royal Oak Offshore Chronograph 44mm 26402CE.OO.A002CA.02 là lựa chọn lý tưởng cho những người yêu thích sự kết hợp giữa tính năng vượt trội và thiết kế tinh tế, mang lại cảm giác sang trọng và đẳng cấp trong mỗi lần đeo.</p>","","1","1","AUDEMARS PIGUET, AUDEMARS PIGUET > Royal Oak Offshore","https://theempire.vn/wp-content/uploads/2025/02/Dong-Ho-Audemars-Piguet-Royal-Oak-Offshore-Chronograph-26402CE.OO_.A002CA.02-44mm.png,https://theempire.vn/wp-content/uploads/2025/02/Audemars_Piguet_Royal_Oak_Offshore_Chronograph_44mm_26402CE.OO_.A002CA.02-removebg-preview.png","Thương hiệu","AUDEMARS PIGUET","1","1","Bộ sưu tập","Royal Oak Offshore","1","1"
"audemars-piguet-royal-oak-offshore-chronograph-26401po-oo-a018cr-01-2","simple","Audemars Piguet Royal Oak Offshore Chronograph 44mm 77600CE.OO.A002CA.01","1","0","visible","chiếc Royal Oak Offshore Selfwinding Chronograph Music Edition 43 mm là sự kết hợp độc đáo giữa kỹ thuật chế tác đồng hồ đỉnh cao và thế giới âm nhạc sôi động của Audemars Piguet. Vỏ đồng hồ được chế tác từ gốm đen, mang đến vẻ ngoài mạnh mẽ và hiện đại, đồng thời đảm bảo độ bền vượt trội.","<p data-sourcepos=""5:1-5:324"">chiếc Royal Oak Offshore Selfwinding Chronograph Music Edition 43 mm là sự kết hợp độc đáo giữa kỹ thuật chế tác đồng hồ đỉnh cao và thế giới âm nhạc sôi động của <a href=""https://theempire.vn/danh-muc/audemars-piguet/"">Audemars Piguet</a>. Vỏ đồng hồ được chế tác từ gốm đen, mang đến vẻ ngoài mạnh mẽ và hiện đại, đồng thời đảm bảo độ bền vượt trội.</p>
<p data-sourcepos=""7:1-7:290"">Mặt số “Tapisserie” đặc trưng của Royal Oak được cách điệu với họa tiết gợi nhớ đến bộ chỉnh âm equalizer, sử dụng các khối màu rực rỡ tạo nên hiệu ứng thị giác ấn tượng. Các vạch chỉ giờ và kim đồng hồ được phủ lớp phát quang, đảm bảo khả năng đọc giờ rõ ràng trong mọi điều kiện ánh sáng.</p>
<p data-sourcepos=""9:1-9:274"">Điểm nhấn của chiếc đồng hồ này nằm ở bộ máy chronograph tự động Calibre 4401, được phát triển và sản xuất in-house bởi Audemars Piguet. Bộ máy này không chỉ đảm bảo độ chính xác và tin cậy cao mà còn được trang trí tỉ mỉ, có thể chiêm ngưỡng qua mặt sau bằng kính sapphire.</p>
<p data-sourcepos=""11:1-11:224"">Dây đeo cao su màu đen, được thiết kế với họa tiết “Clous de Paris” ở mặt trong, mang lại cảm giác thoải mái và vừa vặn khi đeo. Khóa cài bằng gốm đen với logo AP hoàn thiện vẻ ngoài sang trọng và thể thao của chiếc đồng hồ.</p>","","1","1","AUDEMARS PIGUET, AUDEMARS PIGUET > Royal Oak Offshore","https://theempire.vn/wp-content/uploads/2024/12/Audemars_Piguet_Royal_Oak_Offshore_Chronograph_44mm_77600CE.OO_.A002CA.01__1_-removebg-preview.png,https://theempire.vn/wp-content/uploads/2024/12/Audemars_Piguet_Royal_Oak_Offshore_Chronograph_44mm_77600CE.OO_.A002CA.01-removebg-preview.png","Thương hiệu","AUDEMARS PIGUET","1","1","Bộ sưu tập","Royal Oak Offshore","1","1"
"audemars-piguet-royal-oak-offshore-chronograph-navy-model-26170st-oo-d305cr-01","simple","Audemars Piguet Royal Oak Offshore Chronograph Navy Model 42mm 26170ST.OO.D305CR.01","1","0","visible","Audemars Piguet Royal Oak Offshore Chronograph Navy Model 42mm 26170ST.OO.D305CR.01 là một mẫu đồng hồ thể thao cao cấp của Audemars Piguet, kết hợp hoàn hảo giữa sự mạnh mẽ và tính năng vượt trội, mang lại sự sang trọng và phong cách đặc biệt cho người đeo.","<p data-start=""0"" data-end=""607"">Audemars Piguet Royal Oak Offshore Chronograph Navy Model 42mm 26170ST.OO.D305CR.01 là một mẫu đồng hồ thể thao cao cấp của <a href=""https://theempire.vn/danh-muc/audemars-piguet/"">Audemars Piguet</a>, kết hợp hoàn hảo giữa sự mạnh mẽ và tính năng vượt trội, mang lại sự sang trọng và phong cách đặc biệt cho người đeo. Với vỏ thép không gỉ 42mm, đồng hồ này nổi bật với sự chắc chắn và thiết kế thể thao, cùng với màu sắc mặt số xanh navy sang trọng và tinh tế, tạo nên một vẻ ngoài hiện đại và mạnh mẽ. Mặt số được trang bị các chỉ số và kim giờ phát sáng, giúp người đeo dễ dàng theo dõi thời gian trong mọi điều kiện ánh sáng, đồng thời mang đến cảm giác trực quan và dễ dàng sử dụng.</p>
<p data-start=""609"" data-end=""1075"">Mẫu đồng hồ này còn trang bị chức năng chronograph (bấm giờ) với các nút bấm ở hai bên vỏ, cho phép người đeo dễ dàng đo thời gian chính xác trong các hoạt động thể thao hoặc công việc yêu cầu đo đếm thời gian. Bộ máy tự động Caliber 3126/3840 của Audemars Piguet đảm bảo độ chính xác cao và hiệu suất ổn định, đồng thời khả năng chống nước lên đến 100m khiến đồng hồ này trở thành một lựa chọn lý tưởng cho những ai yêu thích sự kết hợp giữa thể thao và sang trọng.</p>
<p data-start=""1077"" data-end=""1424"" data-is-last-node="""">Dây đeo cao su màu xanh navy của Audemars Piguet Royal Oak Offshore Chronograph Navy Model 42mm 26170ST.OO.D305CR.01 không chỉ mang lại sự thoải mái khi đeo mà còn tăng tính linh hoạt và độ bền cho đồng hồ. Với sự hoàn thiện tinh tế và tính năng vượt trội, mẫu đồng hồ này là sự lựa chọn hoàn hảo cho những tín đồ đam mê sự sang trọng và thể thao.</p>","","1","1","AUDEMARS PIGUET, AUDEMARS PIGUET > Royal Oak Offshore","https://theempire.vn/wp-content/uploads/2025/02/Dong-Ho-Audemars-Piguet-Royal-Oak-Offshore-Chronograph-Navy-Model-26170ST.OO_.D305CR.01.png,https://theempire.vn/wp-content/uploads/2025/02/Audemars_Piguet_Royal_Oak_Offshore_Chronograph_Navy_Model_42mm_26170ST.OO_.D305CR.01-removebg-preview.png","Thương hiệu","AUDEMARS PIGUET","1","1","Bộ sưu tập","Royal Oak Offshore","1","1"
"audemars-piguet-royal-oak-offshore-diver-15710st-oo-a027ca-01","simple","Audemars Piguet Royal Oak Offshore Diver 42mm 15710ST.OO.A027CA.01","1","0","visible","Audemars Piguet Royal Oak Offshore Diver 42mm 15710ST.OO.A027CA.01 là một mẫu đồng hồ thể thao cao cấp mang trong mình thiết kế mạnh mẽ và tính năng vượt trội, nổi bật trong bộ sưu tập Royal Oak Offshore của Audemars Piguet.","<div class=""flex-1 overflow-hidden @container/thread translate-y-[2rem] -mt-[2rem] pb-[1.5rem]"">
<div class=""flex h-full flex-col overflow-y-auto"">
<div class=""flex flex-col text-sm"">
<article class=""w-full text-token-text-primary focus-visible:outline-2 focus-visible:outline-offset-[-4px]"" dir=""auto"" data-testid=""conversation-turn-25"" data-scroll-anchor=""true"">
<div class=""m-auto text-base py-[18px] px-6"">
<div class=""mx-auto flex flex-1 gap-4 text-base md:gap-5 lg:gap-6 md:max-w-3xl"">
<div class=""group/conversation-turn relative flex w-full min-w-0 flex-col agent-turn @xs/thread:px-0 @sm/thread:px-1.5 @md/thread:px-4"">
<div class=""flex-col gap-1 md:gap-3"">
<div class=""flex max-w-full flex-col flex-grow"">
<div class=""min-h-8 text-message flex w-full flex-col items-end gap-2 whitespace-normal break-words text-start [.text-message+&amp;]:mt-5"" dir=""auto"" data-message-author-role=""assistant"" data-message-id=""14ba822b-93a2-4c20-8970-734d5525b6a4"" data-message-model-slug=""gpt-4o-mini"">
<div class=""flex w-full flex-col gap-1 empty:hidden first:pt-[3px]"">
<div class=""markdown prose w-full break-words dark:prose-invert dark"">
<p data-start=""0"" data-end=""644"">Audemars Piguet Royal Oak Offshore Diver 42mm 15710ST.OO.A027CA.01 là một mẫu đồng hồ thể thao cao cấp mang trong mình thiết kế mạnh mẽ và tính năng vượt trội, nổi bật trong bộ sưu tập Royal Oak Offshore của <a href=""https://theempire.vn/danh-muc/audemars-piguet/"">Audemars Piguet</a>. Với vỏ thép không gỉ, đồng hồ có kích thước 42mm, kết hợp sự chắc chắn và vẻ ngoài hiện đại, tạo nên một phong cách thể thao đầy ấn tượng. Mặt số được thiết kế với các cọc số lớn và kim giờ phát sáng, giúp người đeo dễ dàng theo dõi thời gian trong mọi điều kiện ánh sáng, đồng thời tạo cảm giác mạnh mẽ và dễ nhìn. Màu sắc mặt số đặc biệt kết hợp cùng các chi tiết đường viền bằng cao su, tạo sự hoàn hảo cho thiết kế.</p>
<p data-start=""646"" data-end=""1069"">Một trong những điểm nổi bật của mẫu đồng hồ này chính là khả năng chống nước lên đến 300m, giúp bảo vệ đồng hồ trong mọi hoạt động dưới nước như lặn biển. Bộ vỏ được thiết kế vặn xoáy, giúp tăng cường khả năng chống nước và đảm bảo an toàn cho đồng hồ trong môi trường khắc nghiệt. Bên cạnh đó, bộ máy Caliber 3120 tự động của Audemars Piguet mang lại độ chính xác cao, giúp đồng hồ luôn hoạt động ổn định và đáng tin cậy.</p>
<p data-start=""1071"" data-end=""1437"" data-is-last-node="""">Dây đeo cao su của Audemars Piguet Royal Oak Offshore Diver 42mm 15710ST.OO.A027CA.01 mang đến sự thoải mái tối ưu khi đeo, đồng thời tăng cường tính linh hoạt và độ bền cho chiếc đồng hồ. Với sự kết hợp giữa tính năng vượt trội, thiết kế mạnh mẽ và phong cách thể thao, mẫu đồng hồ này là lựa chọn lý tưởng cho những người yêu thích sự sang trọng và chất lượng cao.</p>
</div>
</div>
</div>
</div>
</div>
</div>
</div>
</div>
</article>
</div>
</div>
</div>","","1","1","AUDEMARS PIGUET, AUDEMARS PIGUET > Royal Oak Offshore","https://theempire.vn/wp-content/uploads/2025/02/Audemars-Piguet-Royal-Oak-Offshore-Diver-15710ST.OO_.A027CA.01.png,https://theempire.vn/wp-content/uploads/2025/02/Audemars_Piguet_Royal_Oak_Offshore_Diver_42mm_15710ST.OO_.A027CA.01-removebg-preview.png","Thương hiệu","AUDEMARS PIGUET","1","1","Bộ sưu tập","Royal Oak Offshore","1","1"
"audemars-piguet-royal-oak-offshore-diver-15710st-oo-a051ca-01","simple","Audemars Piguet Royal Oak Offshore Diver 42mm 15710ST.OO.A051CA.01","1","0","visible","Audemars Piguet Royal Oak Offshore Diver 42mm 15710ST.OO.A051CA.01 là một mẫu đồng hồ thể thao cao cấp với thiết kế mạnh mẽ, mang đậm phong cách và sự đẳng cấp của thương hiệu Audemars Piguet.","<p data-start=""0"" data-end=""554"">Audemars Piguet Royal Oak Offshore Diver 42mm 15710ST.OO.A051CA.01 là một mẫu đồng hồ thể thao cao cấp với thiết kế mạnh mẽ, mang đậm phong cách và sự đẳng cấp của thương hiệu <a href=""https://theempire.vn/danh-muc/audemars-piguet/"">Audemars Piguet</a>. Vỏ đồng hồ được chế tác từ thép không gỉ, kết hợp với kích thước 42mm, tạo nên vẻ ngoài mạnh mẽ và nam tính, phù hợp với những người yêu thích sự thể thao nhưng vẫn đậm chất sang trọng. Mặt số của đồng hồ nổi bật với các cọc số và kim giờ phát sáng, giúp dễ dàng theo dõi thời gian trong mọi điều kiện ánh sáng, đồng thời mang lại cảm giác chắc chắn và dễ nhìn.</p>
<p data-start=""556"" data-end=""1087"">Chiếc đồng hồ này còn đặc biệt với khả năng chống nước lên đến 300m, rất lý tưởng cho những hoạt động dưới nước như lặn biển, cùng với một bộ vỏ được thiết kế đặc biệt để chống thấm nước, giúp bảo vệ đồng hồ trong mọi tình huống. Sự kết hợp giữa bộ máy Caliber 3120 tự động của Audemars Piguet và khả năng chống nước tuyệt vời khiến Royal Oak Offshore Diver trở thành một trong những mẫu đồng hồ thể thao chất lượng cao nhất hiện nay, không chỉ đảm bảo độ chính xác tuyệt đối mà còn dễ dàng thích nghi với các hoạt động ngoài trời.</p>
<p data-start=""1089"" data-end=""1382"" data-is-last-node="""">Dây đeo cao su của Audemars Piguet Royal Oak Offshore Diver 42mm 15710ST.OO.A051CA.01 không chỉ mang lại cảm giác thoải mái khi đeo mà còn tăng tính linh hoạt và độ bền cho đồng hồ. Đây là lựa chọn hoàn hảo cho những ai tìm kiếm một chiếc đồng hồ thể thao sang trọng và vượt trội về tính năng.</p>","","1","1","AUDEMARS PIGUET, AUDEMARS PIGUET > Royal Oak Offshore","https://theempire.vn/wp-content/uploads/2025/02/Dong-Ho-Audemars-Piguet-Royal-Oak-Offshore-Diver-15710ST.OO_.A051CA.01.png,https://theempire.vn/wp-content/uploads/2025/02/Audemars_Piguet_Royal_Oak_Offshore_Diver_42mm_15710ST.OO_.A027CA.01__1_-removebg-preview.png","Thương hiệu","AUDEMARS PIGUET","1","1","Bộ sưu tập","Royal Oak Offshore","1","1"
"audemars-piguet-royal-oak-offshore-diver-15711oi-oo-a006ca-01","simple","Audemars Piguet Royal Oak Offshore Diver 42mm 15711OI.OO.A006CA.01","1","0","visible","Audemars Piguet Royal Oak Offshore Diver 42mm 15711OI.OO.A006CA.01 là một mẫu đồng hồ thể thao cao cấp, kết hợp giữa tính năng vượt trội và thiết kế đẳng cấp của Audemars Piguet. Vỏ đồng hồ được chế tác từ vàng hồng 18k, mang lại sự sang trọng và mạnh mẽ, cùng với kích thước 42mm lý tưởng, vừa vặn với nhiều kích thước cổ tay, thể hiện sự hiện đại và mạnh mẽ","<div class=""flex-1 overflow-hidden @container/thread translate-y-[2rem] -mt-[2rem] pb-[1.5rem]"">
<div class=""flex h-full flex-col overflow-y-auto"">
<div class=""flex flex-col text-sm md:pb-9"">
<article class=""w-full text-token-text-primary focus-visible:outline-2 focus-visible:outline-offset-[-4px]"" dir=""auto"" data-testid=""conversation-turn-21"" data-scroll-anchor=""true"">
<div class=""m-auto text-base py-[18px] px-6"">
<div class=""mx-auto flex flex-1 gap-4 text-base md:gap-5 lg:gap-6 md:max-w-3xl"">
<div class=""group/conversation-turn relative flex w-full min-w-0 flex-col agent-turn @xs/thread:px-0 @sm/thread:px-1.5 @md/thread:px-4"">
<div class=""flex-col gap-1 md:gap-3"">
<div class=""flex max-w-full flex-col flex-grow"">
<div class=""min-h-8 text-message flex w-full flex-col items-end gap-2 whitespace-normal break-words text-start [.text-message+&amp;]:mt-5"" dir=""auto"" data-message-author-role=""assistant"" data-message-id=""366ca35b-25e8-45be-afc8-d7ec7f37d8cd"" data-message-model-slug=""gpt-4o-mini"">
<div class=""flex w-full flex-col gap-1 empty:hidden first:pt-[3px]"">
<div class=""markdown prose w-full break-words dark:prose-invert dark"">
<p data-start=""0"" data-end=""536"">Audemars Piguet Royal Oak Offshore Diver 42mm 15711OI.OO.A006CA.01 là một mẫu đồng hồ thể thao cao cấp, kết hợp giữa tính năng vượt trội và thiết kế đẳng cấp của <a href=""https://theempire.vn/danh-muc/audemars-piguet/"">Audemars Piguet</a>. Vỏ đồng hồ được chế tác từ vàng hồng 18k, mang lại sự sang trọng và mạnh mẽ, cùng với kích thước 42mm lý tưởng, vừa vặn với nhiều kích thước cổ tay, thể hiện sự hiện đại và mạnh mẽ. Thiết kế mặt số nổi bật với các cọc số hình học và kim giờ to bản, dễ dàng quan sát ngay cả trong điều kiện ánh sáng yếu, giúp người đeo có thể kiểm soát thời gian chính xác trong mọi tình huống.</p>
<p data-start=""538"" data-end=""1070"">Điểm nhấn đặc biệt của mẫu đồng hồ này chính là tính năng chống nước vượt trội lên đến 300m, rất lý tưởng cho những người yêu thích các hoạt động dưới nước như lặn biển. Mặt số được trang bị lớp kính sapphire chống trầy xước, giúp bảo vệ mặt số luôn hoàn hảo, trong khi đó bộ máy tự động Caliber 3120 của Audemars Piguet đảm bảo độ chính xác cao và độ bền vượt trội. Đồng thời, tính năng Diver của đồng hồ mang đến khả năng dễ dàng theo dõi thời gian trong quá trình lặn nhờ vào bộ vỏ chắc chắn và thiết kế vặn xoáy chống thấm nước.</p>
<p data-start=""1072"" data-end=""1433"" data-is-last-node="""">Dây đeo cao su của Audemars Piguet Royal Oak Offshore Diver 42mm 15711OI.OO.A006CA.01 không chỉ mang đến sự thoải mái mà còn tạo sự linh hoạt khi đeo trong mọi hoạt động thể thao. Với sự kết hợp hoàn hảo giữa thiết kế mạnh mẽ, tính năng vượt trội và phong cách thời trang, chiếc đồng hồ này là lựa chọn hoàn hảo cho những tín đồ đam mê đồng hồ thể thao cao cấp.</p>
</div>
</div>
</div>
</div>
</div>
</div>
</div>
</div>
</article>
</div>
</div>
</div>","","1","1","AUDEMARS PIGUET, AUDEMARS PIGUET > Royal Oak Offshore","https://theempire.vn/wp-content/uploads/2025/02/Dong-Ho-Audemars-Piguet-Royal-Oak-Offshore-Diver-15711OI.OO_.A006CA.01.png,https://theempire.vn/wp-content/uploads/2025/02/Audemars_Piguet_Royal_Oak_Offshore_Diver_42mm_15711OI.OO_.A006CA.01-removebg-preview.png","Thương hiệu","AUDEMARS PIGUET","1","1","Bộ sưu tập","Royal Oak Offshore","1","1"
"audemars-piguet-royal-oak-offshore-diver-15720st-oo-a052ca-01","simple","Audemars Piguet Royal Oak Offshore Diver 42mm 15720ST.OO.A052CA.01","1","0","visible","Chiếc Royal Oak Offshore Diver 42mm 15720ST.OO.A052CA.01 là hiện thân của sự tinh tế và thiết kế mạnh mẽ của Audemars Piguet, dành riêng cho những ai yêu thích phong cách xứng tầm và đam mê khám phá đại dương.","<p>Chiếc Royal Oak Offshore Diver 42mm 15720ST.OO.A052CA.01 là hiện thân của sự tinh tế và thiết kế mạnh mẽ của <a href=""https://theempire.vn/danh-muc/audemars-piguet/"">Audemars Piguet</a>, dành riêng cho những ai yêu thích phong cách xứng tầm và đam mê khám phá đại dương.</p>
<p>Vỏ thép không gỉ với kích thước 42mm, dày 14.2mm, cùng núm vặn bằng gốm đen và khả năng chống nước lên đến 300m, mang lại độ bền bỉ tối ưu trong mọi điều kiện khắc nghiệt. Mặt số xanh khaki họa tiết “Méga Tapisserie” độc đáo, kết hợp cọc số và kim vàng hồng phủ chất phát quang, đảm bảo khả năng hiển thị vượt trội. Vành bezel xoay bên trong với thang đo từ 60 đến 15 phút được tô điểm bằng màu be, tạo thêm điểm nhấn tinh tế.</p>
<p>Trái tim của chiếc đồng hồ là bộ máy tự động Calibre 4308, một kiệt tác kỹ thuật với tần số dao động 4Hz, đảm bảo độ chính xác cao. Với khả năng dự trữ năng lượng lên đến 60 giờ, đồng hồ mang lại sự ổn định và tiện dụng cho người sử dụng.</p>
<p>Dây đeo cao su màu khaki không chỉ mang lại sự thoải mái mà còn làm nổi bật phong cách năng động, cá tính. Đi kèm là dây đeo cao su màu đen, hỗ trợ hệ thống thay dây linh hoạt, cho phép người đeo dễ dàng thay đổi phong cách theo từng dịp.</p>","","1","1","AUDEMARS PIGUET, AUDEMARS PIGUET > Royal Oak Offshore","https://theempire.vn/wp-content/uploads/2024/11/Audemars-Piquet-Royal-Oak-Offshore-Diver-42mm-5.png,https://theempire.vn/wp-content/uploads/2024/11/Audemars_Piguet_Royal_Oak_Offshore_Diver_42mm_15720ST.OO_.A052CA.01-removebg-preview.png","Thương hiệu","AUDEMARS PIGUET","1","1","Bộ sưu tập","Royal Oak Offshore","1","1"
"audemars-piguet-royal-oak-offshore-grande-complication-26582cb-oo-a010ca-01","simple","Audemars Piguet Royal Oak Offshore Grande Complication 44mm 26582CB.OO.A010CA.01","1","0","visible","Royal Oak Offshore Grande Complication 26582CB.OO.A010CA.01 sở hữu vỏ được chế tác từ gốm trắng, một chất liệu tiên tiến của Audemars Piguet, mang lại vẻ ngoài bóng bẩy như kim loại và có độ bền vượt trội, chống xước và chịu được tác động môi trường.","<p>Royal Oak Offshore Grande Complication 26582CB.OO.A010CA.01 sở hữu vỏ được chế tác từ gốm trắng, một chất liệu tiên tiến của <a href=""https://theempire.vn/danh-muc/audemars-piguet/"">Audemars Piguet</a>, mang lại vẻ ngoài bóng bẩy như kim loại và có độ bền vượt trội, chống xước và chịu được tác động môi trường.</p>
<p>Với kích thước 44mm, chiếc đồng hồ thể hiện sự mạnh mẽ và hiện đại, trong khi lớp kính sapphire chống lóa bảo vệ mặt số, mang đến khả năng hiển thị tuyệt vời trong mọi điều kiện ánh sáng.</p>
<p>Mặt số phức tạp là sự hòa quyện hoàn hảo giữa thiết kế kỹ thuật và nghệ thuật. Các chỉ số giờ, kim đồng hồ, cùng mặt số phụ chronograph được sắp xếp cân đối, cho phép hiển thị các chức năng phức tạp một cách rõ ràng và trực quan. Sự kết hợp giữa màu trắng và chi tiết kim loại mang lại vẻ ngoài sang trọng và hiện đại.</p>
<p>Trái tim của Royal Oak 26582CB.OO.A010CA.01 là bộ máy Calibre 2885, một trong những bộ máy phức tạp nhất của Audemars Piguet. Bộ máy này tích hợp ba chức năng đỉnh cao của ngành chế tác đồng hồ: lịch vạn niên, chronograph split-seconds và minute repeater (chuông điểm phút). Cơ chế hoạt động phức tạp này không chỉ thể hiện sự tinh xảo trong chế tác mà còn đảm bảo độ chính xác và bền bỉ vượt thời gian.</p>
<p>Dây đeo cao su màu trắng đi kèm với khóa cài bằng titan không chỉ mang lại sự thoải mái mà còn tăng thêm vẻ hiện đại và thể thao cho chiếc đồng hồ. Chất liệu dây phù hợp hoàn hảo với thiết kế tổng thể, tạo nên một chiếc đồng hồ daily thanh lịch.</p>","16600000000","1","1","AUDEMARS PIGUET, AUDEMARS PIGUET > Royal Oak Offshore","https://theempire.vn/wp-content/uploads/2024/12/AP-1-1.png,https://theempire.vn/wp-content/uploads/2024/12/Audemars_Piguet_Royal_Oak_Offshore_Grande_Complication_44mm_26582CB.OO_.A010CA.01-removebg-preview.png","Thương hiệu","AUDEMARS PIGUET","1","1","Bộ sưu tập","Royal Oak Offshore","1","1"
"audemars-piguet-royal-oak-offshore-selfwinding-chronograph-26473bc-zz-8043bc-01","simple","Audemars Piguet Royal Oak Offshore Selfwinding Chronograph 42mm 26473BC.ZZ.8043BC.01","1","0","visible","Royal Oak Offshore Selfwinding Chronograph 26473BC.ZZ.8043BC.01 là một kiệt tác đồng hồ thuộc dòng Royal Oak Offshore của Audemars Piguet, nổi bật với sự kết hợp giữa sự sang trọng và tính năng thể thao, dành cho những tín đồ yêu thích sự hoàn hảo trong từng chi tiết. Với bộ máy selfwinding (tự động) và thiết kế tinh tế từ vàng trắng cao cấp, chiếc đồng hồ này không chỉ là một công cụ đo thời gian chính xác mà còn là biểu tượng của phong cách đẳng cấp và khả năng chinh phục mọi thử thách.","<p><span data-sheets-root=""1"">Royal Oak Offshore Selfwinding Chronograph 26473BC.ZZ.8043BC.01 là một kiệt tác đồng hồ thuộc dòng Royal Oak Offshore của <a href=""https://theempire.vn/danh-muc/audemars-piguet/"">Audemars Piguet</a>, nổi bật với sự kết hợp giữa sự sang trọng và tính năng thể thao, dành cho những tín đồ yêu thích sự hoàn hảo trong từng chi tiết. Với bộ máy selfwinding (tự động) và thiết kế tinh tế từ vàng trắng cao cấp, chiếc đồng hồ này không chỉ là một công cụ đo thời gian chính xác mà còn là biểu tượng của phong cách đẳng cấp và khả năng chinh phục mọi thử thách.</span></p>
<p>Với kích thước vỏ 42mm, chiếc đồng hồ này mang đến một diện mạo mạnh mẽ nhưng vẫn rất thanh thoát, phù hợp cho những ai yêu thích sự kết hợp giữa vẻ ngoài thể thao và sự tinh tế trong thiết kế. Kích thước này rất lý tưởng để đeo hàng ngày, giúp tạo điểm nhấn nổi bật trên cổ tay mà không quá cồng kềnh. Được trang bị bộ máy selfwinding (tự động), chiếc đồng hồ này sử dụng chuyển động của cổ tay người đeo để lên cót, giúp đồng hồ duy trì hoạt động liên tục mà không cần phải lên dây thủ công. Bộ máy tự động đảm bảo sự chính xác tuyệt đối và hoạt động ổn định trong suốt thời gian sử dụng.</p>
<p>Vỏ và dây đeo của đồng hồ được chế tác từ vàng trắng 18k, một chất liệu cao cấp mang đến vẻ đẹp sang trọng và tinh tế. Vàng trắng không chỉ có khả năng chống xỉn màu tuyệt vời mà còn tạo ra một vẻ đẹp thanh thoát, phù hợp với mọi trang phục và sự kiện. Đây là chất liệu lý tưởng để tạo nên một chiếc đồng hồ vừa bền bỉ, vừa tinh tế.</p>
<p>Audemars Piguet Royal Oak Offshore Selfwinding Chronograph được trang bị chức năng chronograph – tính năng bấm giờ thể thao, cho phép người đeo đo thời gian chính xác đến từng giây. Đây là một tính năng cực kỳ hữu ích cho những ai đam mê thể thao hoặc tham gia các hoạt động đòi hỏi độ chính xác cao.</p>","","1","1","AUDEMARS PIGUET, AUDEMARS PIGUET > Royal Oak Offshore","https://theempire.vn/wp-content/uploads/2025/01/9739D8C5-CA56-426A-9289-D81E6ED7D1F8.png,https://theempire.vn/wp-content/uploads/2025/01/Audemars_Piguet_Royal_Oak_Offshore_Selfwinding_Chronograph_42mm_26473BC.ZZ_.8043BC.01-removebg-preview.png","Thương hiệu","AUDEMARS PIGUET","1","1","Bộ sưu tập","Royal Oak Offshore","1","1"
"audemars-piguet-royal-oak-offshore-the-legacy-26378io-oo-a001ke-01","simple","Audemars Piguet Royal Oak Offshore The Legacy 48mm 26378IO.OO.A001KE.01","1","0","visible","Phiên bản giới hạn chỉ 1.500 chiếc, Royal Oak Offshore The Legacy 26378IO.OO.A001KE.01 của Audemars Piguet là một kiệt tác độc đáo, thể hiện đẳng cấp và sự tinh tế của thương hiệu Audemars Piguet. Với kích thước vỏ 48mm, chiếc đồng hồ này mang lại vẻ ngoài mạnh mẽ và nam tính, là sự lựa chọn lý tưởng cho những ai yêu thích phong cách thể thao nhưng vẫn muốn giữ được sự sang trọng.","<p>Phiên bản giới hạn chỉ 1.500 chiếc, Royal Oak Offshore The Legacy 26378IO.OO.A001KE.01 của <a href=""https://theempire.vn/danh-muc/audemars-piguet/"">Audemars Piguet</a> là một kiệt tác độc đáo, thể hiện đẳng cấp và sự tinh tế của thương hiệu Audemars Piguet. Với kích thước vỏ 48mm, chiếc đồng hồ này mang lại vẻ ngoài mạnh mẽ và nam tính, là sự lựa chọn lý tưởng cho những ai yêu thích phong cách thể thao nhưng vẫn muốn giữ được sự sang trọng.</p>
<p>Vỏ đồng hồ được chế tác từ gốm đen, kết hợp với các nút bấm bằng vàng hồng 18K, tạo nên một sự tương phản hoàn hảo và tinh tế. Mặt số màu đen với các chi tiết sắc nét, bố trí rõ ràng, dễ đọc. Đồng hồ còn trang bị chức năng bấm giờ tự động với màn hình hiển thị ngày cùng giây nhỏ ở vị trí 12 giờ, mang lại sự tiện ích và tính thực tiễn cao.</p>
<p>Phần đáy đồng hồ được làm từ titan nhẹ, giúp giảm trọng lượng tổng thể mà vẫn đảm bảo độ bền bỉ. Điểm nhấn là một huy chương độc quyền, tôn vinh giá trị sưu tầm của sản phẩm. Dây đeo làm từ chất liệu vải antraxit, mang lại cảm giác thoải mái và bền bỉ trong mọi điều kiện sử dụng.</p>
<p>Được trang bị bộ máy tự động Calibre 2326/2840, mẫu đồng hồ này đảm bảo hiệu suất hoạt động vượt trội cùng độ chính xác cao. Royal Oak Offshore Chronograph 26378IO.OO.A001KE.01 không chỉ là một chiếc đồng hồ, mà còn là biểu tượng của sức mạnh, sự tinh xảo và phong cách.</p>","5301400000","1","1","AUDEMARS PIGUET, AUDEMARS PIGUET > Royal Oak Offshore","https://theempire.vn/wp-content/uploads/2024/12/101.png,https://theempire.vn/wp-content/uploads/2024/12/Audemars_Piguet_Royal_Oak_Offshore_The_Legacy_48mm_26378IO.OO_.A001KE.01-removebg-preview.png","Thương hiệu","AUDEMARS PIGUET","1","1","Bộ sưu tập","Royal Oak Offshore","1","1"
"audemars-piguet-royal-oak-perpetual-calendar-26574st-oo-1220st-03","simple","Audemars Piguet Royal Oak Perpetual Calendar 41mm 26574ST.OO.1220ST.03","1","0","visible","Chiếc Royal Oak Perpetual Calendar 41mm 26574ST.OO.1220ST.03 là sự kết hợp hoàn hảo giữa thiết kế xứng tầm và công nghệ chế tác mạnh mẽ của Audemars Piguet, mang đến một kiệt tác vượt thời gian.","<div class=""flex-shrink-0 flex flex-col relative items-end"">
<div class=""pt-0"">
<div class=""gizmo-bot-avatar flex h-8 w-8 items-center justify-center overflow-hidden rounded-full"">
<div class=""relative p-1 rounded-sm flex items-center justify-center bg-token-main-surface-primary text-token-text-primary h-8 w-8"">Chiếc Royal Oak Perpetual Calendar 41mm 26574ST.OO.1220ST.03 là sự kết hợp hoàn hảo giữa thiết kế xứng tầm và công nghệ chế tác mạnh mẽ của <a href=""https://theempire.vn/danh-muc/audemars-piguet/"">Audemars Piguet</a>, mang đến một kiệt tác vượt thời gian.</div>
</div>
</div>
</div>
<div class=""group/conversation-turn relative flex w-full min-w-0 flex-col agent-turn"">
<div class=""flex-col gap-1 md:gap-3"">
<div class=""flex max-w-full flex-col flex-grow"">
<div class=""min-h-8 text-message flex w-full flex-col items-end gap-2 whitespace-normal break-words text-start [.text-message+&amp;]:mt-5"" dir=""auto"" data-message-author-role=""assistant"" data-message-id=""056302c6-53fb-4091-a5a5-e8ff2ebea5f9"" data-message-model-slug=""gpt-4o"">
<div class=""flex w-full flex-col gap-1 empty:hidden first:pt-[3px]"">
<div class=""markdown prose w-full break-words dark:prose-invert light"">
<p>Mặt số xanh dương với họa tiết “Grande Tapisserie” đặc trưng, kết hợp các bộ đếm và vòng bezel bên trong sắc xanh “Night Blue, Cloud 50” huyền thoại, gợi nhớ đến phiên bản đầu tiên của dòng Royal Oak. Các cọc số và kim giờ bằng vàng trắng phủ phát quang giúp tăng khả năng hiển thị trong mọi điều kiện ánh sáng.</p>
<p>Đặc biệt, đồng hồ được trang bị bộ máy Calibre 5134, một bộ máy tự động lên dây với lịch vạn niên. Chức năng lịch này không chỉ hiển thị tuần, ngày, tháng, năm nhuận mà còn bao gồm cả chu kỳ mặt trăng thiên văn. Bộ máy được chế tác từ 374 chi tiết tinh xảo, hoạt động ở tần số 2.75Hz, với khả năng dự trữ năng lượng lên tới 40 giờ, đảm bảo hiệu suất vận hành mượt mà và đáng tin cậy.</p>
<p>Vỏ thép không gỉ 41mm, kết hợp với mặt kính sapphire chống lóa, mang lại sự bền bỉ và độ hoàn thiện hoàn hảo. Dây đeo thép không gỉ liền mạch với vỏ đồng hồ, tạo nên vẻ đẹp hài hòa, hiện đại và mạnh mẽ.</p>
</div>
</div>
</div>
</div>
</div>
</div>","","1","1","AUDEMARS PIGUET, AUDEMARS PIGUET > Royal Oak","https://theempire.vn/wp-content/uploads/2024/11/5271P.png,https://theempire.vn/wp-content/uploads/2024/11/Audemars_Piguet_Royal_Oak_Perpetual_Calendar_41mm_26574ST.OO_.1220ST.03-removebg-preview.png","Thương hiệu","AUDEMARS PIGUET","1","1","Bộ sưu tập","Royal Oak","1","1"
"audemars-piguet-royal-oak-selfwinding-chronograph-26315or-zz-1256or-01","simple","Audemars Piguet Royal Oak Selfwinding Chronograph 38mm 26315OR.ZZ.1256OR.01","1","0","visible","Royal Oak Selfwinding Chronograph 26315OR.ZZ.1256OR.01 là một kiệt tác đẳng cấp kết hợp giữa sang trọng, chức năng tuyệt vời, và thiết kế tinh tế của Audemars Piguet. Được chế tác hoàn toàn từ vàng hồng 18k, mẫu đồng hồ này không chỉ thể hiện phong cách thời trang đỉnh cao mà còn là biểu tượng của sự chính xác và chất lượng vượt trội, đặc trưng của thương hiệu Audemars Piguet.","<p><span data-sheets-root=""1"">Royal Oak Selfwinding Chronograph 26315OR.ZZ.1256OR.01 là một kiệt tác đẳng cấp kết hợp giữa sang trọng, chức năng tuyệt vời, và thiết kế tinh tế của <a href=""https://theempire.vn/danh-muc/audemars-piguet/"">Audemars Piguet</a>. Được chế tác hoàn toàn từ vàng hồng 18k, mẫu đồng hồ này không chỉ thể hiện phong cách thời trang đỉnh cao mà còn là biểu tượng của sự chính xác và chất lượng vượt trội, đặc trưng của thương hiệu Audemars Piguet.</span></p>
<p>Với vỏ và dây đeo vàng hồng 18k, chiếc đồng hồ này toát lên vẻ đẹp thanh lịch và quý phái. Vàng hồng là một chất liệu quý hiếm, không chỉ mang lại một ánh sáng ấm áp và sang trọng mà còn bền bỉ theo thời gian. Chất liệu vàng hồng này giúp tạo ra một phong cách tinh tế, dễ dàng kết hợp với nhiều trang phục khác nhau, từ trang trọng đến thường ngày. Được trang bị bộ máy Automatic (lên dây cót tự động), chiếc đồng hồ này mang lại sự chính xác vượt trội mà không cần phải lên dây cót thủ công. Bộ máy tự động này đảm bảo rằng đồng hồ luôn hoạt động mượt mà chỉ cần bạn đeo nó. Audemars Piguet luôn chú trọng đến chất lượng bộ máy, mang đến một sản phẩm không chỉ đẹp mà còn vận hành ổn định và chính xác.</p>
<p>Với chức năng chronograph (bấm giờ), chiếc đồng hồ này giúp bạn đo thời gian một cách chính xác. Các nút bấm được thiết kế tiện dụng, giúp bạn dễ dàng sử dụng chức năng bấm giờ để đo đếm thời gian, phục vụ cho các hoạt động thể thao, công việc hay các nhu cầu đếm ngược thời gian. Các bộ đếm chronograph được bố trí rõ ràng trên mặt số, giúp bạn quan sát và sử dụng dễ dàng.</p>","","1","1","AUDEMARS PIGUET, AUDEMARS PIGUET > Royal Oak","https://theempire.vn/wp-content/uploads/2025/01/Dong-Ho-Audemars-Piguet-Royal-Oak-Selfwinding-Chronograph-26315OR.ZZ_.1256OR.01-38mm.png,https://theempire.vn/wp-content/uploads/2025/01/Audemars_Piguet_Royal_Oak_Selfwinding_Chronograph_38mm_26315OR.ZZ_.1256OR.01-removebg-preview.png","Thương hiệu","AUDEMARS PIGUET","1","1","Bộ sưu tập","Royal Oak","1","1"
"audemars-piguet-royal-oak-selfwinding-chronograph-26715bc-zz-1356bc-01","simple","Audemars Piguet Royal Oak Selfwinding Chronograph 38mm 26715BC.ZZ.1356BC.01","1","0","visible","Royal Oak Selfwinding Chronograph 26715BC.ZZ.1356BC.01 là một trong những mẫu đồng hồ cao cấp, đậm chất nghệ thuật và sự tinh tế mà thương hiệu Audemars Piguet mang đến cho giới yêu thích đồng hồ. Thiết kế của chiếc đồng hồ này là sự kết hợp hoàn hảo giữa vàng trắng 18k sang trọng và bộ máy tự động đỉnh cao, mang lại vẻ đẹp tuyệt vời cùng sự chính xác vượt trội.","<p><span data-sheets-root=""1"">Royal Oak Selfwinding Chronograph 26715BC.ZZ.1356BC.01 là một trong những mẫu đồng hồ cao cấp, đậm chất nghệ thuật và sự tinh tế mà thương hiệu <a href=""https://theempire.vn/danh-muc/audemars-piguet/"">Audemars Piguet</a> mang đến cho giới yêu thích đồng hồ. Thiết kế của chiếc đồng hồ này là sự kết hợp hoàn hảo giữa vàng trắng 18k sang trọng và bộ máy tự động đỉnh cao, mang lại vẻ đẹp tuyệt vời cùng sự chính xác vượt trội.</span></p>
<p>Mặt số của chiếc đồng hồ nổi bật với kiểu Tapisserie đặc trưng của dòng Royal Oak, mang đến vẻ đẹp tinh tế và độc đáo. Các cửa sổ phụ ở các vị trí 3 giờ, 6 giờ và 9 giờ cho phép người đeo dễ dàng theo dõi chức năng chronograph, trong khi các kim giờ, phút và giây được thiết kế tối giản nhưng dễ nhìn, giúp người dùng dễ dàng đọc giờ trong mọi hoàn cảnh.</p>
<p>Royal Oak Selfwinding Chronograph 26715BC.ZZ.1356BC.01 là một lựa chọn hoàn hảo cho những ai yêu thích sự kết hợp giữa vẻ đẹp thanh lịch và tính năng cao cấp. Với chất liệu vàng trắng 18k và bộ máy automatic mạnh mẽ, chiếc đồng hồ này không chỉ là công cụ đo thời gian chính xác mà còn là một món trang sức thể hiện đẳng cấp và phong cách của người sử dụng.</p>","","1","1","AUDEMARS PIGUET, AUDEMARS PIGUET > Royal Oak","https://theempire.vn/wp-content/uploads/2025/01/Dong-Ho-Audemars-Piguet-Royal-OakSelfwinding-Chronograph-26715BC.ZZ_.1356BC.01.png,https://theempire.vn/wp-content/uploads/2025/01/Audemars_Piguet_Royal_Oak_Selfwinding_Chronograph_38mm_26715BC.ZZ_.1356BC.01-removebg-preview.png","Thương hiệu","AUDEMARS PIGUET","1","1","Bộ sưu tập","Royal Oak","1","1"
"audemars-piguet-royal-oak-selfwinding-chronograph-26715bc-zz-1356bc-02","simple","Audemars Piguet Royal Oak Selfwinding Chronograph 38mm 26715BC.ZZ.1356BC.02","1","0","visible","Royal Oak Selfwinding Chronograph 26715BC.ZZ.1356BC.02 là một kiệt tác tuyệt vời từ thương hiệu Audemars Piguet, nổi bật với thiết kế sang trọng và sự hoàn hảo trong từng chi tiết. Được chế tác từ vàng trắng 18k, chiếc đồng hồ này không chỉ mang đến vẻ đẹp tinh tế mà còn thể hiện đẳng cấp của người sở hữu.","<p><span data-sheets-root=""1"">Royal Oak Selfwinding Chronograph 26715BC.ZZ.1356BC.02 là một kiệt tác tuyệt vời từ thương hiệu <a href=""https://theempire.vn/danh-muc/audemars-piguet/"">Audemars Piguet</a>, nổi bật với thiết kế sang trọng và sự hoàn hảo trong từng chi tiết. Được chế tác từ vàng trắng 18k, chiếc đồng hồ này không chỉ mang đến vẻ đẹp tinh tế mà còn thể hiện đẳng cấp của người sở hữu.</span></p>
<p>Mặt số của chiếc đồng hồ này được thiết kế theo phong cách Tapisserie đặc trưng của dòng Royal Oak, mang lại vẻ đẹp sắc sảo và độc đáo. Các cửa sổ phụ ở vị trí 3 giờ, 6 giờ và 9 giờ cho phép người dùng theo dõi các chức năng chronograph, trong khi các kim giờ, phút và giây được thiết kế một cách tinh tế, dễ dàng đọc được.</p>
<p>Royal Oak Selfwinding Chronograph 26715BC.ZZ.1356BC.02 là sự lựa chọn hoàn hảo cho những ai yêu thích sự kết hợp giữa sự tinh xảo trong thiết kế và chức năng vượt trội. Với chất liệu vàng trắng 18k, bộ máy tự động mạnh mẽ và tính năng chronograph tiện ích, chiếc đồng hồ này không chỉ là một công cụ đo thời gian chính xác mà còn là một món trang sức thể hiện đẳng cấp, phong cách cá nhân của người sử dụng.</p>","","1","1","AUDEMARS PIGUET, AUDEMARS PIGUET > Royal Oak","https://theempire.vn/wp-content/uploads/2025/01/Dong-Ho-Audemars-Piguet-Royal-OakSelfwinding-Chronograph-26715BC.ZZ_.1356BC.02.png,https://theempire.vn/wp-content/uploads/2025/01/Audemars_Piguet_Royal_Oak_Selfwinding_Chronograph_38mm_26715BC.ZZ_.1356BC.01__1_-removebg-preview.png","Thương hiệu","AUDEMARS PIGUET","1","1","Bộ sưu tập","Royal Oak","1","1"
"audemars-piguet-royal-oak-selfwinding-chronograph-26715or-oo-1356or-01","simple","Audemars Piguet Royal Oak Selfwinding Chronograph 38mm 26715OR.OO.1356OR.01","1","0","visible","Royal Oak Selfwinding Chronograph 26715OR.OO.1356OR.01 là một trong những tuyệt phẩm nổi bật của Audemars Piguet, mang đến sự kết hợp hoàn hảo giữa thiết kế cổ điển và chức năng hiện đại. Với vỏ và dây đeo được chế tác hoàn toàn từ vàng 18k, chiếc đồng hồ này không chỉ thể hiện đẳng cấp mà còn tôn vinh sự tinh xảo trong từng chi tiết của nghệ thuật chế tác đồng hồ.","<p><span data-sheets-root=""1"">Royal Oak Selfwinding Chronograph 26715OR.OO.1356OR.01 là một trong những tuyệt phẩm nổi bật của <a href=""https://theempire.vn/danh-muc/audemars-piguet/"">Audemars Piguet</a>, mang đến sự kết hợp hoàn hảo giữa thiết kế cổ điển và chức năng hiện đại. Với vỏ và dây đeo được chế tác hoàn toàn từ vàng 18k, chiếc đồng hồ này không chỉ thể hiện đẳng cấp mà còn tôn vinh sự tinh xảo trong từng chi tiết của nghệ thuật chế tác đồng hồ.</span></p>
<p>Vỏ và dây đeo được làm từ vàng 18k, một chất liệu không chỉ mang đến vẻ đẹp sang trọng mà còn tăng cường độ bền và giá trị lâu dài. Vàng 18k giúp đồng hồ nổi bật với ánh sáng rực rỡ, rất thích hợp cho những người yêu thích sự tinh tế và đẳng cấp.</p>
<p><span data-sheets-root=""1"">Royal Oak Selfwinding Chronograph 26715OR.OO.1356OR.01 là lựa chọn hoàn hảo cho những ai muốn sở hữu một chiếc đồng hồ đẳng cấp, vừa có tính năng vượt trội vừa thể hiện phong cách cá nhân. Với thiết kế tinh tế, bộ máy tự động mạnh mẽ và chất liệu vàng 18k cao cấp, chiếc đồng hồ này xứng đáng là một tác phẩm nghệ thuật đích thực dành cho những tín đồ yêu thích sự sang trọng và sự hoàn hảo trong từng chi tiết.</span></p>","","1","1","AUDEMARS PIGUET, AUDEMARS PIGUET > Royal Oak","https://theempire.vn/wp-content/uploads/2025/01/Dong-Ho-Audemars-Piguet-Royal-OakSelfwinding-Chronograph-26715OR.OO_.1356OR.01.png,https://theempire.vn/wp-content/uploads/2025/01/Audemars_Piguet_Royal_Oak_Selfwinding_Chronograph_38mm_26715BC.ZZ_.1356BC.01__2_-removebg-preview.png","Thương hiệu","AUDEMARS PIGUET","1","1","Bộ sưu tập","Royal Oak","1","1"
"audemars-piguet-royal-oak-selfwinding-chronograph-26715or-zz-1356or-01","simple","Audemars Piguet Royal Oak Selfwinding Chronograph 38mm 26715OR.ZZ.1356OR.01","1","0","visible","Royal Oak Selfwinding Chronograph 26715OR.ZZ.1356OR.0 là chiếc đồng hồ mang đậm phong cách thể thao sang trọng, được chế tác từ vàng 18k cao cấp, sở hữu bộ máy tự động mạnh mẽ và chức năng chronograph tiện lợi.","<p><span data-sheets-root=""1"">Royal Oak Selfwinding Chronograph 26715OR.ZZ.1356OR.01 là một trong những phiên bản cao cấp và sang trọng nhất trong dòng Royal Oak của <a href=""https://theempire.vn/danh-muc/audemars-piguet/"">Audemars Piguet</a>. Được chế tác từ vàng 18k hoàn toàn, chiếc đồng hồ này không chỉ là một công cụ đo thời gian chính xác mà còn là một tác phẩm nghệ thuật thể hiện đẳng cấp và sự tinh tế vượt trội.</span></p>
<p>Với thiết kế ấn tượng và tính năng vượt trội, chiếc đồng hồ này là sự lựa chọn hoàn hảo cho những ai yêu thích sự kết hợp giữa nghệ thuật chế tác đồng hồ và công nghệ tiên tiến, đồng thời thể hiện phong cách và đẳng cấp người sử dụng.</p>
<p>Royal Oak Selfwinding Chronograph 26715OR.ZZ.1356OR.0 là chiếc đồng hồ mang đậm phong cách thể thao sang trọng, được chế tác từ vàng 18k cao cấp, sở hữu bộ máy tự động mạnh mẽ và chức năng chronograph tiện lợi.</p>","","1","1","AUDEMARS PIGUET, AUDEMARS PIGUET > Royal Oak","https://theempire.vn/wp-content/uploads/2025/01/3CFB2003-AE03-4091-A617-EABB740673C2.png,https://theempire.vn/wp-content/uploads/2025/01/Audemars_Piguet_Royal_Oak_Selfwinding_Chronograph_38mm_26715BC.ZZ_.1356BC.01__3_-removebg-preview.png","Thương hiệu","AUDEMARS PIGUET","1","1","Bộ sưu tập","Royal Oak","1","1"
"audemars-piguet-royal-oak-selfwinding-chronograph-26715or-zz-1356or-02","simple","Audemars Piguet Royal Oak Selfwinding Chronograph 38mm 26715OR.ZZ.1356OR.02","1","0","visible","Royal Oak Selfwinding Chronograph 26715OR.ZZ.1356OR.02 là một tác phẩm đồng hồ tuyệt vời từ thương hiệu Audemars Piguet, thuộc dòng Royal Oak nổi tiếng, được chế tác từ chất liệu vàng 18k sang trọng và mạnh mẽ. Với kích thước 38mm, chiếc đồng hồ này mang lại sự vừa vặn hoàn hảo, lý tưởng cho những người yêu thích sự thanh lịch nhưng không kém phần thể thao, mạnh mẽ.","<p><span data-sheets-root=""1"">Royal Oak Selfwinding Chronograph 26715OR.ZZ.1356OR.02 là một tác phẩm đồng hồ tuyệt vời từ thương hiệu <a href=""https://theempire.vn/danh-muc/audemars-piguet/"">Audemars Piguet</a>, thuộc dòng Royal Oak nổi tiếng, được chế tác từ chất liệu vàng 18k sang trọng và mạnh mẽ. Với kích thước 38mm, chiếc đồng hồ này mang lại sự vừa vặn hoàn hảo, lý tưởng cho những người yêu thích sự thanh lịch nhưng không kém phần thể thao, mạnh mẽ.</span></p>
<p>Mặt số của Royal Oak Selfwinding Chronograph 26715OR.ZZ.1356OR.02 vẫn giữ được thiết kế đặc trưng của dòng Royal Oak với họa tiết Tapisserie nổi tiếng. Các chỉ số giờ, phút và giây được bố trí rõ ràng, dễ dàng theo dõi. Ngoài ra, các cửa sổ phụ dùng để đo thời gian chính xác (chronograph) mang lại sự tiện lợi và chính xác tuyệt đối.</p>
<p>Royal Oak Selfwinding Chronograph 26715OR.ZZ.1356OR.02 là một chiếc đồng hồ cao cấp và đẳng cấp, hoàn hảo cho những ai yêu thích sự kết hợp giữa thẩm mỹ tinh tế và tính năng vượt trội. Chất liệu vàng 18k sáng bóng, cùng với bộ máy Automatic Selfwinding chính xác, giúp đồng hồ không chỉ là một công cụ đo thời gian mà còn là một món trang sức đắt giá, nâng tầm đẳng cấp người sở hữu.</p>","","1","1","AUDEMARS PIGUET, AUDEMARS PIGUET > Royal Oak","https://theempire.vn/wp-content/uploads/2025/01/Dong-Ho-Audemars-Piguet-Royal-OakSelfwinding-Chronograph-26715OR.ZZ_.1356OR.02.png,https://theempire.vn/wp-content/uploads/2025/01/Audemars_Piguet_Royal_Oak_Selfwinding_Chronograph_38mm_26715OR.ZZ_.1356OR.02-removebg-preview.png","Thương hiệu","AUDEMARS PIGUET","1","1","Bộ sưu tập","Royal Oak","1","1"
"audemars-piguet-royal-oak-selfwinding-chronograph-26715st-oo-1356st-01","simple","Audemars Piguet Royal Oak Selfwinding Chronograph 38mm 26715ST.OO.1356ST.01","1","0","visible","Royal Oak Selfwinding Chronograph 26715ST.OO.1356ST.01 là mẫu đồng hồ thể thao sang trọng thuộc dòng Royal Oak nổi tiếng của Audemars Piguet.","<p><span data-sheets-root=""1"">Royal Oak Selfwinding Chronograph 26715ST.OO.1356ST.01 là mẫu đồng hồ thể thao sang trọng thuộc dòng Royal Oak nổi tiếng của <a href=""https://theempire.vn/danh-muc/audemars-piguet/"">Audemars Piguet</a>.</span></p>
<p>Với kích thước 38mm, đồng hồ này mang đến sự hài hòa giữa thiết kế mạnh mẽ và tinh tế, rất phù hợp với các tín đồ yêu thích sự kết hợp giữa tính năng và thẩm mỹ trong một sản phẩm đồng hồ.<br>
Đồng hồ sử dụng chất liệu thép không gỉ (stainless steel) cao cấp cho cả vỏ và dây đeo, mang lại vẻ ngoài mạnh mẽ, bền bỉ nhưng vẫn giữ được sự sang trọng, dễ dàng kết hợp với nhiều phong cách khác nhau.</p>
<p>Royal Oak Selfwinding Chronograph 26715ST.OO.1356ST.01 là sự kết hợp hoàn hảo giữa thiết kế sang trọng, tính năng vượt trội và sự tiện dụng. Được chế tác từ chất liệu thép không gỉ cao cấp và trang bị bộ máy tự động, đồng hồ này là sự lựa chọn lý tưởng cho những ai yêu thích sự tinh tế và đẳng cấp, đồng thời mang lại những tiện ích tối ưu cho việc đo thời gian chính xác trong các hoạt động hàng ngày.</p>","","1","1","AUDEMARS PIGUET, AUDEMARS PIGUET > Royal Oak","https://theempire.vn/wp-content/uploads/2025/01/Dong-Ho-Audemars-Piguet-Royal-OakSelfwinding-Chronograph-26715ST.OO_.1356ST.01.png,https://theempire.vn/wp-content/uploads/2025/01/Audemars_Piguet_Royal_Oak_Selfwinding_Chronograph_38mm_26715OR.ZZ_.1356OR.02__1_-removebg-preview.png","Thương hiệu","AUDEMARS PIGUET","1","1","Bộ sưu tập","Royal Oak","1","1"
"audemars-piguet-royal-oak-self-winding-chronograph-26715st-oo-1356st-02","simple","Audemars Piguet Royal Oak Selfwinding Chronograph 38mm 26715ST.OO.1356ST.02","1","0","visible","Royal Oak Self winding Chronograph 26715ST.OO.1356ST.02 là một mẫu đồng hồ thể thao sang trọng, sở hữu thiết kế đặc trưng về dòng Royal Oak của Audemars Piguet, nổi bật với sự kết hợp hoàn hảo giữa độ chính xác, tính năng vượt trội và vẻ đẹp thẩm mỹ. Với kích thước 38mm, chiếc đồng hồ này mang lại sự vừa vặn và dễ dàng đeo cho mọi kích cỡ cổ tay.","<p><span data-sheets-root=""1"">Royal Oak Self winding Chronograph 26715ST.OO.1356ST.02 là một mẫu đồng hồ thể thao sang trọng, sở hữu thiết kế đặc trưng về dòng Royal Oak của <a href=""https://theempire.vn/danh-muc/audemars-piguet/"">Audemars Piguet</a>, nổi bật với sự kết hợp hoàn hảo giữa độ chính xác, tính năng vượt trội và vẻ đẹp thẩm mỹ. Với kích thước 38mm, chiếc đồng hồ này mang lại sự vừa vặn và dễ dàng đeo cho mọi kích cỡ cổ tay.</span></p>
<p>Chức năng chronograph giúp đo lường thời gian một cách chính xác và tiện lợi. Khả năng chống nước phù hợp cho nhiều hoạt động thể thao và sử dụng hàng ngày. Bộ máy tự động đảm bảo hiệu suất ổn định mà không cần phải lên dây cót thủ công.</p>
<p>Royal Oak Self winding Chronograph 26715ST.OO.1356ST.02 là sự lựa chọn hoàn hảo cho những ai tìm kiếm một chiếc đồng hồ kết hợp sự chính xác, tính năng thể thao và vẻ đẹp sang trọng. Với thiết kế tinh tế, chất liệu thép bền bỉ và chức năng chronograph tiện dụng, chiếc đồng hồ này không chỉ là một công cụ đo thời gian mà còn là một tác phẩm nghệ thuật cao cấp, thể hiện đẳng cấp và phong cách của người đeo.</p>","","1","1","AUDEMARS PIGUET, AUDEMARS PIGUET > Royal Oak","https://theempire.vn/wp-content/uploads/2025/01/Dong-Ho-Audemars-Piguet-Royal-OakSelfwinding-Chronograph-26715ST.OO_.1356ST.02.png,https://theempire.vn/wp-content/uploads/2025/01/Audemars_Piguet_Royal_Oak_Selfwinding_Chronograph_38mm_26715ST.OO_.1356ST.02-removebg-preview.png","Thương hiệu","AUDEMARS PIGUET","1","1","Bộ sưu tập","Royal Oak","1","1"
"audemars-piguet-royal-oak-selfwinding-chronograph-26715st-zz-1356st-01","simple","Audemars Piguet Royal Oak Selfwinding Chronograph 38mm 26715ST.ZZ.1356ST.01","1","0","visible","Royal Oak Selfwinding Chronograph 26715ST.ZZ.1356ST.01 là một mẫu đồng hồ thể thao sang trọng, thể hiện sự tinh tế và phức tạp của Audemars Piguet trong việc chế tác đồng hồ. Với thiết kế đặc trưng của dòng Royal Oak, mẫu đồng hồ này không chỉ nổi bật với chất liệu thép chắc chắn mà còn có những chi tiết thiết kế tinh xảo, đáp ứng đầy đủ yêu cầu về tính chính xác và thẩm mỹ cao cấp.","<p><span data-sheets-root=""1"">Royal Oak Selfwinding Chronograph 26715ST.ZZ.1356ST.01 là một mẫu đồng hồ thể thao sang trọng, thể hiện sự tinh tế và phức tạp của <a href=""https://theempire.vn/danh-muc/audemars-piguet/"">Audemars Piguet</a> trong việc chế tác đồng hồ. Với thiết kế đặc trưng của dòng Royal Oak, mẫu đồng hồ này không chỉ nổi bật với chất liệu thép chắc chắn mà còn có những chi tiết thiết kế tinh xảo, đáp ứng đầy đủ yêu cầu về tính chính xác và thẩm mỹ cao cấp.</span></p>
<p>Mặt số của Audemars Piguet Royal Oak Selfwinding Chronograph 26715ST.ZZ.1356ST.01 được thiết kế với các chi tiết đặc trưng của dòng Royal Oak, bao gồm vải Tapisserie (mẫu họa tiết hình chữ nhật nhỏ xếp chéo nhau) tạo điểm nhấn sang trọng và độc đáo. Cùng với đó, các chỉ số, kim giờ, phút và giây được thiết kế đơn giản và dễ đọc, đặc biệt là các cửa sổ chức năng chronograph với các nút bấm tiện dụng ở hai bên. Chức năng chronograph cho phép đo thời gian chính xác và dễ dàng, rất phù hợp với những ai yêu thích thể thao hoặc cần tính năng đo đếm thời gian trong công việc.<br>
Cửa sổ ngày giúp việc theo dõi ngày tháng dễ dàng hơn, kết hợp với các tính năng đồng hồ thông minh.<br>
Khả năng chống nước giúp đồng hồ có thể sử dụng trong nhiều điều kiện khắc nghiệt.</p>
<p>Royal Oak Selfwinding Chronograph 26715ST.ZZ.1356ST.01 là một mẫu đồng hồ hoàn hảo cho những ai tìm kiếm một sản phẩm vừa có giá trị thẩm mỹ cao, vừa đáp ứng yêu cầu về độ chính xác và tính năng cao cấp. Vẻ đẹp mạnh mẽ, hiện đại của chất liệu thép kết hợp với bộ máy tự động phức tạp, chắc chắn sẽ làm hài lòng những tín đồ yêu thích sự hoàn hảo và sự đổi mới trong nghệ thuật chế tác đồng hồ.</p>","","1","1","AUDEMARS PIGUET, AUDEMARS PIGUET > Royal Oak","https://theempire.vn/wp-content/uploads/2025/01/Dong-Ho-Audemars-Piguet-Royal-OakSelfwinding-Chronograph-26715ST.ZZ_.1356ST.01.png,https://theempire.vn/wp-content/uploads/2025/01/Audemars_Piguet_Royal_Oak_Selfwinding_Chronograph_38mm_26715ST.ZZ_.1356ST.01-removebg-preview.png","Thương hiệu","AUDEMARS PIGUET","1","1","Bộ sưu tập","Royal Oak","1","1"
"audemars-piguet-royal-oak-selfwinding-chronograph-26240or-oo-1320or-05","simple","Audemars Piguet Royal Oak Selfwinding Chronograph 41mm 26240OR.OO.1320OR.05","1","0","visible","Royal Oak Selfwinding Chronograph 26240OR.OO.1320OR.05 sở hữu vỏ và dây đeo của Audemars Piguet được chế tác từ vàng hồng 18k mang lại vẻ ngoài thanh lịch nhưng vẫn đầy mạnh mẽ. Lớp kính sapphire chống chói được sử dụng để bảo vệ mặt số, đảm bảo độ bền và khả năng hiển thị rõ nét ngay cả trong các điều kiện ánh sáng khắc nghiệt.","<p>Royal Oak Selfwinding Chronograph 26240OR.OO.1320OR.05 sở hữu vỏ và dây đeo của <a href=""https://theempire.vn/danh-muc/audemars-piguet/"">Audemars Piguet</a>&nbsp;được chế tác từ vàng hồng 18k mang lại vẻ ngoài thanh lịch nhưng vẫn đầy mạnh mẽ. Lớp kính sapphire chống chói được sử dụng để bảo vệ mặt số, đảm bảo độ bền và khả năng hiển thị rõ nét ngay cả trong các điều kiện ánh sáng khắc nghiệt.</p>
<p>Nổi bật với mặt số màu xanh “Bleu Nuit, Nuage 50” được trang trí họa tiết “Grande Tapisserie” đặc trưng, tạo chiều sâu và sự tinh tế cho thiết kế. Các cọc số và kim đồng hồ bằng vàng hồng 18 carat được phủ chất phát quang, đảm bảo khả năng đọc giờ rõ ràng trong mọi điều kiện ánh sáng.</p>
<p>Bố cục mặt số được sắp xếp hợp lý với ba mặt số phụ: mặt số phụ đếm phút ở vị trí 3 giờ, mặt số phụ đếm giờ ở vị trí 9 giờ và mặt số phụ giây nhỏ ở vị trí 6 giờ. Cửa sổ ngày được đặt giữa vị trí 4 và 5 giờ, tăng thêm tính tiện dụng cho người đeo.</p>
<p>Đồng hồ được trang bị bộ máy Calibre 4401, một cỗ máy tự động tiên tiến do chính Audemars Piguet sản xuất. Với khả năng dự trữ năng lượng lên đến 70 giờ và hoạt động ở tần số 4Hz, bộ máy mang lại độ chính xác cao và hiệu suất vận hành mượt mà.</p>","","1","1","AUDEMARS PIGUET, AUDEMARS PIGUET > Royal Oak","https://theempire.vn/wp-content/uploads/2024/11/Audemars-Piquet-Royal-Oak-Rose-Gold-41mm-.png,https://theempire.vn/wp-content/uploads/2024/11/Audemars_Piguet_Royal_Oak_Selfwinding_Chronograph_41mm_26240OR.OO_.1320OR.05-removebg-preview.png","Thương hiệu","AUDEMARS PIGUET","1","1","Bộ sưu tập","Royal Oak","1","1"
"audemars-piguet-royal-oak-selfwinding-chronograph-26240st-oo-1320st-05","simple","Audemars Piguet Royal Oak Selfwinding Chronograph 41mm 26240ST.OO.1320ST.05","1","0","visible","Royal Oak Selfwinding Chronograph 26240ST.OO.1320ST.05 là biểu tượng của sự xứng tầm và thiết kế mạnh mẽ, hoàn thiện cho những người yêu thích vẻ đẹp đẳng cấp của Audemars Piguet.","<p><span style=""font-size: 12pt;"">Royal Oak Selfwinding Chronograph 26240ST.OO.1320ST.05 là biểu tượng của sự xứng tầm và thiết kế </span><span style=""font-size: 12pt;"">m</span>ạnh mẽ, hoàn thiện cho những người yêu thích vẻ đẹp đẳng cấp của <a href=""https://theempire.vn/danh-muc/audemars-piguet/"">Audemars Piguet</a>.</p>
<p>Mặt số của chiếc đồng hồ được trang trí bằng họa tiết “Grande Tapisserie,” một đặc trưng của dòng Royal Oak, tạo nên chiều sâu và hiệu ứng ánh sáng độc đáo. Sắc xanh “Bleu Nuit” trên mặt số được chế tác thông qua quy trình mạ PVD, kết hợp với các đường vân hình vuông nhỏ đối xứng, làm nổi bật vẻ đẹp thanh lịch và hiện đại.</p>
<p>Các cọc số và kim đồng hồ được làm từ vàng trắng, phủ chất phát quang Super-LumiNova, mang lại khả năng hiển thị tối ưu ngay cả trong điều kiện ánh sáng yếu. Ba mặt số phụ được bố trí cân đối: mặt số đo 30 phút tại vị trí 3 giờ, mặt số đo 12 giờ tại 9 giờ, và mặt số giây nhỏ tại 6 giờ. Lịch ngày được đặt tinh tế giữa vị trí 4 và 5 giờ, đảm bảo tính tiện dụng mà không làm mất đi sự hài hòa của thiết kế.</p>
<p>Bộ máy Calibre 4401, tự động lên dây, tích hợp chức năng flyback chronograph và dự trữ năng lượng lên đến 70 giờ, mang lại hiệu suất ổn định và chính xác. Dây đeo thép không gỉ với khóa gập AP, tạo nên sự thoải mái và bền bỉ tối đa.</p>","","1","1","AUDEMARS PIGUET, AUDEMARS PIGUET > Royal Oak","https://theempire.vn/wp-content/uploads/2024/11/Audemars-Piquet-Royal-Oak-Selfwinding-Chronograph-3.png,https://theempire.vn/wp-content/uploads/2024/11/Audemars_Piguet_Royal_Oak_Selfwinding_Chronograph_41mm_26240ST.OO_.1320ST.05-removebg-preview.png","Thương hiệu","AUDEMARS PIGUET","1","1","Bộ sưu tập","Royal Oak","1","1"
"audemars-piguet-royal-oak-selfwinding-chronograph-26331or-oo-1220or-01","simple","Audemars Piguet Royal Oak Selfwinding Chronograph 41mm 26331OR.OO.1220OR.01","1","0","visible","Royal Oak Selfwinding Chronograph 26331OR.OO.1220OR.01 là một kiệt tác đẳng cấp, mang trong mình sự kết hợp hoàn hảo giữa sang trọng, chức năng vượt trội và thiết kế tinh tế. Được chế tác từ vàng hồng 18k cao cấp, chiếc đồng hồ này không chỉ sở hữu vẻ ngoài đầy quyến rũ mà còn thể hiện sự tinh xảo và đẳng cấp của thương hiệu Audemars Piguet, một trong những nhà chế tác đồng hồ danh tiếng nhất thế giới.","<p><span data-sheets-root=""1"">Royal Oak Selfwinding Chronograph 26331OR.OO.1220OR.01 là một kiệt tác đẳng cấp, mang trong mình sự kết hợp hoàn hảo giữa sang trọng, chức năng vượt trội và thiết kế tinh tế. Được chế tác từ vàng hồng 18k cao cấp, chiếc đồng hồ này không chỉ sở hữu vẻ ngoài đầy quyến rũ mà còn thể hiện sự tinh xảo và đẳng cấp của thương hiệu <a href=""https://theempire.vn/danh-muc/audemars-piguet/?shop_view=grid&amp;per_row=4"">Audemars Piguet</a>, một trong những nhà chế tác đồng hồ danh tiếng nhất thế giới.</span></p>
<p>Với vỏ và dây đeo vàng hồng 18k, chiếc đồng hồ này toát lên vẻ đẹp sang trọng và quý phái. Vàng hồng không chỉ là chất liệu quý hiếm mà còn mang đến vẻ ấm áp, tinh tế, dễ dàng tôn lên sự thanh lịch của người đeo. Vẻ ngoài của chiếc đồng hồ này sẽ thu hút mọi ánh nhìn với sự phản chiếu ánh sáng mềm mại từ chất liệu vàng hồng cao cấp, tạo nên một tổng thể đồng hồ vừa mạnh mẽ, vừa thanh thoát.</p>
<p>Với vỏ bát giác đặc trưng và các góc cạnh sắc nét, chiếc đồng hồ này mang đậm phong cách của dòng Royal Oak – dòng đồng hồ huyền thoại của Audemars Piguet. Kích thước 41mm là kích thước lý tưởng, mang đến sự cân đối và hài hòa cho cả những người có cổ tay lớn và nhỏ. Vỏ thép mạ vàng hồng chải satin hoàn thiện, kết hợp với thiết kế mặt số đơn giản nhưng ấn tượng, tạo nên một phong cách vừa thanh lịch, vừa mạnh mẽ, rất phù hợp với những người yêu thích sự khác biệt và tinh tế.</p>
<p>Royal Oak Selfwinding Chronograph 26331OR.OO.1220OR.01 là một lựa chọn lý tưởng cho những ai yêu thích sự sang trọng, đẳng cấp và chức năng vượt trội. Với vàng hồng 18k cao cấp, chức năng chronograph chính xác, và bộ máy Automatic đỉnh cao, đây là một chiếc đồng hồ hoàn hảo để khẳng định phong cách cá nhân và đẳng cấp.</p>","","1","1","AUDEMARS PIGUET, AUDEMARS PIGUET > Royal Oak","https://theempire.vn/wp-content/uploads/2025/01/Dong-Ho-Audemars-Piguet-Royal-Oak-Selfwinding-Chronograph-41mm-26331OR.OO_.1220OR.01.png,https://theempire.vn/wp-content/uploads/2025/01/Audemars_Piguet_Royal_Oak_Selfwinding_Chronograph_41mm_26331OR.OO_.1220OR.01-removebg-preview.png","Thương hiệu","AUDEMARS PIGUET","1","1","Bộ sưu tập","Royal Oak","1","1"
"audemars-piguet-royal-oak-selfwinding-chronograph-41mm-26331or-oo-1220or-02","simple","Audemars Piguet Royal Oak Selfwinding Chronograph 41mm 26331OR.OO.1220OR.02","1","0","visible","Royal Oak Selfwinding Chronograph 26331OR.OO.1220OR.02 mang đến sự kết hợp tuyệt vời giữa sang trọng, đẳng cấp, và chức năng vượt trội. Với vỏ và dây đeo vàng hồng 18k, kích thước 41mm và bộ máy Automatic chất lượng của Audemars Piguet, chiếc đồng hồ này không chỉ là một công cụ đo thời gian chính xác mà còn là một món phụ kiện thể hiện sự tinh tế và phong cách cá nhân.","<p><span data-sheets-root=""1"">Royal Oak Selfwinding Chronograph 26331OR.OO.1220OR.02 mang đến sự kết hợp tuyệt vời giữa sang trọng, đẳng cấp, và chức năng vượt trội. Với vỏ và dây đeo vàng hồng 18k, kích thước 41mm và bộ máy Automatic chất lượng của <a href=""https://theempire.vn/danh-muc/audemars-piguet/?shop_view=grid&amp;per_row=4"">Audemars Piguet</a>, chiếc đồng hồ này không chỉ là một công cụ đo thời gian chính xác mà còn là một món phụ kiện thể hiện sự tinh tế và phong cách cá nhân.</span></p>
<p>Với vỏ và dây đeo vàng hồng 18k, chiếc đồng hồ này thể hiện một vẻ đẹp sang trọng và đẳng cấp. Vàng hồng là một chất liệu không chỉ nổi bật với ánh sáng ấm áp mà còn mang đến cảm giác gần gũi, quý phái mà không kém phần hiện đại. Được chế tác từ vàng hồng 18k, chiếc đồng hồ này sở hữu độ bền cao và khả năng duy trì vẻ đẹp theo thời gian, là sự lựa chọn lý tưởng cho những người yêu thích sự hoàn mỹ trong từng chi tiết. Chức Năng Chronograph – Đo Thời Gian Chính Xác<br>
Chức năng chronograph (bấm giờ) của chiếc đồng hồ này là điểm nhấn quan trọng, cho phép bạn đo đếm thời gian với độ chính xác tuyệt đối. Các nút bấm được thiết kế dễ sử dụng, giúp bạn khởi động và dừng lại chức năng bấm giờ một cách mượt mà. Đây là tính năng cực kỳ hữu ích cho những ai yêu thích thể thao, các hoạt động ngoài trời, hay đơn giản là đo đếm thời gian trong công việc hằng ngày.</p>
<p>Với vỏ bát giác đặc trưng và hoàn thiện chải satin của dòng Royal Oak, chiếc đồng hồ này khẳng định được vẻ đẹp mạnh mẽ và tinh tế trong từng chi tiết. Kích thước 41mm là một sự lựa chọn lý tưởng, tạo nên sự cân đối và hài hòa, phù hợp với mọi kích thước cổ tay. Những đường nét sắc sảo và hoàn thiện cực kỳ tỉ mỉ là điểm đặc biệt giúp chiếc đồng hồ này nổi bật giữa đám đông, đồng thời mang đến một cảm giác đeo cực kỳ thoải mái.</p>
<p>Royal Oak Selfwinding Chronograph 26331OR.OO.1220OR.02 là một chiếc đồng hồ hoàn hảo dành cho những người yêu thích sự kết hợp giữa sang trọng, hiện đại, và chức năng vượt trội. Với chất liệu vàng hồng 18k, thiết kế chronograph tinh tế và bộ máy Automatic chính xác, chiếc đồng hồ này là một lựa chọn lý tưởng cho những ai muốn thể hiện đẳng cấp và phong cách cá nhân.</p>","","1","1","AUDEMARS PIGUET, AUDEMARS PIGUET > Royal Oak","https://theempire.vn/wp-content/uploads/2025/01/Dong-ho-Audemars-Piguet-Royal-Oak-Selfwinding-Chronograph-41mm-26331OR.OO_.1220OR.02.png,https://theempire.vn/wp-content/uploads/2025/01/Audemars_Piguet_Royal_Oak_Selfwinding_Chronograph_41mm_26331OR.OO_.1220OR.02-removebg-preview.png","Thương hiệu","AUDEMARS PIGUET","1","1","Bộ sưu tập","Royal Oak","1","1"
"audemars-piguet-royal-oak-selfwinding-chronograph-26331st-oo-1220st-02","simple","Audemars Piguet Royal Oak Selfwinding Chronograph 41mm 26331ST.OO.1220ST.02","1","0","visible","Royal Oak Selfwinding Chronograph 26331ST.OO.1220ST.02 mang đến sự kết hợp hoàn hảo giữa sang trọng, chức năng vượt trội, và thiết kế tinh tế, là một lựa chọn lý tưởng cho những tín đồ đồng hồ yêu thích sự thanh lịch và chính xác. Với vỏ thép không gỉ 41mm và bộ máy Automatic nổi bật của Audemars Piguet, chiếc đồng hồ này không chỉ hoàn hảo về mặt thẩm mỹ mà còn cực kỳ tiện dụng và bền bỉ.","<p><span data-sheets-root=""1"">Royal Oak Selfwinding Chronograph 26331ST.OO.1220ST.02 mang đến sự kết hợp hoàn hảo giữa sang trọng, chức năng vượt trội, và thiết kế tinh tế, là một lựa chọn lý tưởng cho những tín đồ đồng hồ yêu thích sự thanh lịch và chính xác. Với vỏ thép không gỉ 41mm và bộ máy Automatic nổi bật của <a href=""https://theempire.vn/danh-muc/audemars-piguet/?shop_view=grid&amp;per_row=4"">Audemars Piguet</a>, chiếc đồng hồ này không chỉ hoàn hảo về mặt thẩm mỹ mà còn cực kỳ tiện dụng và bền bỉ.</span></p>
<p>Chiếc đồng hồ này sử dụng vỏ thép không gỉ, chất liệu nổi bật với độ bền cao và khả năng chống trầy xước cực kỳ tốt. Thép là chất liệu quen thuộc và rất được ưa chuộng trong ngành chế tác đồng hồ cao cấp vì sự chắc chắn, sang trọng và dễ dàng bảo trì. Vẻ ngoài sáng bóng của thép không gỉ cũng góp phần làm tăng vẻ đẹp của đồng hồ, tạo sự kết hợp hoàn hảo với thiết kế mang tính biểu tượng của Royal Oak. Được trang bị bộ máy Automatic, chiếc đồng hồ này mang lại sự tiện lợi tối đa với khả năng lên dây cót tự động khi bạn đeo. Bạn không cần phải lo lắng về việc lên dây cót thủ công, chỉ cần đeo chiếc đồng hồ này mỗi ngày, bộ máy sẽ tự động hoạt động và duy trì độ chính xác cao. Audemars Piguet luôn chú trọng đến chất lượng và hiệu suất của bộ máy, đảm bảo chiếc đồng hồ này có thể vận hành ổn định trong nhiều năm.</p>
<p>Royal Oak Selfwinding Chronograph 26331ST.OO.1220ST.02 sở hữu thiết kế nổi bật với vỏ bát giác đặc trưng của dòng Royal Oak, kết hợp với các hoàn thiện chải satin và polish tạo nên vẻ đẹp sang trọng và sắc sảo. Kích thước 41mm của chiếc đồng hồ này phù hợp với đa số cổ tay, mang lại sự cân đối và hài hòa, dễ dàng kết hợp với mọi trang phục và hoàn cảnh.</p>
<p><span data-sheets-root=""1"">Royal Oak Selfwinding Chronograph 26331ST.OO.1220ST.02 là sự lựa chọn tuyệt vời cho những người yêu thích sự kết hợp hoàn hảo giữa sang trọng, chức năng chronograph chính xác, và chất liệu thép không gỉ bền bỉ. Đây là chiếc đồng hồ lý tưởng để thể hiện phong cách cá nhân và đẳng cấp, đồng thời cũng là một công cụ đo thời gian đáng tin cậy cho mọi hoạt động của bạn.</span></p>","","1","1","AUDEMARS PIGUET, AUDEMARS PIGUET > Royal Oak","https://theempire.vn/wp-content/uploads/2025/01/Dong-Ho-Audemars-Piguet-Royal-Oak-Selfwinding-Chronograph-26331ST.OO_.1220ST.02-41mm.png,https://theempire.vn/wp-content/uploads/2025/01/Audemars_Piguet_Royal_Oak_Selfwinding_Chronograph_41mm_26331ST.OO_.1220ST.02-removebg-preview.png","Thương hiệu","AUDEMARS PIGUET","1","1","Bộ sưu tập","Royal Oak","1","1"
"audemars-piguet-royal-oak-selfwinding-chronograph-26331st-oo-1220st-03","simple","Audemars Piguet Royal Oak Selfwinding Chronograph 41mm 26331ST.OO.1220ST.03","1","0","visible","Royal Oak Selfwinding Chronograph 26331ST.OO.1220ST.03 là một tuyệt tác của Audemars Piguet, chiếc đồng hồ mang trong mình sự kết hợp hoàn hảo giữa kỹ thuật chế tác đỉnh cao, thiết kế sang trọng và chức năng bấm giờ chronograph đầy tiện ích. Với vỏ thép không gỉ 41mm mạnh mẽ, mặt số tinh tế và bộ máy Automatic chính xác, đây là một chiếc đồng hồ lý tưởng cho những ai yêu thích sự mạnh mẽ nhưng vẫn rất thanh lịch và tinh tế.","<p><span data-sheets-root=""1"">Royal Oak Selfwinding Chronograph 26331ST.OO.1220ST.03 là một tuyệt tác của <a href=""https://theempire.vn/danh-muc/audemars-piguet/?shop_view=grid&amp;per_row=4"">Audemars Piguet</a>, chiếc đồng hồ mang trong mình sự kết hợp hoàn hảo giữa kỹ thuật chế tác đỉnh cao, thiết kế sang trọng và chức năng bấm giờ chronograph đầy tiện ích. Với vỏ thép không gỉ 41mm mạnh mẽ, mặt số tinh tế và bộ máy Automatic chính xác, đây là một chiếc đồng hồ lý tưởng cho những ai yêu thích sự mạnh mẽ nhưng vẫn rất thanh lịch và tinh tế.</span></p>
<p>Được chế tác từ thép không gỉ, chiếc đồng hồ này mang đến độ bền vượt trội, khả năng chống mài mòn cực kỳ tốt và dễ dàng duy trì vẻ sáng bóng qua thời gian. Chất liệu thép không gỉ không chỉ giúp bảo vệ bộ máy bên trong mà còn tạo nên một vẻ ngoài mạnh mẽ, chắc chắn, đồng thời giữ được sự thanh thoát và quý phái cho chiếc đồng hồ.</p>
<p>Mặt số của chiếc Royal Oak Selfwinding Chronograph 26331ST.OO.1220ST.03 được hoàn thiện với các chi tiết sắc nét và dễ nhìn. Với các vạch chỉ giờ và kim đồng hồ được thiết kế tỉ mỉ, bạn sẽ dễ dàng theo dõi thời gian chính xác. Mặt số được bổ sung thêm chức năng chronograph với các chỉ báo phụ giúp bạn đo lường thời gian với độ chính xác cao. Đây là một chiếc đồng hồ lý tưởng cho những ai yêu thích sự tiện dụng trong công việc và đời sống hằng ngày.</p>
<p>Royal Oak Selfwinding Chronograph 26331ST.OO.1220ST.03 là một chiếc đồng hồ hoàn hảo, hội tụ đầy đủ những yếu tố cần thiết để thể hiện đẳng cấp và phong cách. Kỹ thuật chế tác tuyệt vời, chất liệu thép cao cấp, và chức năng chronograph chính xác là những điểm nhấn đặc biệt của chiếc đồng hồ này, giúp bạn thể hiện phong cách riêng biệt và gu thẩm mỹ vượt thời gian.</p>","","1","1","AUDEMARS PIGUET, AUDEMARS PIGUET > Royal Oak","https://theempire.vn/wp-content/uploads/2025/01/Dong-Ho-Audemars-Piguet-Royal-Oak-Selfwinding-Chronograph-41mm-26331ST.OO_.1220ST.03.png,https://theempire.vn/wp-content/uploads/2025/01/Audemars_Piguet_Royal_Oak_Selfwinding_Chronograph_41mm_26331ST.OO_.1220ST.03-removebg-preview.png","Thương hiệu","AUDEMARS PIGUET","1","1","Bộ sưu tập","Royal Oak","1","1"
"audemars-piguet-royal-oak-selfwinding-chronograph-26405ce-oo-a056ca-01","simple","Audemars Piguet Royal Oak Selfwinding Chronograph 44mm 26405CE.OO.A056CA.01","1","0","visible","Royal Oak Selfwinding Chronograph 26405CE.OO.A056CA.01 là một mẫu đồng hồ mang tính biểu tượng của thương hiệu Audemars Piguet, kết hợp hoàn hảo giữa sang trọng, hiện đại và chức năng vượt trội. Được chế tác với chất liệu gốm sứ (Ceramic) cao cấp và dây đeo cao su xanh trẻ trung, mẫu đồng hồ này không chỉ thu hút mọi ánh nhìn mà còn mang đến sự thoải mái và tiện ích tối đa cho người sử dụng.","<p><span data-sheets-root=""1"">Royal Oak Selfwinding Chronograph 26405CE.OO.A056CA.01 là một mẫu đồng hồ mang tính biểu tượng của thương hiệu <a href=""https://theempire.vn/danh-muc/audemars-piguet/?shop_view=grid&amp;per_row=4"">Audemars Piguet</a>, kết hợp hoàn hảo giữa sang trọng, hiện đại và chức năng vượt trội. Được chế tác với chất liệu gốm sứ (Ceramic) cao cấp và dây đeo cao su xanh trẻ trung, mẫu đồng hồ này không chỉ thu hút mọi ánh nhìn mà còn mang đến sự thoải mái và tiện ích tối đa cho người sử dụng.</span></p>
<p>Với vỏ gốm sứ màu đen huyền bí, chiếc đồng hồ này mang đến một diện mạo mạnh mẽ và bền bỉ. Gốm sứ là một chất liệu nhẹ, chịu được lực tác động mạnh và khả năng chống trầy xước cao, giúp chiếc đồng hồ luôn giữ được vẻ đẹp sáng bóng trong suốt thời gian dài sử dụng. Đây là một trong những chất liệu đặc biệt mà Audemars Piguet chọn lựa, mang lại sự độc đáo và hiện đại cho sản phẩm. Dây đeo cao su xanh tạo nên một sự tương phản hoàn hảo với vỏ gốm sứ. Chất liệu cao su không chỉ mang đến sự thoải mái tuyệt đối khi đeo, mà còn giúp chiếc đồng hồ có tính thể thao, linh hoạt, phù hợp với các hoạt động ngoài trời hoặc thể thao. Màu xanh của dây đeo cũng góp phần làm nổi bật sự trẻ trung và năng động của mẫu đồng hồ, tạo nên một vẻ ngoài khác biệt và cá tính. Được trang bị bộ máy Automatic, chiếc đồng hồ này hoạt động một cách tự động khi được đeo, giúp bạn không cần phải lo lắng về việc lên dây cót thủ công. Bộ máy này đảm bảo độ chính xác cao và ổn định, đồng thời là một trong những tính năng đặc biệt được yêu thích trên các mẫu đồng hồ Audemars Piguet.</p>
<p>Royal Oak Selfwinding Chronograph 26405CE.OO.A056CA.01 là sự kết hợp hoàn hảo giữa chức năng chronograph tiện ích, chất liệu gốm sứ bền bỉ, và dây đeo cao su xanh năng động, tạo nên một sản phẩm vừa mạnh mẽ lại vừa thanh thoát. Đây là chiếc đồng hồ lý tưởng cho những ai yêu thích phong cách thể thao, hiện đại nhưng vẫn giữ được sự tinh tế và đẳng cấp của thương hiệu Audemars Piguet.</p>","","1","1","AUDEMARS PIGUET, AUDEMARS PIGUET > Royal Oak","https://theempire.vn/wp-content/uploads/2025/01/164.png,https://theempire.vn/wp-content/uploads/2025/01/Audemars_Piguet_Royal_Oak_Selfwinding_Chronograph_44mm_26405CE.OO_.A056CA.01-removebg-preview.png","Thương hiệu","AUDEMARS PIGUET","1","1","Bộ sưu tập","Royal Oak","1","1"
"audemars-piguet-royal-oak-selfwinding-chronograph-silver-toned-dial-38mm-26315st-oo-1256st-01","simple","Audemars Piguet Royal Oak Selfwinding Chronograph Silver-Toned Dial 38mm 26315ST.OO.1256ST.01","1","0","visible","Royal Oak Selfwinding Chronograph Silver-Toned Dial 26315ST.OO.1256ST.01 của Audemars Piguet là sự kết hợp hoàn hảo giữa kỹ thuật chế tác tinh xảo, thiết kế đẳng cấp và chất liệu thép cao cấp. Với vỏ thép 41mm chắc chắn, mặt số bạc sang trọng cùng bộ máy Automatic hiện đại, chiếc đồng hồ này không chỉ đơn thuần là công cụ đo thời gian mà còn là một tác phẩm nghệ thuật thể hiện sự tinh tế, đẳng cấp và mạnh mẽ.","<p><span data-sheets-root=""1"">Royal Oak Selfwinding Chronograph Silver-Toned Dial 26315ST.OO.1256ST.01 của <a href=""https://theempire.vn/danh-muc/audemars-piguet/?shop_view=grid&amp;per_row=4"">Audemars Piguet</a> là sự kết hợp hoàn hảo giữa kỹ thuật chế tác tinh xảo, thiết kế đẳng cấp và chất liệu thép cao cấp. Với vỏ thép 41mm chắc chắn, mặt số bạc sang trọng cùng bộ máy Automatic hiện đại, chiếc đồng hồ này không chỉ đơn thuần là công cụ đo thời gian mà còn là một tác phẩm nghệ thuật thể hiện sự tinh tế, đẳng cấp và mạnh mẽ.</span></p>
<p>Với vỏ thép không gỉ 41mm, chiếc đồng hồ này không chỉ có thiết kế mạnh mẽ, chắc chắn mà còn mang lại vẻ ngoài thanh lịch và sang trọng. Thép không gỉ là một chất liệu lý tưởng trong ngành chế tác đồng hồ, với khả năng chống mài mòn cực kỳ tốt và độ bền vượt trội. Chất liệu này không chỉ giúp bảo vệ bộ máy bên trong mà còn giữ cho chiếc đồng hồ luôn bền đẹp theo thời gian. Mặt số của chiếc đồng hồ được hoàn thiện bằng màu bạc sáng bóng, tạo cảm giác thanh thoát và dễ đọc. Những cọc số vạch cùng các kim giờ, phút và giây được chạm khắc sắc nét, mang đến một tổng thể cân đối và dễ nhìn. Mặt số bạc còn làm nổi bật các chi tiết, tạo sự tương phản tuyệt vời với các bộ phận khác của đồng hồ, từ đó tôn lên vẻ đẹp quý phái, sang trọng của sản phẩm.</p>
<p>Với tính năng Chronograph, chiếc đồng hồ này không chỉ giúp bạn đo thời gian chính xác mà còn mang đến những trải nghiệm hữu ích trong các tình huống cần tính toán thời gian, như thể thao hay công việc. Các nút bấm điều khiển chức năng bấm giờ được thiết kế mượt mà, dễ dàng sử dụng nhưng vẫn giữ được vẻ đẹp tinh tế của một chiếc đồng hồ cao cấp.</p>
<p>Royal Oak Selfwinding Chronograph Silver-Toned Dial 26315ST.OO.1256ST.01 là một chiếc đồng hồ mang đậm chất Audemars Piguet – một biểu tượng của sự kết hợp giữa kỹ thuật chế tác cao cấp, thiết kế sang trọng và chức năng vượt trội. Đây là sự lựa chọn lý tưởng cho những người yêu thích sự khác biệt, sang trọng và đẳng cấp trong từng chi tiết.​</p>","","1","1","AUDEMARS PIGUET, AUDEMARS PIGUET > Royal Oak","https://theempire.vn/wp-content/uploads/2025/01/Dong-Ho-Audemars-Piguet-Royal-Oak-Selfwinding-Chronograph-Silver-Toned-Dial-38mm-26315ST.OO_.1256ST.01.png,https://theempire.vn/wp-content/uploads/2025/01/Audemars_Piguet_Royal_Oak_Selfwinding_Chronograph_Silver-Toned_Dial_38mm_26315ST.OO_.1256ST.01-removebg-preview.png","Thương hiệu","AUDEMARS PIGUET","1","1","Bộ sưu tập","Royal Oak","1","1"
"audemars-piguet-royal-oak-selfwinding-flying-tourbillon-26530ti-oo-1220ti-01","simple","Audemars Piguet Royal Oak Selfwinding Flying Tourbillon 41mm 26530TI.OO.1220TI.01","1","0","visible","Royal Oak Selfwinding Flying Tourbillon 26530TI.OO.1220TI.01 mang đậm dấu ấn của sự sáng tạo, đẳng cấp và tinh tế, là một tuyệt phẩm không thể bỏ qua trong bộ sưu tập của những người yêu thích đồng hồ cao cấp của Audemars Piguet. Với chất liệu titanium nhẹ nhưng bền bỉ, cơ chế Flying Tourbillon độc đáo và bộ máy Automatic chính xác, mẫu đồng hồ này khẳng định đẳng cấp của người sở hữu.","<p><span data-sheets-root=""1"">Royal Oak Selfwinding Flying Tourbillon 26530TI.OO.1220TI.01 mang đậm dấu ấn của sự sáng tạo, đẳng cấp và tinh tế, là một tuyệt phẩm không thể bỏ qua trong bộ sưu tập của những người yêu thích đồng hồ cao cấp của <a href=""https://theempire.vn/danh-muc/audemars-piguet/?shop_view=grid&amp;per_row=4"">Audemars Piguet</a>. Với chất liệu titanium nhẹ nhưng bền bỉ, cơ chế Flying Tourbillon độc đáo và bộ máy Automatic chính xác, mẫu đồng hồ này khẳng định đẳng cấp của người sở hữu.</span></p>
<p>Được chế tác từ titanium, chiếc đồng hồ này không chỉ có trọng lượng nhẹ mà còn rất bền bỉ và chống ăn mòn tuyệt vời. Titanium là một chất liệu được ưa chuộng trong ngành đồng hồ cao cấp nhờ vào đặc tính chắc chắn và khả năng duy trì vẻ đẹp bền lâu mà không bị ảnh hưởng bởi thời gian. Mặt khác, chất liệu titanium giúp chiếc đồng hồ này trở nên nhẹ nhàng và thoải mái khi đeo, nhưng vẫn giữ được vẻ sang trọng và thể thao.</p>
<p>Điểm nhấn ấn tượng của chiếc Royal Oak Selfwinding Flying Tourbillon 26530TI.OO.1220TI.01 là Flying Tourbillon, một trong những cơ chế phức tạp và tinh tế nhất trong chế tác đồng hồ. Flying Tourbillon không có cầu đỡ phía trên, khiến nó quay một cách tự do và nhẹ nhàng, tạo ra một hiệu ứng thị giác đầy cuốn hút. Đây không chỉ là một cơ chế giúp tăng độ chính xác của đồng hồ, mà còn thể hiện sự khéo léo trong chế tác, đẩy sự sáng tạo của Audemars Piguet lên một tầm cao mới.</p>
<p>Royal Oak Selfwinding Flying Tourbillon 26530TI.OO.1220TI.01 là sự kết hợp tuyệt vời giữa chất liệu titanium cao cấp, công nghệ chế tác phức tạp và thiết kế tinh tế, tạo nên một chiếc đồng hồ hoàn hảo dành cho những ai yêu thích sự khác biệt, đẳng cấp và hoàn hảo trong từng chi tiết. Đây chính là một món đồ không thể thiếu trong bộ sưu tập của những người đam mê đồng hồ.</p>","","1","1","AUDEMARS PIGUET, AUDEMARS PIGUET > Royal Oak","https://theempire.vn/wp-content/uploads/2025/01/Dong-Ho-Audemars-Piguet-Royal-Oak-Selfwinding-Flying-Tourbillon-26530TI.OO_.1220TI.01-41mm.png,https://theempire.vn/wp-content/uploads/2025/01/Audemars_Piguet_Royal_Oak_Selfwinding_Flying_Tourbillon_41mm_26530TI.OO_.1220TI.01-removebg-preview.png","Thương hiệu","AUDEMARS PIGUET","1","1","Bộ sưu tập","Royal Oak","1","1"
"audemars-piguet-royal-oak-selfwinding-flying-tourbillon-26730bc-zz-1320bc-01","simple","Audemars Piguet Royal Oak Selfwinding Flying Tourbillon 41mm 26730BC.ZZ.1320BC.01","1","0","visible","Royal Oak Selfwinding Flying Tourbillon 26730BC.ZZ.1320BC.01 là một tuyệt phẩm trong bộ sưu tập Royal Oak của Audemars Piguet, chiếc Audemars Piguet Royal Oak Selfwinding Flying Tourbillon 26730BC.ZZ.1320BC.01 không chỉ thể hiện sự đỉnh cao của kỹ thuật chế tác mà còn là biểu tượng của sự sang trọng và đẳng cấp. Với vỏ thép kết hợp hoàn hảo cùng dây đeo vàng trắng 18k, mẫu đồng hồ này mang lại sự kết hợp hoàn hảo giữa sự tinh tế và sức mạnh cơ học, đồng thời tôn vinh những giá trị nghệ thuật cao cấp trong từng chi tiết.","<p><span data-sheets-root=""1"">Royal Oak Selfwinding Flying Tourbillon 26730BC.ZZ.1320BC.01 là một tuyệt phẩm trong bộ sưu tập Royal Oak của <a href=""https://theempire.vn/danh-muc/audemars-piguet/?shop_view=grid&amp;per_row=4"">Audemars Piguet</a>, chiếc Audemars Piguet Royal Oak Selfwinding Flying Tourbillon 26730BC.ZZ.1320BC.01 không chỉ thể hiện sự đỉnh cao của kỹ thuật chế tác mà còn là biểu tượng của sự sang trọng và đẳng cấp. Với vỏ thép kết hợp hoàn hảo cùng dây đeo vàng trắng 18k, mẫu đồng hồ này mang lại sự kết hợp hoàn hảo giữa sự tinh tế và sức mạnh cơ học, đồng thời tôn vinh những giá trị nghệ thuật cao cấp trong từng chi tiết.</span></p>
<p>Mẫu Royal Oak này sở hữu vỏ thép 41mm đặc trưng của dòng sản phẩm, được hoàn thiện tỉ mỉ với các góc cạnh sắc nét và bề mặt mờ mịn, mang đến vẻ ngoài mạnh mẽ nhưng không kém phần tinh tế. Dây đeo vàng trắng 18k tiếp tục làm tăng vẻ sang trọng và quý phái, khiến chiếc đồng hồ này trở thành lựa chọn lý tưởng cho những ai yêu thích sự thanh lịch và nổi bật. Một trong những điểm nhấn độc đáo của chiếc đồng hồ này là cơ chế Flying Tourbillon, vốn là một trong những kỹ thuật phức tạp và khó chế tác nhất trong ngành đồng hồ. Khác với các tourbillon truyền thống, Flying Tourbillon không có cầu đỡ trên mặt số, tạo ra một hiệu ứng thị giác vô cùng ấn tượng khi cỗ máy quay liên tục. Điều này không chỉ giúp tăng độ chính xác của đồng hồ mà còn tạo ra một sự kết hợp tuyệt vời giữa kỹ thuật và mỹ thuật.</p>
<p>Royal Oak Selfwinding Flying Tourbillon 26730BC.ZZ.1320BC.01 là sự hội tụ hoàn hảo của kỹ thuật chế tác cao cấp, thiết kế sang trọng và chất liệu quý giá. Đây chính là lựa chọn lý tưởng cho những người đam mê đồng hồ và yêu thích sự khác biệt, đẳng cấp trong từng chi tiết.</p>","","1","1","AUDEMARS PIGUET, AUDEMARS PIGUET > Royal Oak","https://theempire.vn/wp-content/uploads/2025/01/Dong-Ho-Audemars-Piguet-Royal-Oak-Selfwinding-Flying-Tourbillon-26730BC.ZZ_.1320BC.01.png,https://theempire.vn/wp-content/uploads/2025/01/Audemars_Piguet_Royal_Oak_Selfwinding_Flying_Tourbillon_41mm_26730BC.ZZ_.1320BC.01-removebg-preview.png","Thương hiệu","AUDEMARS PIGUET","1","1","Bộ sưu tập","Royal Oak","1","1"
"audemars-piguet-royal-oak-selfwinding-flying-tourbillon-26730bc-zz-1320bc-02","simple","Audemars Piguet Royal Oak Selfwinding Flying Tourbillon 41mm 26730BC.ZZ.1320BC.02","1","0","visible","Royal Oak Selfwinding Flying Tourbillon 26730BC.ZZ.1320BC.02 là một tuyệt tác đồng hồ kết hợp hoàn hảo giữa sự phức tạp của cơ chế Tourbillon và vẻ đẹp thanh lịch, đẳng cấp về dòng Royal Oak của Audemars Piguet. Với vỏ thép tinh tế kết hợp cùng dây đeo bằng vàng trắng 18k, mẫu đồng hồ này không chỉ là một công cụ đo thời gian mà còn là một biểu tượng của sự sang trọng và kỹ thuật chế tác đỉnh cao.","<p><span data-sheets-root=""1"">Royal Oak Selfwinding Flying Tourbillon 26730BC.ZZ.1320BC.02 là một tuyệt tác đồng hồ kết hợp hoàn hảo giữa sự phức tạp của cơ chế Tourbillon và vẻ đẹp thanh lịch, đẳng cấp về dòng Royal Oak của <a href=""https://theempire.vn/danh-muc/audemars-piguet/?shop_view=grid&amp;per_row=4"">Audemars Piguet</a>. Với vỏ thép tinh tế kết hợp cùng dây đeo bằng vàng trắng 18k, mẫu đồng hồ này không chỉ là một công cụ đo thời gian mà còn là một biểu tượng của sự sang trọng và kỹ thuật chế tác đỉnh cao.</span></p>
<p>Mang đặc trưng của dòng Royal Oak, chiếc đồng hồ này nổi bật với vỏ thép 41mm và dây đeo vàng trắng 18k, tạo nên sự kết hợp hài hòa giữa các chất liệu cao cấp. Vẻ đẹp của chiếc đồng hồ này toát lên từ sự tương phản hoàn hảo giữa thép sáng bóng và sắc trắng sang trọng của vàng, làm nổi bật vẻ đẹp của từng chi tiết thiết kế. Điểm nhấn đặc biệt trên chiếc đồng hồ này là cơ chế Flying Tourbillon, một trong những kỹ thuật chế tác phức tạp và tinh tế nhất trong ngành đồng hồ. Khác với tourbillon truyền thống, Flying Tourbillon không có cầu đỡ phía trên, tạo ra một hiệu ứng thị giác ấn tượng khi bộ máy quay tròn. Không chỉ giúp cải thiện độ chính xác, cơ chế này còn thể hiện sự hoàn hảo trong chế tác của Audemars Piguet.</p>
<p>Royal Oak Selfwinding Flying Tourbillon 26730BC.ZZ.1320BC.02 là sự kết hợp giữa công nghệ chế tác cao cấp, thẩm mỹ tinh tế và chất liệu đẳng cấp. Đây chính là chiếc đồng hồ lý tưởng cho những ai yêu thích sự hoàn hảo, đẳng cấp và sự khác biệt trong từng chi tiết.</p>","","1","1","AUDEMARS PIGUET, AUDEMARS PIGUET > Royal Oak","https://theempire.vn/wp-content/uploads/2025/01/Hublot-6.png,https://theempire.vn/wp-content/uploads/2025/01/Audemars_Piguet_Royal_Oak_Selfwinding_Flying_Tourbillon_41mm_26730BC.ZZ_.1320BC.02-removebg-preview.png","Thương hiệu","AUDEMARS PIGUET","1","1","Bộ sưu tập","Royal Oak","1","1"
"audemars-piguet-royal-oak-selfwinding-flying-tourbillon-41mm-26730or-gg-1320or-01","simple","Audemars Piguet Royal Oak Selfwinding Flying Tourbillon 41mm 26730OR.GG.1320OR.01","1","0","visible","Royal Oak Selfwinding Flying Tourbillon 26730OR.GG.1320OR.01 là một chiếc đồng hồ đẳng cấp của Audemars Piguet, kết hợp giữa thiết kế thanh lịch, công nghệ tiên tiến và chất liệu vàng hồng 18k sang trọng, tạo nên một tuyệt phẩm hoàn hảo cho những tín đồ yêu thích sự tinh tế và hoàn mỹ","<p><span data-sheets-root=""1"">Royal Oak Selfwinding Flying Tourbillon 26730OR.GG.1320OR.01 là một chiếc đồng hồ đẳng cấp của <a href=""https://theempire.vn/danh-muc/audemars-piguet/?shop_view=grid&amp;per_row=4"">Audemars Piguet</a>, kết hợp giữa thiết kế thanh lịch, công nghệ tiên tiến và chất liệu vàng hồng 18k sang trọng, tạo nên một tuyệt phẩm hoàn hảo cho những tín đồ yêu thích sự tinh tế và hoàn mỹ.</span></p>
<p>Điểm đặc biệt của 26730OR.GG.1320OR.01 chính là bộ máy Automatic kết hợp với Flying Tourbillon – một trong những tính năng phức tạp nhất trong ngành chế tác đồng hồ. Flying Tourbillon là cơ chế không có cầu nối cố định, giúp cải thiện độ chính xác của đồng hồ bằng cách chống lại sự ảnh hưởng của trọng lực. Cùng với bộ máy Automatic, chiếc đồng hồ này tự động lên dây cót khi người dùng đeo, mang đến sự tiện lợi tối đa và khả năng vận hành ổn định trong suốt cả ngày.</p>
<p>Dây đeo của chiếc đồng hồ này cũng được chế tác từ vàng hồng 18k, giúp tạo ra một tổng thể hài hòa và sang trọng. Chất liệu vàng hồng không chỉ có độ bền cao mà còn mang đến vẻ đẹp quyến rũ và đẳng cấp cho người sử dụng. Dây đeo được hoàn thiện với độ chi tiết tỉ mỉ, giúp tạo cảm giác thoải mái và dễ chịu khi đeo, đồng thời làm tăng giá trị thẩm mỹ cho chiếc đồng hồ. Đây chính là món trang sức tuyệt vời không thể thiếu trong bộ sưu tập của những người yêu thích sự tinh tế và sang trọng.</p>
<p>Royal Oak Selfwinding Flying Tourbillon 26730OR.GG.1320OR.01 là minh chứng cho sự kết hợp hoàn hảo giữa công nghệ tiên tiến và thiết kế nghệ thuật. Bộ máy Flying Tourbillon giúp cải thiện độ chính xác, trong khi bộ máy Automatic mang đến sự tiện lợi tối đa. Vẻ ngoài sang trọng của chiếc đồng hồ, cùng với những chi tiết hoàn thiện tinh xảo, không chỉ làm nổi bật phong cách cá nhân mà còn chứng tỏ đẳng cấp và sự tinh tế của chủ nhân.</p>","","1","1","AUDEMARS PIGUET, AUDEMARS PIGUET > Royal Oak","https://theempire.vn/wp-content/uploads/2025/01/Dong-Ho-Audemars-Piguet-Royal-Oak-Selfwinding-Flying-Tourbillon-26730OR.GG_.1320OR.01.png,https://theempire.vn/wp-content/uploads/2025/01/Audemars-Piguet-Audemars-Piguet-Royal-Oak-Selfwinding-Flying-Tourbillon-41mm-26730OR.GG_.1320OR.01Royal-Oak-Selfwinding-Flying-Tourbillon-41mm-26730BC.ZZ_.1320BC.02.png","Thương hiệu","AUDEMARS PIGUET","1","1","Bộ sưu tập","Royal Oak","1","1"
"audemars-piguet-royal-oak-selfwinding-flying-tourbillon-26730or-oo-1320or-05","simple","Audemars Piguet Royal Oak Selfwinding Flying Tourbillon 41mm 26730OR.OO.1320OR.05","1","0","visible","Royal Oak Selfwinding Flying Tourbillon 26730OR.OO.1320OR.05 là sự kết hợp hoàn hảo giữa kỹ thuật chế tác vượt trội và chất liệu quý giá của Audemars Piguet, chiếc đồng hồ này không chỉ thể hiện sự tinh tế trong thiết kế mà còn là biểu tượng của sự sang trọng và đẳng cấp. Đây là một lựa chọn lý tưởng cho những tín đồ yêu thích sự độc đáo, hoàn hảo trong từng chi tiết.","<p><span data-sheets-root=""1"">Royal Oak Selfwinding Flying Tourbillon 26730OR.OO.1320OR.05 là sự kết hợp hoàn hảo giữa kỹ thuật chế tác vượt trội và chất liệu quý giá của <a href=""https://theempire.vn/danh-muc/audemars-piguet/?shop_view=grid&amp;per_row=4"">Audemars Piguet</a>, chiếc đồng hồ này không chỉ thể hiện sự tinh tế trong thiết kế mà còn là biểu tượng của sự sang trọng và đẳng cấp. Đây là một lựa chọn lý tưởng cho những tín đồ yêu thích sự độc đáo, hoàn hảo trong từng chi tiết.</span></p>
<p>Mẫu đồng hồ này nổi bật với kích thước 41mm, vừa đủ để tạo nên sự mạnh mẽ nhưng vẫn giữ được sự thanh thoát cần thiết. Vỏ và dây đeo của đồng hồ đều được chế tác từ vàng hồng 18k, một chất liệu quý giá không chỉ mang lại vẻ đẹp sang trọng, mà còn có độ bền và khả năng chống oxi hóa tuyệt vời. Vàng hồng tạo nên một vẻ đẹp ấm áp, cuốn hút và có sức hút riêng biệt, giúp chiếc đồng hồ nổi bật và tỏa sáng trong mọi hoàn cảnh. Một trong những điểm nổi bật của chiếc đồng hồ này là sự kết hợp giữa Flying Tourbillon và bộ máy Automatic. Flying Tourbillon là một trong những cơ chế phức tạp và tinh xảo nhất trong ngành chế tác đồng hồ. Với cấu trúc không có cầu nối cố định, tourbillon “bay” này giúp giảm thiểu sự ảnh hưởng của trọng lực, mang lại độ chính xác tuyệt đối cho bộ máy. Bộ máy Automatic giúp chiếc đồng hồ tự động lên dây cót khi được đeo, mang lại sự tiện lợi cho người sử dụng, không cần phải lên dây thủ công.</p>
<p>Royal Oak Selfwinding Flying Tourbillon 26730OR.OO.1320OR.05 là sự kết hợp hoàn hảo giữa thiết kế tinh xảo, công nghệ chế tác hiện đại và chất liệu quý giá. Với bộ máy Flying Tourbillon siêu chính xác, vàng hồng 18k cao cấp, và thiết kế sang trọng, đây là chiếc đồng hồ lý tưởng cho những người đam mê đồng hồ cao cấp, mong muốn sở hữu một món đồ vừa có giá trị sử dụng vượt trội, vừa là biểu tượng của sự tinh tế và đẳng cấp.</p>","","1","1","AUDEMARS PIGUET, AUDEMARS PIGUET > Royal Oak","https://theempire.vn/wp-content/uploads/2025/01/Dong-Ho-Audemars-Piguet-Royal-Oak-Selfwinding-Flying-Tourbillon-26730OR.OO_.1320OR.05.png,https://theempire.vn/wp-content/uploads/2025/01/Audemars_Piguet_Royal_Oak_Selfwinding_Flying_Tourbillon_41mm_26730OR.OO_.1320OR.05-removebg-preview.png","Thương hiệu","AUDEMARS PIGUET","1","1","Bộ sưu tập","Royal Oak","1","1"
"audemars-piguet-royal-oak-selfwinding-flying-tourbillon-26730st-oo-1320st-02","simple","Audemars Piguet Royal Oak Selfwinding Flying Tourbillon 41mm 26730ST.OO.1320ST.02","1","0","visible","Royal Oak Selfwinding Flying Tourbillon 26730ST.OO.1320ST.02 của Audemars Piguet là một tuyệt phẩm hoàn hảo kết hợp giữa thiết kế hiện đại, kỹ thuật chế tác tinh xảo và công nghệ tiên tiến, mang lại một sản phẩm không chỉ để xem giờ mà còn là một biểu tượng của phong cách và sự hoàn hảo.","<p><span data-sheets-root=""1"">Royal Oak Selfwinding Flying Tourbillon 26730ST.OO.1320ST.02 của <a href=""https://theempire.vn/danh-muc/audemars-piguet/?shop_view=grid&amp;per_row=4"">Audemars Piguet</a> là một tuyệt phẩm hoàn hảo kết hợp giữa thiết kế hiện đại, kỹ thuật chế tác tinh xảo và công nghệ tiên tiến, mang lại một sản phẩm không chỉ để xem giờ mà còn là một biểu tượng của phong cách và sự hoàn hảo.</span></p>
<p>Với kích thước 41mm, chiếc đồng hồ này có tỷ lệ hoàn hảo, vừa vặn với nhiều cổ tay, tạo cảm giác mạnh mẽ nhưng không thiếu phần thanh thoát. Vỏ đồng hồ được chế tác từ thép không gỉ cao cấp, một chất liệu nổi bật với khả năng chống xước tuyệt vời, giúp duy trì vẻ đẹp sáng bóng trong suốt thời gian dài. Với sự kết hợp giữa thép không gỉ và thiết kế vỏ vuông vắn đặc trưng của dòng Royal Oak, mẫu đồng hồ này giữ được sự hiện đại, mạnh mẽ nhưng cũng đầy tinh tế.</p>
<p>Được trang bị bộ máy Automatic, chiếc đồng hồ này có khả năng tự lên dây cót khi người sử dụng đeo, mang lại sự tiện lợi tối đa. Điểm nhấn đặc biệt là Flying Tourbillon – một trong những cơ chế phức tạp và tinh xảo nhất trong ngành chế tác đồng hồ. Không giống như các tourbillon truyền thống, tourbillon “bay” này không có cầu nối cố định, giúp giảm bớt sự ảnh hưởng của trọng lực, từ đó cải thiện độ chính xác của đồng hồ một cách tuyệt vời. Đây là một trong những thành tựu đáng tự hào của Audemars Piguet trong việc kết hợp kỹ thuật tiên tiến và thẩm mỹ hoàn hảo. Dây đeo được thiết kế với độ hoàn thiện cao, tạo cảm giác thoải mái khi đeo mà vẫn giữ được vẻ ngoài sang trọng, phù hợp cho người sử dụng trong suốt cả ngày dài.</p>
<p><span data-sheets-root=""1"">Royal Oak Selfwinding Flying Tourbillon 26730ST.OO.1320ST.02 là một tác phẩm nghệ thuật đỉnh cao, kết hợp giữa công nghệ chế tác đồng hồ hiện đại và thiết kế tinh tế. Đây là lựa chọn lý tưởng cho những người yêu thích sự hoàn hảo, muốn sở hữu một chiếc đồng hồ không chỉ chính xác mà còn là một biểu tượng của phong cách và đẳng cấp.</span></p>","","1","1","AUDEMARS PIGUET, AUDEMARS PIGUET > Royal Oak","https://theempire.vn/wp-content/uploads/2025/01/Dong-Ho-Audemars-Piguet-Royal-Oak-Selfwinding-Flying-Tourbillon-26730ST.OO_.1320ST.02.png,https://theempire.vn/wp-content/uploads/2025/01/Audemars_Piguet_Royal_Oak_Selfwinding_Flying_Tourbillon_41mm_26730ST.OO_.1320ST.02-removebg-preview.png","Thương hiệu","AUDEMARS PIGUET","1","1","Bộ sưu tập","Royal Oak","1","1"
"audemars-piguet-royal-oak-selfwinding-flying-tourbillon-26730st-oo-1320st-05","simple","Audemars Piguet Royal Oak Selfwinding Flying Tourbillon 41mm 26730ST.OO.1320ST.05","1","0","visible","Royal Oak Selfwinding Flying Tourbillon 26730ST.OO.1320ST.05, một tuyệt phẩm kết hợp giữa thiết kế vượt thời gian và công nghệ tiên tiến của thương hiệu Audemars Piguet.","<p><span data-sheets-root=""1"">Royal Oak Selfwinding Flying Tourbillon 26730ST.OO.1320ST.05, một tuyệt phẩm kết hợp giữa thiết kế vượt thời gian và công nghệ tiên tiến. Đây là một chiếc đồng hồ không chỉ để xem giờ mà còn là biểu tượng của sự hoàn hảo, tinh tế và nghệ thuật chế tác đỉnh cao. Với kích thước 41mm, chiếc đồng hồ này mang lại sự cân đối tuyệt vời, phù hợp cho cả những cổ tay nam tính và những ai yêu thích một chiếc đồng hồ có diện mạo mạnh mẽ nhưng vẫn thanh thoát. Vỏ đồng hồ được chế tác từ thép không gỉ, chất liệu không chỉ có độ bền cao mà còn giúp chiếc đồng hồ tỏa sáng với vẻ đẹp sáng bóng, hiện đại và sang trọng. Thép không gỉ giúp chiếc đồng hồ duy trì được vẻ đẹp nguyên vẹn qua thời gian, đồng thời cũng thể hiện được sự sang trọng tinh tế của thương hiệu <a href=""https://theempire.vn/danh-muc/audemars-piguet/?shop_view=grid&amp;per_row=4"">Audemars Piguet.</a></span></p>
<p>Điểm đặc biệt và độc đáo của mẫu đồng hồ này chính là sự kết hợp giữa bộ máy Automatic và Flying Tourbillon. Flying Tourbillon là một trong những cơ chế phức tạp và tinh tế nhất trong ngành chế tác đồng hồ. Không giống như các tourbillon truyền thống, tourbillon “bay” này không có cầu nối cố định, giúp tăng độ chính xác của bộ máy bằng cách giảm ảnh hưởng của trọng lực. Bộ máy Automatic tự động lên dây cót khi đeo, mang lại sự tiện lợi tối đa và khả năng hoạt động ổn định suốt cả ngày dài. Dây đeo của chiếc đồng hồ này cũng được làm từ thép không gỉ, đồng bộ với vỏ đồng hồ, mang đến một vẻ ngoài hoàn hảo và đồng nhất. Mẫu Royal Oak Selfwinding Flying Tourbillon 26730ST.OO.1320ST.05 là một biểu tượng của sự hoàn hảo trong cả hai lĩnh vực: kỹ thuật chế tác và thiết kế thẩm mỹ. Bộ máy tourbillon với cơ chế “bay” giúp cải thiện độ chính xác tuyệt vời, trong khi thiết kế Selfwinding tự động mang lại sự tiện lợi tuyệt đối cho người sử dụng. Đây là chiếc đồng hồ lý tưởng cho những ai yêu thích sự kết hợp giữa công nghệ tiên tiến và vẻ đẹp thẩm mỹ vượt thời gian.</p>
<p>Royal Oak Selfwinding Flying Tourbillon 26730ST.OO.1320ST.05 là một chiếc đồng hồ đẳng cấp, thể hiện sự tinh tế và sự cam kết về chất lượng tuyệt vời của Audemars Piguet. Với bộ máy Flying Tourbillon và thiết kế Selfwinding, đồng hồ này mang đến sự chính xác tuyệt đối và trải nghiệm sử dụng thoải mái, trong khi vẫn giữ được vẻ ngoài thanh lịch và sang trọng. Đây là một lựa chọn lý tưởng cho những người đam mê đồng hồ cao cấp và luôn tìm kiếm sự hoàn hảo.</p>","","1","1","AUDEMARS PIGUET, AUDEMARS PIGUET > Royal Oak","https://theempire.vn/wp-content/uploads/2025/01/Dong-Ho-Audemars-Piguet-Royal-Oak-Selfwinding-Flying-Tourbillon-26730ST.OO_.1320ST.05.png,https://theempire.vn/wp-content/uploads/2025/01/Audemars_Piguet_Royal_Oak_Selfwinding_Flying_Tourbillon_41mm_26730ST.OO_.1320ST.05-removebg-preview.png","Thương hiệu","AUDEMARS PIGUET","1","1","Bộ sưu tập","Royal Oak","1","1"
"audemars-piguet-royal-oak-selfwinding-flying-tourbillon-26730st-oo-1320st-06","simple","Audemars Piguet Royal Oak Selfwinding Flying Tourbillon 41mm 26730ST.OO.1320ST.06","1","0","visible","Royal Oak Selfwinding Flying Tourbillon 26730ST.OO.1320ST.06, một kiệt tác hội tụ đầy đủ các yếu tố tinh túy của nghệ thuật chế tác đồng hồ của Audemars Piguet, với thiết kế thanh lịch, kỹ thuật chế tác đỉnh cao và sự đổi mới trong công nghệ.","<p><span data-sheets-root=""1"">Royal Oak Selfwinding Flying Tourbillon 26730ST.OO.1320ST.06, một kiệt tác hội tụ đầy đủ các yếu tố tinh túy của nghệ thuật chế tác đồng hồ của <a href=""https://theempire.vn/danh-muc/audemars-piguet/?shop_view=grid&amp;per_row=4"">Audemars Piguet</a>, với thiết kế thanh lịch, kỹ thuật chế tác đỉnh cao và sự đổi mới trong công nghệ.</span></p>
<p>Điểm nhấn chính của mẫu đồng hồ này là sự kết hợp giữa Flying Tourbillon và bộ máy Automatic. Flying Tourbillon là một trong những cơ chế phức tạp nhất trong ngành chế tác đồng hồ, giúp cải thiện độ chính xác bằng cách chống lại ảnh hưởng của trọng lực. Với thiết kế “bay”, tourbillon này không có cầu nối cố định, tạo nên một chuyển động nhẹ nhàng và linh hoạt. Cùng với bộ máy Automatic, chiếc đồng hồ này sẽ tự động lên dây cót khi người dùng đeo, mang đến sự tiện lợi và hiệu suất cao mà không cần phải lên dây cót thủ công.</p>
<p>Dây đeo của chiếc đồng hồ 26730ST.OO.1320ST.06 cũng được chế tác từ thép không gỉ, đồng bộ với vỏ đồng hồ, mang đến một tổng thể hài hòa và tinh tế. Chất liệu thép không gỉ không chỉ mang lại độ bền vượt trội mà còn tạo cảm giác thoải mái khi đeo, thích hợp cho cả những hoạt động thường ngày lẫn các sự kiện trang trọng. Bề mặt dây đeo được hoàn thiện với độ chính xác cao, góp phần tăng thêm vẻ đẹp và sự tinh xảo cho chiếc đồng hồ.</p>","","1","1","AUDEMARS PIGUET, AUDEMARS PIGUET > Royal Oak","https://theempire.vn/wp-content/uploads/2025/01/Dong-Ho-Audemars-Piguet-Royal-Oak-Selfwinding-Flying-Tourbillon-26730ST.OO_.1320ST.06.png,https://theempire.vn/wp-content/uploads/2025/01/Audemars_Piguet_Royal_Oak_Selfwinding_Flying_Tourbillon_41mm_26730ST.OO_.1320ST.06-removebg-preview.png","Thương hiệu","AUDEMARS PIGUET","1","1","Bộ sưu tập","Royal Oak","1","1"
"audemars-piguet-royal-oak-selfwinding-flying-tourbillon-26730ti-oo-1320ti-04","simple","Audemars Piguet Royal Oak Selfwinding Flying Tourbillon 41mm 26730TI.OO.1320TI.04","1","0","visible","Royal Oak Selfwinding Flying Tourbillon 26730TI.OO.1320TI.04. Đây là một phiên bản độc đáo về dòng Royal Oak của Audemars Piguet, kết hợp giữa sự tinh tế trong thiết kế và công nghệ vượt trội, tạo nên một chiếc đồng hồ không chỉ có giá trị về mặt kỹ thuật mà còn là một món đồ sang trọng, khẳng định đẳng cấp.","<p><span data-sheets-root=""1"">Royal Oak Selfwinding Flying Tourbillon 26730TI.OO.1320TI.04. Đây là một phiên bản độc đáo về dòng Royal Oak của <a href=""https://theempire.vn/danh-muc/audemars-piguet/?shop_view=grid&amp;per_row=4"">Audemars Piguet</a>, kết hợp giữa sự tinh tế trong thiết kế và công nghệ vượt trội, tạo nên một chiếc đồng hồ không chỉ có giá trị về mặt kỹ thuật mà còn là một món đồ sang trọng, khẳng định đẳng cấp.</span></p>
<p>Điểm nhấn quan trọng của chiếc đồng hồ này chính là sự hiện diện của Flying Tourbillon – một trong những cơ chế phức tạp và tinh xảo nhất trong ngành chế tác đồng hồ. Tourbillon “bay” không có cầu nối cố định, giúp tăng độ chính xác và chống lại ảnh hưởng của trọng lực đối với bộ máy, đặc biệt là khi đồng hồ ở các vị trí khác nhau. Bộ máy Automatic tự động lên dây cót khi người dùng đeo, đảm bảo sự chính xác và tiện lợi tối đa mà không cần can thiệp thủ công.</p>
<p>Dây đeo của đồng hồ 26730TI.OO.1320TI.04 được làm từ thép không gỉ, đồng bộ với vỏ đồng hồ, mang đến một vẻ ngoài đồng nhất và hài hòa. Dây thép không gỉ không chỉ bền bỉ mà còn tạo cảm giác thoải mái khi đeo, đồng thời dễ dàng kết hợp với mọi loại trang phục, từ lịch lãm công sở cho đến trang phục dạ hội, mang lại sự thanh thoát, hiện đại và sang trọng cho người sử dụng.</p>","","1","1","AUDEMARS PIGUET, AUDEMARS PIGUET > Royal Oak","https://theempire.vn/wp-content/uploads/2025/01/Dong-Ho-Audemars-Piguet-Royal-Oak-Selfwinding-Flying-Tourbillon-Extra-Thin-RD3-26670ST.OO_.1240ST.02-2.png,https://theempire.vn/wp-content/uploads/2025/01/Audemars_Piguet_Royal_Oak_Selfwinding_Flying_Tourbillon_41mm_26730TI.OO_.1320TI.04-removebg-preview.png","Thương hiệu","AUDEMARS PIGUET","1","1","Bộ sưu tập","Royal Oak","1","1"
"audemars-piguet-royal-oak-flying-tourbillon-extra-thin-26660bc-zz-1356bc-01","simple","Audemars Piguet Royal Oak Selfwinding Flying Tourbillon Extra-Thin 37mm 26660BC.ZZ.1356BC.01","1","0","visible","Royal Oak Selfwinding Flying Tourbillon Extra-Thin 26660BC.ZZ.1356BC.01 của Audemars Piguet là một tuyệt tác trong thiết kế và cả về kỹ thuật chế tác, dành cho những người đam mê đồng hồ cao cấp và yêu thích sự hoàn hảo đến từng chi tiết.","<p><span data-sheets-root=""1"">Royal Oak Selfwinding Flying Tourbillon Extra-Thin 26660BC.ZZ.1356BC.01 của <a href=""https://theempire.vn/danh-muc/audemars-piguet/?shop_view=grid&amp;per_row=4"">Audemars Piguet</a> là một tuyệt tác trong thiết kế và cả về kỹ thuật chế tác, dành cho những người đam mê đồng hồ cao cấp và yêu thích sự hoàn hảo đến từng chi tiết.</span></p>
<p>Với kích thước 37mm, mẫu đồng hồ này mang đến một diện mạo thanh thoát, tinh tế, phù hợp cho cả nam và nữ,điểm đặc biệt của chiếc đồng hồ này chính là Flying Tourbillon – một trong những thành tựu vĩ đại của nghệ thuật chế tác đồng hồ. Tourbillon “bay” (Flying Tourbillon) là cơ chế cơ học không có cầu nối cố định, giúp tăng cường độ chính xác của đồng hồ và loại bỏ ảnh hưởng của trọng lực.</p>
<p>Bộ máy Automatic (tự động) mang lại sự tiện lợi tối đa cho người sử dụng, không cần phải lên dây cót thủ công nhưng vẫn đảm bảo hoạt động chính xác tuyệt đối. Ngoài việc sở hữu bộ máy phức tạp và tính năng vượt trội, mẫu Royal Oak Selfwinding Flying Tourbillon Extra-Thin 26660BC.ZZ.1356BC.01 còn thể hiện một sự kết hợp hoàn hảo giữa nghệ thuật chế tác đồng hồ và chất liệu cao cấp. Vàng trắng 18k tạo nên một vẻ đẹp sáng bóng, làm tăng thêm sự huyền bí và quý phái, khiến chiếc đồng hồ trở thành món đồ đẳng cấp không thể thiếu trong bộ sưu tập của những tín đồ yêu thích sự xa xỉ và tinh tế.</p>","","1","1","AUDEMARS PIGUET, AUDEMARS PIGUET > Royal Oak","https://theempire.vn/wp-content/uploads/2025/01/Dong-Ho-Audemars-Piguet-Royal-OakSelfwinding-Chronograph-26715BC.ZZ_.1356BC.01.png,https://theempire.vn/wp-content/uploads/2025/01/Audemars_Piguet_Royal_Oak_Selfwinding_Flying_Tourbillon_Extra-Thin_37mm_26660BC.ZZ_.1356BC.01-removebg-preview.png","Thương hiệu","AUDEMARS PIGUET","1","1","Bộ sưu tập","Royal Oak","1","1"
"audemars-piguet-royal-oak-selfwinding-flying-tourbillon-extra-thin-26670st-oo-1240st-02","simple","Audemars Piguet Royal Oak Selfwinding Flying Tourbillon Extra-Thin 39mm 26670ST.OO.1240ST.02","1","0","visible","Royal Oak Selfwinding Flying Tourbillon Extra-Thin (RD#3) 26670ST.OO.1240ST.02 là một mẫu đồng hồ đẳng cấp, hội tụ đầy đủ những yếu tố về thiết kế, công nghệ và chất liệu. Đây là lựa chọn hoàn hảo cho những ai yêu thích sự kết hợp giữa nghệ thuật chế tác đồng hồ tinh xảo và phong cách thanh lịch, sang trọng. Mẫu đồng hồ này chắc chắn sẽ trở thành một phần không thể thiếu trong bộ sưu tập của những tín đồ yêu thích sự tinh tế và hoàn hảo.","<p><span data-sheets-root=""1"">Royal Oak Selfwinding Flying Tourbillon Extra-Thin (RD#3) 26670ST.OO.1240ST.02, một kiệt tác đầy sáng tạo và tinh tế. Đây là phiên bản đặc biệt của dòng Royal Oak của <a href=""https://theempire.vn/danh-muc/audemars-piguet/?shop_view=grid&amp;per_row=4"">Audemars Piguet</a>, mang đến một sự kết hợp hoàn hảo giữa công nghệ tiên tiến, thiết kế thanh lịch và chất liệu cao cấp. Với kích thước 39mm, chiếc đồng hồ này mang đến sự cân đối hoàn hảo, vừa vặn với nhiều kích cỡ cổ tay, tạo nên một diện mạo thanh lịch, không quá lớn nhưng vẫn đủ nổi bật để thu hút mọi ánh nhìn. Vỏ đồng hồ được chế tác từ thép không gỉ, một chất liệu nổi bật với khả năng chống xước tuyệt vời và độ bền cao, đồng thời mang lại vẻ ngoài sáng bóng và sang trọng.</span></p>
<p>Điểm đặc biệt của mẫu đồng hồ này là sự kết hợp giữa bộ máy Automatic và Flying Tourbillon. Tourbillon “bay” là một trong những thành tựu đáng tự hào trong ngành chế tác đồng hồ cao cấp, với cấu trúc không có cầu nối giữ tourbillon, giúp tăng cường độ chính xác và giảm thiểu ảnh hưởng của trọng lực lên bộ máy.</p>
<p>Mẫu đồng hồ Royal Oak Selfwinding Flying Tourbillon Extra-Thin (RD#3) 26670ST.OO.1240ST.02 là phiên bản thứ ba trong dòng sản phẩm RD (Royal Oak Extra-Thin), mang đến sự phá cách trong thiết kế và công nghệ. Đây là sự kết hợp hoàn hảo giữa tính năng vượt trội của bộ máy tourbillon và sự mỏng nhẹ của một chiếc đồng hồ siêu mỏng, tạo nên một sản phẩm không chỉ để xem giờ mà còn là một biểu tượng của sự tinh xảo và sáng tạo trong ngành chế tác đồng hồ.</p>","","1","1","AUDEMARS PIGUET, AUDEMARS PIGUET > Royal Oak","https://theempire.vn/wp-content/uploads/2025/01/Dong-Ho-Audemars-Piguet-Royal-Oak-Selfwinding-Flying-Tourbillon-Extra-Thin-RD3-26670ST.OO_.1240ST.02.png,https://theempire.vn/wp-content/uploads/2025/01/Audemars_Piguet_RoyalAudemars_Piguet_Royal_Oak_Selfwinding_Flying_Tourbillon_Extra-Thin_39mm_26670ST.OO_.1240ST.02_Oak_Selfwinding_Flying_Tourbillon_Extra-Thin_37mm_26660BC.ZZ_.1356BC.01-removebg-previe.png","Thương hiệu","AUDEMARS PIGUET","1","1","Bộ sưu tập","Royal Oak","1","1"
"audemars-piguet-royal-oak-selfwinding-flying-tourbillon-openworked-26735sg-oo-1320sg-01","simple","Audemars Piguet Royal Oak Selfwinding Flying Tourbillon Openworked 41mm 26735SG.OO.1320SG.01","1","0","visible","Royal Oak Selfwinding Flying Tourbillon Openworked 26735SG.OO.1320SG.01 là một tuyệt tác đồng hồ mang đậm tính nghệ thuật, kết hợp giữa công nghệ chế tác đồng hồ tinh xảo và thiết kế độc đáo, thể hiện đẳng cấp và sự sáng tạo của Audemars Piguet.","<p><span data-sheets-root=""1"">Royal Oak Selfwinding Flying Tourbillon Openworked 26735SG.OO.1320SG.01 là một tuyệt tác đồng hồ mang đậm tính nghệ thuật, kết hợp giữa công nghệ chế tác đồng hồ tinh xảo và thiết kế độc đáo, thể hiện đẳng cấp và sự sáng tạo của <a href=""https://theempire.vn/danh-muc/audemars-piguet/?shop_view=grid&amp;per_row=4"">Audemars Piguet</a>.</span></p>
<p>Điểm nổi bật nhất của chiếc đồng hồ này chính là mặt số Openworked (mở khung), nơi người đeo có thể chiêm ngưỡng toàn bộ bộ máy bên trong. Thiết kế này không chỉ thể hiện sự sáng tạo mà còn làm nổi bật tính thẩm mỹ và kỹ thuật chế tác vượt trội của Audemars Piguet. Mặt số được mở rộng cho phép tourbillon và các bộ phận khác của bộ máy tự động được nhìn thấy rõ ràng, tạo ra một không gian độc đáo và hấp dẫn. Tourbillon bay giúp đồng hồ giảm thiểu sự ảnh hưởng của lực hấp dẫn lên bộ máy, cải thiện độ chính xác.</p>
<p><span data-sheets-root=""1"">Royal Oak Selfwinding Flying Tourbillon Openworked 26735SG.OO.1320SG.01 không chỉ là một chiếc đồng hồ mà còn là một tác phẩm nghệ thuật thể hiện sự tinh tế, sáng tạo và đẳng cấp vượt thời gian. Đây là sự lựa chọn lý tưởng cho những người yêu thích những chiếc đồng hồ phức tạp, sang trọng và có tính sưu tầm cao.</span></p>","","1","1","AUDEMARS PIGUET, AUDEMARS PIGUET > Royal Oak","https://theempire.vn/wp-content/uploads/2025/01/Dong-Ho-Audemars-Piguet-Selfwinding-Flying-Tourbillon-Openworked-26735SG.OO_.1320SG.01.png,https://theempire.vn/wp-content/uploads/2025/01/Audemars-Piguet-Royal-Oak-Selfwinding-Flying-Tourbillon-Openworked-41mm-26735SG.OO_.1320SG.01.png","Thương hiệu","AUDEMARS PIGUET","1","1","Bộ sưu tập","Royal Oak","1","1"
"audemars-piguet-royal-oak-selfwinding-flying-tourbillon-openworked-26735st-oo-1320st-02","simple","Audemars Piguet Royal Oak Selfwinding Flying Tourbillon Openworked 41mm 26735ST.OO.1320ST.02","1","0","visible","Royal Oak Selfwinding Flying Tourbillon Openworked 26735ST.OO.1320ST.02 là một kiệt tác hoàn hảo trong bộ sưu tập Royal Oak của Audemars Piguet, kết hợp giữa kỹ thuật chế tác đỉnh cao, tính năng phức tạp và thiết kế đặc sắc. Chiếc đồng hồ này mang đến cho người đeo một trải nghiệm độc đáo, không chỉ về sự chính xác tuyệt đối mà còn về sự tinh tế trong từng chi tiết. ","<p><span data-sheets-root=""1"">Royal Oak Selfwinding Flying Tourbillon Openworked 26735ST.OO.1320ST.02 là một kiệt tác hoàn hảo trong bộ sưu tập Royal Oak của <a href=""https://theempire.vn/danh-muc/audemars-piguet/?shop_view=grid&amp;per_row=4"">Audemars Piguet</a>, kết hợp giữa kỹ thuật chế tác đỉnh cao, tính năng phức tạp và thiết kế đặc sắc. Chiếc đồng hồ này mang đến cho người đeo một trải nghiệm độc đáo, không chỉ về sự chính xác tuyệt đối mà còn về sự tinh tế trong từng chi tiết.&nbsp;</span></p>
<p>Với cơ chế Openworked, mặt số của đồng hồ mở ra một không gian tuyệt đẹp để người đeo có thể chiêm ngưỡng từng chi tiết phức tạp của bộ máy bên trong. Các chi tiết tinh xảo, như bánh răng, cầu nối và vạch giờ, đều được chế tác tỉ mỉ, giúp chiếc đồng hồ trở thành một tác phẩm nghệ thuật đồng hồ. Việc quan sát chuyển động của bộ máy cũng mang đến cho người đeo một trải nghiệm đầy mê hoặc, làm nổi bật kỹ thuật chế tác đỉnh cao của Audemars Piguet.</p>
<p>Mặt số của Audemars Piguet Royal Oak Selfwinding Flying Tourbillon Openworked mang lại một thiết kế vô cùng phức tạp và tinh tế. Với việc sử dụng họa tiết Tapisserie đặc trưng của dòng Royal Oak, mặt số tạo ra một hiệu ứng độ sâu tuyệt vời, mang lại một vẻ đẹp hài hòa, đồng thời không làm lu mờ sự chú ý vào các chi tiết của bộ máy. Các vạch giờ và kim chỉ thời gian được thiết kế thanh mảnh, mạ bạc sáng bóng, giúp người đeo dễ dàng đọc giờ, dù trong điều kiện ánh sáng yếu.</p>","","1","1","AUDEMARS PIGUET, AUDEMARS PIGUET > Royal Oak","https://theempire.vn/wp-content/uploads/2025/01/Dong-Ho-Audemars-Piguet-Royal-Oak-Selfwinding-Flying-Tourbillon-Openworked-26735ST.OO_.1320ST.02.png","Thương hiệu","AUDEMARS PIGUET","1","1","Bộ sưu tập","Royal Oak","1","1"
"audemars-piguet-royal-oak-selfwinding-openworked-26612ti-oo-d002ca-01","simple","Audemars Piguet Royal Oak Selfwinding Openworked 44mm 26612TI.OO.D002CA.01","1","0","visible","Royal Oak Selfwinding Openworked 26612TI.OO.D002CA.01 là một trong những mẫu đồng hồ ấn tượng nhất về dòng Royal Oak của Audemars Piguet, kết hợp hoàn hảo giữa sự tinh tế trong thiết kế và công nghệ chế tác hiện đại. Phiên bản Openworked (Mặt mở) này là sự thể hiện đỉnh cao của nghệ thuật chế tác đồng hồ, cho phép người đeo chiêm ngưỡng bộ máy bên trong đồng hồ, một điểm nhấn độc đáo mà chỉ những tín đồ yêu thích đồng hồ cao cấp mới có thể cảm nhận hết được sự tinh xảo này.","<p><span data-sheets-root=""1"">Royal Oak Selfwinding Openworked 26612TI.OO.D002CA.01 là một trong những mẫu đồng hồ ấn tượng nhất về dòng Royal Oak của <a href=""https://theempire.vn/danh-muc/audemars-piguet/?shop_view=grid&amp;per_row=4"">Audemars Piguet</a>, kết hợp hoàn hảo giữa sự tinh tế trong thiết kế và công nghệ chế tác hiện đại. Phiên bản Openworked (Mặt mở) này là sự thể hiện đỉnh cao của nghệ thuật chế tác đồng hồ, cho phép người đeo chiêm ngưỡng bộ máy bên trong đồng hồ, một điểm nhấn độc đáo mà chỉ những tín đồ yêu thích đồng hồ cao cấp mới có thể cảm nhận hết được sự tinh xảo này.</span></p>
<p>Có vỏ đồng hồ được chế tác từ Titanium cao cấp, mang lại sự nhẹ nhàng và bền bỉ. Chất liệu Titanium không chỉ giúp giảm trọng lượng đồng hồ mà còn rất bền, chống trầy xước và có khả năng chống ăn mòn tuyệt vời. Với kích thước 44mm, vỏ đồng hồ này tạo cảm giác mạnh mẽ, nhưng vẫn không mất đi vẻ tinh tế và sang trọng, hoàn hảo cho những ai yêu thích sự nổi bật và độc đáo.</p>
<p>Điểm nhấn của chiếc đồng hồ này là dây đeo cao su đen, tạo cảm giác thoải mái khi đeo, đồng thời mang lại một vẻ ngoài thể thao, năng động, nhưng vẫn không kém phần sang trọng. Sự kết hợp giữa Titanium và dây cao su không chỉ giúp giảm trọng lượng mà còn tăng cường tính bền bỉ, lý tưởng cho những người đam mê thể thao và phong cách sống năng động.</p>","","1","1","AUDEMARS PIGUET, AUDEMARS PIGUET > Royal Oak","https://theempire.vn/wp-content/uploads/2025/01/Dong-Ho-Audemars-Piguet-Royal-Oak-Selfwinding-Openworked-26612TI.OO_.D002CA.01-44mm.png,https://theempire.vn/wp-content/uploads/2025/01/Audemars_Piguet_Royal_Oak_Selfwinding_Openworked_44mm_26612TI.OO_.D002CA.01-removebg-preview.png","Thương hiệu","AUDEMARS PIGUET","1","1","Bộ sưu tập","Royal Oak","1","1"
"audemars-piguet-royal-oak-selfwinding-perpetual-calendar-ultra-thin-26586ip-oo-1240ip-01","simple","Audemars Piguet Royal Oak Selfwinding Perpetual Calendar Ultra-Thin 41mm 26586IP.OO.1240IP.01","1","0","visible","Royal Oak Selfwinding Perpetual Calendar Ultra-Thin 26586IP.OO.1240IP.01 là một tuyệt phẩm của Audemars Piguet với sự kết hợp giữa kỹ thuật chế tác tinh xảo và thiết kế hiện đại, mang đến sự hoàn hảo vượt trội cho những tín đồ yêu thích sự tinh tế và đẳng cấp. Với kích thước 41mm, chiếc đồng hồ này không chỉ mang đến sự thanh thoát mà còn thể hiện sự mạnh mẽ và cá tính, phù hợp cho cả những người yêu thích sự hiện đại và những tín đồ của sự hoàn hảo vượt thời gian.","<p><span data-sheets-root=""1"">Royal Oak Selfwinding Perpetual Calendar Ultra-Thin 26586IP.OO.1240IP.01 là một tuyệt phẩm của <a href=""https://theempire.vn/danh-muc/audemars-piguet/?shop_view=grid&amp;per_row=4"">Audemars Piguet</a> với sự kết hợp giữa kỹ thuật chế tác tinh xảo và thiết kế hiện đại, mang đến sự hoàn hảo vượt trội cho những tín đồ yêu thích sự tinh tế và đẳng cấp. Với kích thước 41mm, chiếc đồng hồ này không chỉ mang đến sự thanh thoát mà còn thể hiện sự mạnh mẽ và cá tính, phù hợp cho cả những người yêu thích sự hiện đại và những tín đồ của sự hoàn hảo vượt thời gian.</span></p>
<p>Được chế tác từ Titanium cao cấp, vỏ và dây đeo của mẫu đồng hồ này không chỉ mang lại sự bền bỉ, nhẹ nhàng mà còn tạo cảm giác thoải mái khi đeo. Chất liệu titanium chải satin giúp chiếc đồng hồ có vẻ ngoài mờ mịn, tạo nên một sắc thái hiện đại và thể thao nhưng vẫn giữ được sự sang trọng và tinh tế. Titanium không chỉ bền bỉ mà còn chống mài mòn cực kỳ tốt, giữ cho đồng hồ luôn mới mẻ theo thời gian.</p>
<p>Chiếc đồng hồ này được trang bị bộ máy Selfwinding với Perpetual Calendar, giúp đồng hồ tự động lên dây cót mà không cần sự can thiệp của người dùng. Hệ thống Perpetual Calendar nổi bật với khả năng tự động điều chỉnh các chỉ số lịch chính xác cho từng tháng và năm, kể cả trong các năm nhuận. Điều này mang đến sự chính xác tuyệt đối và sự tiện lợi tối đa cho người sử dụng. Điểm đặc biệt là thiết kế Ultra-Thin giúp giảm độ dày của đồng hồ, tạo ra một chiếc đồng hồ mỏng nhẹ, thanh thoát mà vẫn đảm bảo khả năng hoạt động ổn định.</p>","","1","1","AUDEMARS PIGUET, AUDEMARS PIGUET > Royal Oak","https://theempire.vn/wp-content/uploads/2025/01/Dong-Ho-Audemars-Piguet-Royal-Oak-Selfwinding-Perpetual-Calendar-Ultra-Thin-26586IP.OO_.1240IP.01-41mm.png,https://theempire.vn/wp-content/uploads/2025/01/Audemars_Piguet_Royal_Oak_Selfwinding_Perpetual_Calendar_Ultra-Thin_41mm_26586IP.OO_.1240IP.01-removebg-preview.png","Thương hiệu","AUDEMARS PIGUET","1","1","Bộ sưu tập","Royal Oak","1","1"
"audemars-piguet-royal-oak-selfwinding-qeii-cup-2017-15453ip-zz-1256ip-01-l","simple","Audemars Piguet Royal Oak Selfwinding QEII CUP 2017 37mm 15453IP.ZZ.1256IP.01","1","0","visible","Royal Oak Selfwinding QEII CUP 2017 15453IP.ZZ.1256IP.01 là một phiên bản đặc biệt của Audemars Piguet, được phát hành nhân dịp sự kiện đua thuyền nổi tiếng Queen Elizabeth II Cup 2017. Với thiết kế tinh tế, chất liệu cao cấp và bộ máy tự động đáng tin cậy, chiếc đồng hồ này không chỉ là một công cụ đo thời gian mà còn là một tác phẩm nghệ thuật đẳng cấp, thể hiện sự kết hợp hoàn hảo giữa thể thao, sự sang trọng và kỹ thuật chế tác xuất sắc của Audemars Piguet.","<p><span data-sheets-root=""1"">Royal Oak Selfwinding QEII CUP 2017 15453IP.ZZ.1256IP.01 là một phiên bản đặc biệt của <a href=""https://theempire.vn/danh-muc/audemars-piguet/?shop_view=grid&amp;per_row=4"">Audemars Piguet</a>, được phát hành nhân dịp sự kiện đua thuyền nổi tiếng Queen Elizabeth II Cup 2017. Với thiết kế tinh tế, chất liệu cao cấp và bộ máy tự động đáng tin cậy, chiếc đồng hồ này không chỉ là một công cụ đo thời gian mà còn là một tác phẩm nghệ thuật đẳng cấp, thể hiện sự kết hợp hoàn hảo giữa thể thao, sự sang trọng và kỹ thuật chế tác xuất sắc của Audemars Piguet.</span></p>
<p>Audemars Piguet Royal Oak Selfwinding QEII CUP 2017 có kích thước vỏ 37mm, mang lại một vẻ ngoài gọn gàng, vừa vặn cho những người yêu thích sự tinh tế nhưng không kém phần mạnh mẽ. Vỏ và dây đeo đều được chế tác từ Titanium, một chất liệu nhẹ nhưng cực kỳ bền bỉ, giúp chiếc đồng hồ trở nên thoải mái khi đeo trong suốt cả ngày dài. Titanium cũng mang lại một vẻ ngoài hiện đại và thanh lịch, đồng thời chống trầy xước và ăn mòn, giữ cho chiếc đồng hồ luôn mới mẻ theo thời gian.</p>
<p>Phiên bản QEII CUP 2017 của Audemars Piguet là một sản phẩm giới hạn, mang đậm tính biểu tượng và kỷ niệm một trong những sự kiện đua thuyền danh giá nhất. Chiếc đồng hồ này không chỉ là một công cụ đo thời gian mà còn là một món quà tinh tế và đẳng cấp, dành cho những ai yêu thích sự kết hợp hoàn hảo giữa nghệ thuật chế tác đồng hồ và đam mê thể thao.</p>","","1","1","AUDEMARS PIGUET, AUDEMARS PIGUET > Royal Oak","https://theempire.vn/wp-content/uploads/2025/01/Dong-Ho-Audemars-Piguet-Royal-Oak-Selfwinding-QEII-CUP-2017-15453IP.ZZ_.1256IP.01-37mm.png,https://theempire.vn/wp-content/uploads/2025/01/Audemars_Piguet_Royal_Oak_Selfwinding_QEII_CUP_2017_37mm_15453IP.ZZ_.1256IP.01-removebg-preview.png","Thương hiệu","AUDEMARS PIGUET","1","1","Bộ sưu tập","Royal Oak","1","1"
"audemars-piguet-royal-oak-selfwinding-tourbillon-chronograph-26622ce-oo-d002ca-01","simple","Audemars Piguet Royal Oak Selfwinding Tourbillon Chronograph 43mm 26622CE.OO.D002CA.01","1","0","visible","Royal Oak Selfwinding Tourbillon Chronograph 26622CE.OO.D002CA.01 là một minh chứng rõ rệt của thương hiệu Audemars Piguet cho sự tinh tế và sự kết hợp giữa công nghệ chế tác đồng hồ cao cấp và nghệ thuật chế tác thủ công.","<p><span data-sheets-root=""1"">Royal Oak Selfwinding Tourbillon Chronograph 26622CE.OO.D002CA.01 là một minh chứng rõ rệt của thương hiệu <a href=""https://theempire.vn/danh-muc/audemars-piguet/?shop_view=grid&amp;per_row=4"">Audemars Piguet</a> cho sự tinh tế và sự kết hợp giữa công nghệ chế tác đồng hồ cao cấp và nghệ thuật chế tác thủ công. </span></p>
<p><span data-sheets-root=""1"">Với kích thước 43mm, đồng hồ có mặt số vừa vặn, dễ dàng phù hợp với nhiều kích cỡ cổ tay mà vẫn giữ được sự mạnh mẽ và sang trọng. Vỏ đồng hồ được làm từ chất liệu gốm sứ cao cấp, mang lại vẻ ngoài cứng cáp nhưng cũng không kém phần tinh xảo và sang trọng. Gốm sứ không chỉ có độ bền cao mà còn có khả năng chống trầy xước vượt trội, giúp chiếc đồng hồ luôn mới mẻ theo thời gian.</span></p>
<p>Bộ máy tự động (Selfwinding) trong đồng hồ này được trang bị một Tourbillon – một kỹ thuật cơ học tinh vi giúp tối ưu hóa độ chính xác của đồng hồ bằng cách chống lại ảnh hưởng của trọng lực lên bộ máy. Thêm vào đó, đồng hồ còn tích hợp chức năng Chronograph giúp đo thời gian một cách chính xác, đáp ứng yêu cầu của những người đam mê thể thao hoặc yêu thích sự tiện lợi của tính năng bấm giờ. Dây đeo của chiếc đồng hồ này được làm từ cao su, mang lại sự thoải mái tối đa khi đeo, đồng thời vẫn đảm bảo độ bền bỉ và thời trang. Đây là lựa chọn lý tưởng cho những ai ưa chuộng một chiếc đồng hồ vừa thể thao, vừa sang trọng.</p>","","1","1","AUDEMARS PIGUET, AUDEMARS PIGUET > Royal Oak","https://theempire.vn/wp-content/uploads/2025/01/Dong-Ho-Audemars-Piguet-Royal-Oak-Selfwinding-Tourbillon-Chronograph-26622CE.OO_.D002CA.01.png,https://theempire.vn/wp-content/uploads/2025/01/Audemars_Piguet_Royal_Oak_Selfwinding_Tourbillon_Chronograph_43mm_26622CE.OO_.D002CA.01-removebg-preview.png","Thương hiệu","AUDEMARS PIGUET","1","1","Bộ sưu tập","Royal Oak","1","1"
"audemars-piguet-royal-oak-selfwinding-tourbillon-chronograph-26622ce-oo-d002ca-02","simple","Audemars Piguet Royal Oak Selfwinding Tourbillon Chronograph 43mm 26622CE.OO.D002CA.02","1","0","visible","Royal Oak Selfwinding Tourbillon Chronograph 26622CE.OO.D002CA.02 là một trong những mẫu đồng hồ cao cấp đỉnh cao, thể hiện sự kết hợp hoàn hảo giữa sự tinh tế, công nghệ tiên tiến và thiết kế đầy ấn tượng. Thuộc bộ sưu tập Royal Oak của Audemars Piguet, mẫu đồng hồ này không chỉ gây ấn tượng bởi ngoại hình thanh lịch mà còn bởi bộ máy Tourbillon và chức năng chronograph, thể hiện kỹ thuật chế tác đỉnh cao của Audemars Piguet.","<p><span data-sheets-root=""1"">Royal Oak Selfwinding Tourbillon Chronograph 26622CE.OO.D002CA.02 là một trong những mẫu đồng hồ cao cấp đỉnh cao, thể hiện sự kết hợp hoàn hảo giữa sự tinh tế, công nghệ tiên tiến và thiết kế đầy ấn tượng. Thuộc bộ sưu tập Royal Oak của <a href=""https://theempire.vn/danh-muc/audemars-piguet/?shop_view=grid&amp;per_row=4"">Audemars Piguet</a>, mẫu đồng hồ này không chỉ gây ấn tượng bởi ngoại hình thanh lịch mà còn bởi bộ máy Tourbillon và chức năng chronograph, thể hiện kỹ thuật chế tác đỉnh cao của Audemars Piguet.</span></p>
<p>Mẫu đồng hồ này được trang bị bộ máy self-winding Tourbillon và chronograph. Bộ máy Tourbillon giúp nâng cao độ chính xác, loại bỏ ảnh hưởng của trọng lực lên bộ máy, trong khi chronograph mang đến chức năng bấm giờ thể thao với độ chính xác cao. Đây là một sự kết hợp tuyệt vời cho những người yêu thích cả nghệ thuật chế tác đồng hồ và tính năng thể thao.</p>
<p><span data-sheets-root=""1"">Royal Oak Selfwinding Tourbillon Chronograph 26622CE.OO.D002CA.02 là một tuyệt tác đồng hồ dành cho những ai yêu thích sự kết hợp hoàn hảo giữa tính năng, công nghệ và thẩm mỹ. Với vỏ ceramic bền bỉ, dây cao su linh hoạt, bộ máy Tourbillon chính xác và chronograph mạnh mẽ, chiếc đồng hồ này xứng đáng là sự lựa chọn đẳng cấp cho những tín đồ đồng hồ cao cấp.<br>
</span></p>","","1","1","AUDEMARS PIGUET, AUDEMARS PIGUET > Royal Oak","https://theempire.vn/wp-content/uploads/2025/01/Dong-Ho-Audemars-Piguet-Royal-Oak-Selfwinding-Tourbillon-Chronograph-26622CE.OO_.D002CA.02.png,https://theempire.vn/wp-content/uploads/2025/01/Audemars_Piguet_Royal_Oak_Selfwinding_Tourbillon_Chronograph_43mm_26622CE.OO_.D002CA.02-removebg-preview.png","Thương hiệu","AUDEMARS PIGUET","1","1","Bộ sưu tập","Royal Oak","1","1"
"audemars-piguet-royal-oak-tourbillon-extra-thin-26510st-oo-1220st-01","simple","Audemars Piguet Royal Oak Tourbillon Extra-Thin 41mm 26510ST.OO.1220ST.01","1","0","visible","Audemars Piguet Royal Oak Tourbillon Extra-Thin 26510ST.OO.1220ST.01 là một trong những mẫu đồng hồ nổi bật nhất trong bộ sưu tập Royal Oak của Audemars Piguet, kết hợp giữa sự tinh tế của thiết kế và sự chính xác vượt trội của công nghệ đồng hồ. Đây là một chiếc đồng hồ cao cấp dành cho những người yêu thích sự hoàn hảo và độc đáo, với các chi tiết được chế tác tỉ mỉ và sự đổi mới trong công nghệ Tourbillon.","<p><span data-sheets-root=""1"">Audemars Piguet Royal Oak Tourbillon Extra-Thin 26510ST.OO.1220ST.01 là một trong những mẫu đồng hồ nổi bật nhất trong bộ sưu tập Royal Oak của <a href=""https://theempire.vn/danh-muc/audemars-piguet/?shop_view=grid&amp;per_row=4"">Audemars Piguet</a>, kết hợp giữa sự tinh tế của thiết kế và sự chính xác vượt trội của công nghệ đồng hồ. Đây là một chiếc đồng hồ cao cấp dành cho những người yêu thích sự hoàn hảo và độc đáo, với các chi tiết được chế tác tỉ mỉ và sự đổi mới trong công nghệ Tourbillon.</span></p>
<p>Đồng hồ sử dụng chất liệu thép không gỉ cao cấp cho cả vỏ và dây đeo, mang lại sự bền bỉ, chắc chắn và vẻ ngoài sáng bóng. Với thép, chiếc đồng hồ này có độ bền cao, chống mài mòn và dễ dàng bảo trì, đồng thời tạo cảm giác nhẹ nhàng và thoải mái khi đeo trên cổ tay.</p>
<p>Điểm nổi bật của chiếc đồng hồ này chính là bộ máy Tourbillon Extra-Thin – một trong những công nghệ cao cấp nhất trong ngành chế tác đồng hồ. Tourbillon giúp cải thiện độ chính xác của đồng hồ bằng cách chống lại tác động của lực hấp dẫn, trong khi phiên bản Extra-Thin mang lại một thiết kế mỏng nhẹ, góp phần vào sự tinh tế và sang trọng của chiếc đồng hồ. Bộ máy này không chỉ đảm bảo sự chính xác tuyệt vời mà còn là một tác phẩm nghệ thuật cơ khí.</p>
<p>Mặt số của chiếc đồng hồ được thiết kế với họa tiết Tapisserie đặc trưng, tạo nên một hiệu ứng thị giác độc đáo và tinh tế. Các chi tiết như kim giờ và kim phút được chế tác hoàn hảo, dễ dàng đọc thời gian mà không làm mất đi vẻ đẹp tổng thể của mặt số.</p>","","1","1","AUDEMARS PIGUET, AUDEMARS PIGUET > Royal Oak","https://theempire.vn/wp-content/uploads/2025/01/Dong-Ho-Audemars-Piguet-Royal-Oak-Tourbillon-Extra-Thin-26510ST.OO_.1220ST.01-41mm.png,https://theempire.vn/wp-content/uploads/2025/01/Audemars_Piguet_Royal_Oak_Tourbillon_Extra-Thin_41mm_26510ST.OO_.1220ST.01-removebg-preview.png","Thương hiệu","AUDEMARS PIGUET","1","1","Bộ sưu tập","Royal Oak","1","1"
"oak-tourbillon-extra-thin-26515or-oo-1220or-01","simple","Audemars Piguet Royal Oak Tourbillon Extra-Thin 41mm 26515OR.OO.1220OR.01","1","0","visible","Royal Oak Tourbillon Extra-Thin 26515OR.OO.1220OR.01 là biểu tượng hoàn hảo của Audemars Piguet về sự tinh tế và đẳng cấp trong ngành chế tác đồng hồ. Với vỏ và dây đeo làm từ vàng hồng 18k (Pink Gold), chiếc đồng hồ này kết hợp sự sang trọng vượt thời gian với kỹ thuật chế tác đỉnh cao. Kích thước 41mm mang đến sự hài hòa giữa vẻ đẹp mạnh mẽ và thanh thoát, phù hợp với những ai yêu thích sự sang trọng đầy tinh tế.","<p><span data-sheets-root=""1"">Royal Oak Tourbillon Extra-Thin 26515OR.OO.1220OR.01 là biểu tượng hoàn hảo của<a href=""https://theempire.vn/danh-muc/audemars-piguet/?shop_view=grid&amp;per_row=4""> Audemars Piguet</a> về sự tinh tế và đẳng cấp trong ngành chế tác đồng hồ. Với vỏ và dây đeo làm từ vàng hồng 18k (Pink Gold), chiếc đồng hồ này kết hợp sự sang trọng vượt thời gian với kỹ thuật chế tác đỉnh cao. Kích thước 41mm mang đến sự hài hòa giữa vẻ đẹp mạnh mẽ và thanh thoát, phù hợp với những ai yêu thích sự sang trọng đầy tinh tế.</span></p>
<p>Chất liệu vàng hồng 18k tạo nên một vẻ đẹp quyến rũ, ấm áp nhưng cũng rất hiện đại. Vỏ và dây đeo bằng vàng hồng không chỉ mang lại sự lấp lánh và sang trọng mà còn thể hiện sự quý phái và tinh tế trong từng chi tiết. Đặc biệt, vàng hồng 18k là chất liệu độc quyền của Audemars Piguet, giúp chiếc đồng hồ này trở thành một biểu tượng của đẳng cấp, dành riêng cho những người sành điệu và yêu thích sự hoàn hảo. Tourbillon, cơ chế nổi tiếng giúp cải thiện độ chính xác của đồng hồ bằng cách giảm thiểu tác động của trọng lực, được kết hợp với thiết kế siêu mỏng để tạo nên một chiếc đồng hồ cực kỳ thanh thoát và tinh xảo. Mặc dù mỏng, nhưng bộ máy vẫn đảm bảo hoạt động chính xác tuyệt đối, là một minh chứng cho sự khéo léo và tài năng của các nghệ nhân Audemars Piguet.</p>
<p>Royal Oak Tourbillon Extra-Thin 26515OR.OO.1220OR.01 là một chiếc đồng hồ thể hiện sự kết hợp tuyệt vời giữa sự tinh tế trong thiết kế và công nghệ chế tác hàng đầu. Với bộ máy Tourbillon Extra-Thin, chất liệu vàng hồng 18k sang trọng, và sự hoàn thiện tỉ mỉ, chiếc đồng hồ này xứng đáng là một phần không thể thiếu trong bộ sưu tập của những tín đồ đam mê đồng hồ cao cấp.</p>","","1","1","AUDEMARS PIGUET, AUDEMARS PIGUET > Royal Oak","https://theempire.vn/wp-content/uploads/2025/01/Dong-ho-Audemars-Piguet-Royal-Oak-Tourbillon-Extra-Thin-26515OR.OO_.1220OR.01-41mm.png,https://theempire.vn/wp-content/uploads/2025/01/Audemars_Piguet_Royal_Oak_Tourbillon_Extra-Thin_41mm_26515OR.OO_.1220OR.01__1_-removebg-preview.png","Thương hiệu","AUDEMARS PIGUET","1","1","Bộ sưu tập","Royal Oak","1","1"
"audemars-piguet-royal-oak-tourbillon-extra-thin-26521pt-yy-1220pt-01","simple","Audemars Piguet Royal Oak Tourbillon Extra-Thin 41mm 26521PT.YY.1220PT.01","1","0","visible","Royal Oak Tourbillon Extra-Thin 26521PT.YY.1220PT.01 là một tuyệt phẩm đẳng cấp, mang trong mình sự kết hợp hoàn hảo giữa chất liệu bạch kim (Platinum) cao cấp và kỹ thuật chế tác Tourbillon độc đáo, thể hiện đẳng cấp và sự tinh tế trong từng chi tiết. Đây là một trong những mẫu đồng hồ đặc biệt của Audemars Piguet, phù hợp cho những tín đồ yêu thích sự tinh xảo và sang trọng.","<p><span data-sheets-root=""1"">Royal Oak Tourbillon Extra-Thin 26521PT.YY.1220PT.01 là một tuyệt phẩm đẳng cấp, mang trong mình sự kết hợp hoàn hảo giữa chất liệu bạch kim (Platinum) cao cấp và kỹ thuật chế tác Tourbillon độc đáo, thể hiện đẳng cấp và sự tinh tế trong từng chi tiết. Đây là một trong những mẫu đồng hồ đặc biệt của <a href=""https://theempire.vn/danh-muc/audemars-piguet/?shop_view=grid&amp;per_row=4"">Audemars Piguet</a>, phù hợp cho những tín đồ yêu thích sự tinh xảo và sang trọng.</span></p>
<p>Vỏ và dây của chiếc đồng hồ này được chế tác từ bạch kim (Platinum) 18k, chất liệu quý hiếm và cao cấp nhất trong thế giới đồng hồ. Bạch kim không chỉ mang lại vẻ đẹp sang trọng mà còn đảm bảo độ bền vững, khả năng chống mài mòn và oxi hóa tốt, giữ được độ bóng lâu dài. Với kích thước 41mm, đồng hồ mang đến một diện mạo vừa vặn, không quá lớn nhưng đủ để gây ấn tượng. Đây là kích thước lý tưởng cho những người yêu thích sự cân đối, thanh thoát nhưng vẫn đầy mạnh mẽ.</p>
<p>Đồng hồ được trang bị bộ máy Tourbillon Extra-Thin tự động, giúp tăng cường độ chính xác tuyệt đối và giảm thiểu ảnh hưởng của trọng lực lên bộ máy. Sự kết hợp giữa cơ chế Tourbillon và độ mỏng của bộ máy làm cho chiếc đồng hồ này trở thành một sản phẩm đồng hồ siêu cao cấp. Mặt số của Audemars Piguet Royal Oak Tourbillon Extra-Thin được thiết kế theo phong cách Tapisserie đặc trưng của dòng Royal Oak.</p>","","1","1","AUDEMARS PIGUET, AUDEMARS PIGUET > Royal Oak","https://theempire.vn/wp-content/uploads/2025/01/Dong-Ho-Audemars-Piguet-Royal-Oak-Tourbillon-Extra-Thin-26521PT.YY_.1220PT.01-41mm.png,https://theempire.vn/wp-content/uploads/2025/01/Audemars_Piguet_Royal_Oak_Tourbillon_Extra-Thin_41mm_26521PT.YY_.1220PT.01-removebg-preview.png","Thương hiệu","AUDEMARS PIGUET","1","1","Bộ sưu tập","Royal Oak","1","1"
"audemars-piguet-royal-oak-tourbillon-extra-thin-26522ce-oo-1225ce-01","simple","Audemars Piguet Royal Oak Tourbillon Extra-Thin 41mm 26522CE.OO.1225CE.01","1","0","visible","Audemars Piguet tiếp tục chinh phục những tín đồ yêu thích sự tinh tế và đẳng cấp với mẫu Royal Oak Tourbillon Extra-Thin 26522CE.OO.1225CE.01. Được chế tác với kích thước 41mm, chiếc đồng hồ này mang đến vẻ đẹp hoàn hảo, kết hợp giữa thiết kế hiện đại, bộ máy phức tạp và chất liệu thép không gỉ cao cấp. Đây là một tuyệt phẩm đồng hồ dành cho những ai trân trọng sự hoàn hảo trong từng chi tiết.","<p><span data-sheets-root=""1""><a href=""https://theempire.vn/danh-muc/audemars-piguet/?shop_view=grid&amp;per_row=4"">Audemars Piguet</a> tiếp tục chinh phục những tín đồ yêu thích sự tinh tế và đẳng cấp với mẫu Royal Oak Tourbillon Extra-Thin 26522CE.OO.1225CE.01. Được chế tác với kích thước 41mm, chiếc đồng hồ này mang đến vẻ đẹp hoàn hảo, kết hợp giữa thiết kế hiện đại, bộ máy phức tạp và chất liệu thép không gỉ cao cấp. Đây là một tuyệt phẩm đồng hồ dành cho những ai trân trọng sự hoàn hảo trong từng chi tiết.</span></p>
<p>Một trong những điểm đặc biệt nhất của chiếc đồng hồ này chính là bộ máy Tourbillon Extra-Thin, một trong những cơ chế phức tạp và chính xác nhất trong ngành chế tác đồng hồ. Tourbillon giúp giảm thiểu sự ảnh hưởng của trọng lực lên độ chính xác của đồng hồ, đồng thời, thiết kế Extra-Thin mang đến sự mỏng nhẹ tuyệt vời mà không ảnh hưởng đến hiệu suất và độ bền của bộ máy. Đây chính là minh chứng cho tài năng và sự khéo léo trong công nghệ chế tác của Audemars Piguet.</p>
<p>Royal Oak Tourbillon Extra-Thin 26522CE.OO.1225CE.01 không chỉ sở hữu thiết kế bắt mắt mà còn có những tính năng tuyệt vời, với bộ máy Automatic mang lại sự chính xác tối ưu và khả năng tự động lên dây cót khi đeo. Chất liệu thép không gỉ (Steel) mang đến độ bền bỉ và khả năng chống nước, giúp chiếc đồng hồ hoạt động ổn định trong mọi điều kiện.</p>","","1","1","AUDEMARS PIGUET, AUDEMARS PIGUET > Royal Oak","https://theempire.vn/wp-content/uploads/2025/01/Dong-Ho-Audemars-Piguet-Royal-Oak-Tourbillon-Extra-Thin-26522CE.OO_.1225CE.01-41mm.png,https://theempire.vn/wp-content/uploads/2025/01/Audemars_Piguet_Royal_Oak_Tourbillon_Extra-Thin_41mm_26522CE.OO_.1225CE.01-removebg-preview.png","Thương hiệu","AUDEMARS PIGUET","1","1","Bộ sưu tập","Royal Oak","1","1"
"audemars-piguet-royal-oak-tourbillon-extra-thin-26522st-oo-1220st-01","simple","Audemars Piguet Royal Oak Tourbillon Extra-Thin 41mm 26522ST.OO.1220ST.01","1","0","visible","Dòng Royal Oak của Audemars Piguet tiếp tục khẳng định vị thế của mình trong thế giới đồng hồ cao cấp với mẫu Royal Oak Tourbillon Extra-Thin 26522ST.OO.1220ST.01. Đây là một tuyệt phẩm đỉnh cao kết hợp giữa sự tinh xảo trong chế tác và công nghệ tiên tiến, mang đến một chiếc đồng hồ vừa thanh thoát, vừa mạnh mẽ, phù hợp cho những ai yêu thích sự hoàn hảo và độc đáo.","<p><span data-sheets-root=""1"">Dòng Royal Oak của <a href=""https://theempire.vn/danh-muc/audemars-piguet/?shop_view=grid&amp;per_row=4"">Audemars Piguet</a> tiếp tục khẳng định vị thế của mình trong thế giới đồng hồ cao cấp với mẫu Royal Oak Tourbillon Extra-Thin 26522ST.OO.1220ST.01. Đây là một tuyệt phẩm đỉnh cao kết hợp giữa sự tinh xảo trong chế tác và công nghệ tiên tiến, mang đến một chiếc đồng hồ vừa thanh thoát, vừa mạnh mẽ, phù hợp cho những ai yêu thích sự hoàn hảo và độc đáo.</span></p>
<p>Điểm nổi bật của 26522ST.OO.1220ST.01 chính là bộ máy Tourbillon Extra-Thin siêu mỏng, là một trong những cơ chế phức tạp và tinh xảo nhất trong ngành chế tác đồng hồ. Tourbillon giúp giảm thiểu sự ảnh hưởng của trọng lực lên bộ máy, đảm bảo độ chính xác tuyệt đối. Với thiết kế mỏng manh và tỉ mỉ, bộ máy này không chỉ mang đến sự hoàn hảo trong vận hành mà còn là một tác phẩm nghệ thuật về kỹ thuật.</p>
<p>Royal Oak Tourbillon Extra-Thin 26522ST.OO.1220ST.01 là sự kết hợp hoàn hảo giữa sự sáng tạo không giới hạn của các nghệ nhân đồng hồ và tính năng Tourbillon siêu chính xác. Với chất liệu thép không gỉ (Steel) bền bỉ, kích thước 41mm lý tưởng và thiết kế tối giản nhưng đầy đẳng cấp, chiếc đồng hồ này không chỉ là một công cụ đo thời gian mà còn là một món trang sức thể hiện phong cách sống và đẳng cấp của người sở hữu.</p>","","1","1","AUDEMARS PIGUET, AUDEMARS PIGUET > Royal Oak","https://theempire.vn/wp-content/uploads/2025/01/Dong-Ho-Audemars-Piguet-Royal-Oak-Selfwinding-Flying-Tourbillon-Extra-Thin-26660ST.OO_.1356ST.02-1.png,https://theempire.vn/wp-content/uploads/2025/01/Audemars_Piguet_Royal_Oak_Tourbillon_Extra-Thin_41mm_26522ST.OO_.1220ST.01-removebg-preview.png","Thương hiệu","AUDEMARS PIGUET","1","1","Bộ sưu tập","Royal Oak","1","1"
"audemars-piguet-royal-oak-tourbillon-extra-thin-26522ti-oo-1220ti-01","simple","Audemars Piguet Royal Oak Tourbillon Extra-Thin 41mm 26522TI.OO.1220TI.01","1","0","visible","Royal Oak Tourbillon Extra-Thin 26522TI.OO.1220TI.01 là một kiệt tác đồng hồ của Audemars Piguet mang đến sự kết hợp hoàn hảo giữa công nghệ chế tác tinh xảo và thiết kế thể thao hiện đại. Được chế tác từ titanium, chiếc đồng hồ này không chỉ gây ấn tượng về mặt thẩm mỹ mà còn cung cấp sự bền bỉ và nhẹ nhàng khi đeo. Đây là một lựa chọn lý tưởng cho những ai tìm kiếm sự thanh thoát nhưng vẫn đậm chất thể thao và cao cấp.","<p><span data-sheets-root=""1"">Royal Oak Tourbillon Extra-Thin 26522TI.OO.1220TI.01 là một kiệt tác đồng hồ của <a href=""https://theempire.vn/danh-muc/audemars-piguet/?shop_view=grid&amp;per_row=4"">Audemars Piguet</a> mang đến sự kết hợp hoàn hảo giữa công nghệ chế tác tinh xảo và thiết kế thể thao hiện đại. Được chế tác từ titanium, chiếc đồng hồ này không chỉ gây ấn tượng về mặt thẩm mỹ mà còn cung cấp sự bền bỉ và nhẹ nhàng khi đeo. Đây là một lựa chọn lý tưởng cho những ai tìm kiếm sự thanh thoát nhưng vẫn đậm chất thể thao và cao cấp.</span></p>
<p>Mẫu đồng hồ này được trang bị bộ máy Tourbillon, một trong những cơ chế phức tạp nhất trong ngành chế tác đồng hồ. Bộ máy Tourbillon giúp cải thiện độ chính xác của đồng hồ bằng cách làm giảm tác động của trọng lực lên bộ máy, mang đến khả năng hoạt động cực kỳ chính xác và ổn định.</p>
<p><span data-sheets-root=""1"">Royal Oak Tourbillon Extra-Thin 26522TI.OO.1220TI.01 là một sự kết hợp hoàn hảo giữa kỹ thuật chế tác phức tạp và thiết kế hiện đại. Với chất liệu Titanium, bộ máy Tourbillon, cùng với thiết kế tối giản và sang trọng, chiếc đồng hồ này không chỉ là một công cụ đo thời gian mà còn là một biểu tượng của sự sang trọng, tinh tế và đẳng cấp. Đây chắc chắn là lựa chọn lý tưởng cho những tín đồ yêu thích sự khác biệt và tinh tế trong từng chi tiết.</span></p>","","1","1","AUDEMARS PIGUET, AUDEMARS PIGUET > Royal Oak","https://theempire.vn/wp-content/uploads/2025/01/Audemars_Piguet_Royal_Oak_Tourbillon_Extra-Thin_41mm_26522TI.OO_.1220TI.01-removebg-preview.png,https://theempire.vn/wp-content/uploads/2025/01/Audemars_Piguet_Royal_Oak_Tourbillon_Extra-Thin_41mm_26522TI.OO_.1220TI.01__1_-removebg-preview.png","Thương hiệu","AUDEMARS PIGUET","1","1","Bộ sưu tập","Royal Oak","1","1"
"audemars-piguet-royal-oak-selfwinding-15154bc-zz-d004cu-01","simple","Audemars Piguet Royal Oak Tuxedo 39mm 15154BC.ZZ.D004CU.01","1","0","visible","Royal Oak Selfwinding 15154BC.ZZ.D004CU.01 là một tác phẩm nghệ thuật mang đến sự kết hợp hoàn hảo giữa vàng trắng sang trọng và da bóng đen đẳng cấp, thể hiện sự tinh tế và phong cách vượt thời gian của dòng Royal Oak nổi tiếng của Audemars Piguet.","<p><span data-sheets-root=""1"">Royal Oak Selfwinding 15154BC.ZZ.D004CU.01 là một tác phẩm nghệ thuật mang đến sự kết hợp hoàn hảo giữa vàng trắng sang trọng và da bóng đen đẳng cấp, thể hiện sự tinh tế và phong cách vượt thời gian của dòng Royal Oak nổi tiếng của <a href=""https://theempire.vn/danh-muc/audemars-piguet/?shop_view=grid&amp;per_row=4"">Audemars Piguet</a>.</span></p>
<p>Vỏ của đồng hồ được chế tác từ vàng trắng 18k, tạo nên vẻ đẹp thanh lịch và quý phái, dễ dàng thu hút ánh nhìn. Vàng trắng không chỉ có độ bền cao mà còn mang lại sự sang trọng, dễ dàng kết hợp với mọi phong cách thời trang.</p>
<p>Royal Oak Selfwinding 15154BC.ZZ.D004CU.01 là lựa chọn lý tưởng cho những ai yêu thích sự kết hợp giữa sự sang trọng tinh tế và khả năng vận hành xuất sắc. Với vàng trắng 18k và dây đeo da bóng đen, chiếc đồng hồ này không chỉ là một công cụ đo thời gian mà còn là một biểu tượng của đẳng cấp và phong cách sống hiện đại.</p>","","1","1","AUDEMARS PIGUET, AUDEMARS PIGUET > Royal Oak","https://theempire.vn/wp-content/uploads/2025/01/Dong-Ho-Audemars-Piguet-Royal-Oak-Tuxedo-15154BC.ZZ_.D004CU.01-39mm.png,https://theempire.vn/wp-content/uploads/2025/01/Audemars_Piguet_Royal_Oak_Tuxedo_39mm_15154BC.ZZ_.D004CU.01__2_-removebg-preview.png","Thương hiệu","AUDEMARS PIGUET","1","1","Bộ sưu tập","Royal Oak","1","1"
"audemars-piguet-royal-oak-selfwinding-chronograph-26715bc-zz-1356bc-01-2","simple","Audemars Piguet Royal OakSelfwinding Chronograph 38mm 26319OR.AY.1256OR.01","1","0","visible","Royal Oak Selfwinding Chronograph 26319OR.AY.1256OR.01 là một trong những mẫu đồng hồ cao cấp, đậm chất nghệ thuật và sự tinh tế mà thương hiệu Audemars Piguet mang đến cho giới yêu thích đồng hồ. Thiết kế của chiếc đồng hồ này là sự kết hợp hoàn hảo giữa vàng trắng 18k sang trọng và bộ máy tự động đỉnh cao, mang lại vẻ đẹp tuyệt vời cùng sự chính xác vượt trội.","<p><span data-sheets-root=""1"">Royal Oak Selfwinding Chronograph 26319OR.AY.1256OR.01 là một trong những mẫu đồng hồ cao cấp, đậm chất nghệ thuật và sự tinh tế mà thương hiệu <a href=""https://theempire.vn/danh-muc/audemars-piguet/?shop_view=grid&amp;per_row=4"">Audemars Piguet</a> mang đến cho giới yêu thích đồng hồ. Thiết kế của chiếc đồng hồ này là sự kết hợp hoàn hảo giữa vàng trắng 18k sang trọng và bộ máy tự động đỉnh cao, mang lại vẻ đẹp tuyệt vời cùng sự chính xác vượt trội.<br>
</span></p>
<p><span data-sheets-root=""1"">Mặt số của chiếc đồng hồ nổi bật với kiểu Tapisserie đặc trưng của dòng Royal Oak, mang đến vẻ đẹp tinh tế và độc đáo. Các cửa sổ phụ ở các vị trí 3 giờ, 6 giờ và 9 giờ cho phép người đeo dễ dàng theo dõi chức năng chronograph, trong khi các kim giờ, phút và giây được thiết kế tối giản nhưng dễ nhìn, giúp người dùng dễ dàng đọc giờ trong mọi hoàn cảnh.</span></p>
<p>Royal Oak Selfwinding Chronograph 26319OR.AY.1256OR.01 là một lựa chọn hoàn hảo cho những ai yêu thích sự kết hợp giữa vẻ đẹp thanh lịch và tính năng cao cấp. Với chất liệu vàng trắng 18k và bộ máy automatic mạnh mẽ, chiếc đồng hồ này không chỉ là công cụ đo thời gian chính xác mà còn là một món trang sức thể hiện đẳng cấp và phong cách của người sử dụng.</p>","","1","1","AUDEMARS PIGUET, AUDEMARS PIGUET > Royal Oak","https://theempire.vn/wp-content/uploads/2025/01/Dong-Ho-Audemars-Piguet-Royal-OakSelfwinding-Chronograph-26319OR.AY_.1256OR.01.png,https://theempire.vn/wp-content/uploads/2025/01/Audemars_Piguet_Royal_OakSelfwinding_Chronograph_38mm_26319OR.AY_.1256OR.01-removebg-preview.png","Thương hiệu","AUDEMARS PIGUET","1","1","Bộ sưu tập","Royal Oak","1","1"
"audemars-piguet-selfwinding-chronograph-code-11-59-26393nr-oo-a002kb-02-2","simple","Audemars Piguet Selfwinding Chronograph Code 11.59 26393NR.OO.A002KB.02","1","0","visible","Audemars Piguet Code 11.59 Selfwinding Chronograph 26393NR là một trong những phiên bản hiện đại và mang tính kỹ thuật nhất, thể hiện sự làm chủ hoàn toàn về vật liệu của AP. Chiếc đồng hồ sở hữu bộ vỏ đa tầng cực kỳ phức tạp với vành bezel, càng nối dây và nắp lưng bằng Vàng hồng 18k, kẹp giữa là phần thân hình bát giác bằng Ceramic đen được hoàn thiện thủ công với độ tỉ mỉ tương đương kim loại quý. Điểm nhấn thị giác nằm ở mặt số Sơn mài đen (Black Lacquer) bóng bẩy, làm nền cho các thang đo Chronograph bằng vàng hồng, tạo nên một diện mạo mạnh mẽ, tương phản và đậm chất ""hi-tech luxury"".","<p data-path-to-node=""5""><b data-path-to-node=""5"" data-index-in-node=""0""><a href=""https://theempire.vn/danh-muc/audemars-piguet/"">Audemars Piguet</a> Code 11.59 Selfwinding Chronograph 26393NR</b> là một trong những phiên bản hiện đại và mang tính kỹ thuật nhất, thể hiện sự làm chủ hoàn toàn về vật liệu của AP. Chiếc đồng hồ sở hữu bộ vỏ đa tầng cực kỳ phức tạp với vành bezel, càng nối dây và nắp lưng bằng <b data-path-to-node=""5"" data-index-in-node=""272"">Vàng hồng 18k</b>, kẹp giữa là phần thân hình bát giác bằng <b data-path-to-node=""5"" data-index-in-node=""328"">Ceramic đen</b> được hoàn thiện thủ công với độ tỉ mỉ tương đương kim loại quý. Điểm nhấn thị giác nằm ở mặt số <b data-path-to-node=""5"" data-index-in-node=""436"">Sơn mài đen (Black Lacquer)</b> bóng bẩy, làm nền cho các thang đo Chronograph bằng vàng hồng, tạo nên một diện mạo mạnh mẽ, tương phản và đậm chất “hi-tech luxury”.</p>
<p data-path-to-node=""6"">Trải nghiệm trên cổ tay là sự tận hưởng cảm giác cơ khí đỉnh cao từ bộ máy <b data-path-to-node=""6"" data-index-in-node=""75"">Calibre 4401</b> – bộ máy Chronograph tích hợp “in-house” hoàn toàn của AP. Tính năng <b data-path-to-node=""6"" data-index-in-node=""157"">Flyback</b> cho phép người dùng đặt lại chức năng bấm giờ mà không cần dừng lại, mang đến sự tiện dụng tối đa trong các phép đo thời gian liên tiếp. Dưới lớp kính sapphire vòm kép, mặt số đen sâu thẳm phối hợp cùng vỏ Ceramic tạo nên một hiệu ứng bóng bẩy, chống trầy xước tuyệt đối cho phần thân máy. Đi kèm dây đeo vải bọc cao su đen năng động, 26393NR không chỉ là một thiết bị đo thời gian chính xác mà còn là biểu tượng của sự cách tân, dành cho những nhà sưu tầm yêu thích vẻ đẹp nam tính, quyền lực và sự pha trộn giữa thủ công truyền thống với vật liệu tương lai.</p>","1060000000","1","1","AUDEMARS PIGUET, AUDEMARS PIGUET > Code 11:59","https://theempire.vn/wp-content/uploads/2026/01/Audemars-Piguet-Selfwinding-Chronograph-Code-11.59-26393NR.OO_.A002KB.02.png","Thương hiệu","AUDEMARS PIGUET","1","1","Bộ sưu tập","Code 11:59","1","1"
"audemars-piguet-selfwinding-chronograph-code-11-59-26393or-oo-a056kb-01-2","simple","Audemars Piguet Selfwinding Chronograph Code 11.59 26393OR.OO.A056KB.01","1","0","visible","Audemars Piguet Code 11.59 Selfwinding Chronograph 26393OR.01 phiên bản mặt số xanh lá là sự kết hợp táo bạo, mang tính biểu tượng cho xu hướng ""Sport-Luxury"" hiện đại. Điểm nhấn đắt giá nhất chính là mặt số được trang trí bằng họa tiết dập nổi (Embossed) mới, tạo nên bởi hàng ngàn rãnh nhỏ đồng tâm tỏa ra từ tâm mặt số. Sắc xanh lục chuyển màu (Smoked Green) từ tươi sáng ở trung tâm sang thâm trầm ở phần rìa không chỉ mang lại hiệu ứng thị giác đa chiều mà còn tạo nên một sự cộng hưởng hoàn mỹ với vẻ ấm áp, vương giả của bộ vỏ Vàng hồng 18k.","<p data-path-to-node=""5""><b data-path-to-node=""5"" data-index-in-node=""0""><a href=""https://theempire.vn/danh-muc/audemars-piguet/"">Audemars Piguet</a> Code 11.59 Selfwinding Chronograph 26393OR.01</b> phiên bản mặt số xanh lá là sự kết hợp táo bạo, mang tính biểu tượng cho xu hướng “Sport-Luxury” hiện đại. Điểm nhấn đắt giá nhất chính là mặt số được trang trí bằng <b data-path-to-node=""5"" data-index-in-node=""228"">họa tiết dập nổi (Embossed)</b> mới, tạo nên bởi hàng ngàn rãnh nhỏ đồng tâm tỏa ra từ tâm mặt số. Sắc xanh lục chuyển màu (Smoked Green) từ tươi sáng ở trung tâm sang thâm trầm ở phần rìa không chỉ mang lại hiệu ứng thị giác đa chiều mà còn tạo nên một sự cộng hưởng hoàn mỹ với vẻ ấm áp, vương giả của bộ vỏ <b data-path-to-node=""5"" data-index-in-node=""534"">Vàng hồng 18k</b>.</p>
<p data-path-to-node=""6"">Trải nghiệm trên cổ tay là sự tận hưởng cảm giác của một cỗ máy đo thời gian đỉnh cao. Trái tim của đồng hồ là bộ máy <b data-path-to-node=""6"" data-index-in-node=""118"">Calibre 4401</b>, cho phép người dùng quan sát trọn vẹn bánh xe cột (column wheel) và các cầu máy được hoàn thiện thủ công qua nắp lưng sapphire. Dưới lớp kính sapphire vòm kép đặc trưng, sự tương phản giữa các mặt số phụ màu xanh lá và bộ kim vàng hồng tạo nên một tổng thể vừa mạnh mẽ, vừa thanh lịch. Với dây đeo vải bọc cao su màu xanh lá đồng điệu, phiên bản 26393OR này không chỉ là một chiếc Chronograph xa xỉ mà còn là một tuyên ngôn về cá tính, dành cho những nhà sưu tầm muốn phá vỡ các quy tắc truyền thống để khẳng định vị thế riêng biệt.</p>","1080000000","1","1","AUDEMARS PIGUET, AUDEMARS PIGUET > Code 11:59","https://theempire.vn/wp-content/uploads/2026/01/Audemars-Piguet-Selfwinding-Chronograph-Code-11.59-26393OR.OO_.A056KB.01.png","Thương hiệu","AUDEMARS PIGUET","1","1","Bộ sưu tập","Code 11:59","1","1"
"audemars-piguet-selfwinding-chronograph-code-11-59-26393or-oo-a348kb-01-2","simple","Audemars Piguet Selfwinding Chronograph Code 11.59 26393OR.OO.A348KB.01","1","0","visible","Audemars Piguet Code 11.59 Selfwinding Chronograph 26393OR.01 là phiên bản kết hợp giữa tính năng bấm giờ thể thao mạnh mẽ và ngôn ngữ thiết kế mặt số thế hệ mới của AP. Điểm nhấn đột phá nhất chính là mặt số được trang trí bằng họa tiết dập nổi (Embossed) với các rãnh đồng tâm lan tỏa, tạo nên một hiệu ứng thị giác đa chiều cực kỳ sống động. Sắc xanh dương chuyển màu (Smoked Blue) trên nền họa tiết này không chỉ làm nổi bật bộ vỏ Vàng hồng 18k rực rỡ mà còn thổi vào chiếc đồng hồ một luồng gió trẻ trung, hiện đại, xóa tan định kiến về những dòng Chronograph vàng khối truyền thống vốn thường bị coi là già dặn.","<p data-path-to-node=""5""><b data-path-to-node=""5"" data-index-in-node=""0""><a href=""https://theempire.vn/danh-muc/audemars-piguet/"">Audemars Piguet</a> Code 11.59 Selfwinding Chronograph 26393OR.01</b> là phiên bản kết hợp giữa tính năng bấm giờ thể thao mạnh mẽ và ngôn ngữ thiết kế mặt số thế hệ mới của AP. Điểm nhấn đột phá nhất chính là mặt số được trang trí bằng <b data-path-to-node=""5"" data-index-in-node=""229"">họa tiết dập nổi (Embossed)</b> với các rãnh đồng tâm lan tỏa, tạo nên một hiệu ứng thị giác đa chiều cực kỳ sống động. Sắc xanh dương chuyển màu (Smoked Blue) trên nền họa tiết này không chỉ làm nổi bật bộ vỏ <b data-path-to-node=""5"" data-index-in-node=""435"">Vàng hồng 18k</b> rực rỡ mà còn thổi vào chiếc đồng hồ một luồng gió trẻ trung, hiện đại, xóa tan định kiến về những dòng Chronograph vàng khối truyền thống vốn thường bị coi là già dặn.</p>
<p data-path-to-node=""6"">Trải nghiệm trên cổ tay là sự làm chủ hoàn toàn của cỗ máy <b data-path-to-node=""6"" data-index-in-node=""59"">Calibre 4401</b> – bộ máy Chronograph tích hợp “in-house” tinh xảo nhất của AP hiện nay. Dưới lớp kính sapphire vòm kép đặc trưng, sự tương phản giữa các mặt số phụ (sub-dial) và nền xanh dập nổi tạo nên một bức tranh cơ khí đầy lôi cuốn. Tính năng <b data-path-to-node=""6"" data-index-in-node=""304"">Flyback</b> cho phép thực hiện các phép đo thời gian liên tiếp một cách mượt mà chỉ với một lần nhấn. Việc phối cùng dây đeo vải bọc cao su màu xanh dương đồng điệu không chỉ mang lại sự thoải mái tối đa mà còn khẳng định phong cách sống năng động của người sở hữu – một quý ông hiện đại, trân trọng kỹ nghệ thủ công nhưng luôn hướng về tương lai.</p>","1060000000","1","1","AUDEMARS PIGUET, AUDEMARS PIGUET > Code 11:59","https://theempire.vn/wp-content/uploads/2026/01/Audemars-Piguet-Selfwinding-Chronograph-Code-11.59-26393OR.OO_.A348KB.01.png","Thương hiệu","AUDEMARS PIGUET","1","1","Bộ sưu tập","Code 11:59","1","1"
"audemars-piguet-selfwinding-code-11-59-15210or-oo-a056kb-01","simple","Audemars Piguet Selfwinding Code 11.59 15210OR.OO.A056KB.01","1","0","visible","Audemars Piguet Code 11.59 Selfwinding 15210OR.01 phiên bản mặt số xanh lá là một sự kết hợp đầy nghệ thuật, mang đến hơi thở thiên nhiên vào trong bộ vỏ vàng khối vương giả. Điểm nhấn đột phá của phiên bản này chính là mặt số được trang trí bằng họa tiết dập nổi (Embossed) mới nhất của dòng Code, với các rãnh đồng tâm lan tỏa tạo nên hiệu ứng bắt sáng như những gợn sóng. Sắc xanh lá chuyển màu (Smoked Green) từ tươi sáng ở tâm sang thâm trầm ở rìa mặt số không chỉ mang lại vẻ đẹp hiện đại, trẻ trung mà còn cực kỳ thời thượng, dẫn đầu xu hướng màu sắc trong thế giới Haute Horlogerie.","<p data-path-to-node=""5""><b data-path-to-node=""5"" data-index-in-node=""0""><a href=""https://theempire.vn/danh-muc/audemars-piguet/"">Audemars Piguet</a> Code 11.59 Selfwinding 15210OR.01</b> phiên bản mặt số xanh lá là một sự kết hợp đầy nghệ thuật, mang đến hơi thở thiên nhiên vào trong bộ vỏ vàng khối vương giả. Điểm nhấn đột phá của phiên bản này chính là mặt số được trang trí bằng <b data-path-to-node=""5"" data-index-in-node=""247"">họa tiết dập nổi (Embossed)</b> mới nhất của dòng Code, với các rãnh đồng tâm lan tỏa tạo nên hiệu ứng bắt sáng như những gợn sóng. Sắc xanh lá chuyển màu (Smoked Green) từ tươi sáng ở tâm sang thâm trầm ở rìa mặt số không chỉ mang lại vẻ đẹp hiện đại, trẻ trung mà còn cực kỳ thời thượng, dẫn đầu xu hướng màu sắc trong thế giới Haute Horlogerie.</p>
<p data-path-to-node=""6"">Trải nghiệm trên cổ tay là sự hòa quyện giữa tính biểu tượng và sự năng động. Dưới lớp kính sapphire vòm kép đặc trưng, sự tương phản giữa các chi tiết bằng vàng hồng và nền xanh lá tạo nên một sức hút khó cưỡng, mang lại chiều sâu thị giác tuyệt vời. Bên trong là bộ máy <b data-path-to-node=""6"" data-index-in-node=""272"">Calibre 4302</b> bền bỉ với khả năng dự trữ năng lượng 70 giờ, một cỗ máy đã chứng minh được sự ổn định và chính xác vượt trội. Việc phối cùng dây đeo vải bọc cao su màu xanh lá đồng điệu giúp chiếc đồng hồ rũ bỏ vẻ cứng nhắc, trở thành món phụ kiện “Sport-Luxury” hoàn hảo cho những nhà sưu tầm muốn khẳng định cá tính riêng và sự tự tin trên con đường chinh phục những giá trị mới.</p>","810000000","1","1","AUDEMARS PIGUET, AUDEMARS PIGUET > Code 11:59","https://theempire.vn/wp-content/uploads/2026/01/Audemars-Piguet-Selfwinding-Code-11.59-15210OR.OO_.A056KB.01.png","Thương hiệu","AUDEMARS PIGUET","1","1","Bộ sưu tập","Code 11:59","1","1"
"audemars-piguet-selfwinding-code-11-59-15210or-oo-a348kb-01-2","simple","Audemars Piguet Selfwinding Code 11.59 15210OR.OO.A348KB.01","1","0","visible","Audemars Piguet Code 11.59 Selfwinding 15210OR.01 phiên bản mặt số dập nổi là sự kết hợp táo bạo giữa chất liệu vàng hồng truyền thống và ngôn ngữ thiết kế tương lai. Điểm nhấn mang tính đột phá của mẫu này chính là mặt số được trang trí bằng họa tiết dập nổi (Embossed) mới, tạo nên bởi các rãnh đồng tâm lan tỏa từ tâm mặt số, tạo hiệu ứng thị giác đa chiều độc đáo. Sắc xanh dương chuyển màu (Smoked Blue) trên nền họa tiết này giúp chiếc đồng hồ trở nên cực kỳ hiện đại, rũ bỏ hoàn toàn vẻ ngoài cứng nhắc để hướng tới phong cách năng động, thời thượng của những nhà sưu tầm trẻ.","<p data-path-to-node=""5""><b data-path-to-node=""5"" data-index-in-node=""0""><a href=""https://theempire.vn/danh-muc/audemars-piguet/"">Audemars Piguet</a> Code 11.59 Selfwinding 15210OR.01</b> phiên bản mặt số dập nổi là sự kết hợp táo bạo giữa chất liệu vàng hồng truyền thống và ngôn ngữ thiết kế tương lai. Điểm nhấn mang tính đột phá của mẫu này chính là mặt số được trang trí bằng <b data-path-to-node=""5"" data-index-in-node=""243"">họa tiết dập nổi (Embossed)</b> mới, tạo nên bởi các rãnh đồng tâm lan tỏa từ tâm mặt số, tạo hiệu ứng thị giác đa chiều độc đáo. Sắc xanh dương chuyển màu (Smoked Blue) trên nền họa tiết này giúp chiếc đồng hồ trở nên cực kỳ hiện đại, rũ bỏ hoàn toàn vẻ ngoài cứng nhắc để hướng tới phong cách năng động, thời thượng của những nhà sưu tầm trẻ.</p>
<p data-path-to-node=""6"">Trải nghiệm trên cổ tay là sự tận hưởng cảm giác thể thao sang trọng (Sport-Luxury) đỉnh cao. Dưới lớp kính sapphire vòm kép đặc trưng, các chi tiết kim và cọc số bằng vàng hồng nổi bật rực rỡ, phản chiếu ánh sáng tinh tế theo từng cử động. Việc phối cùng dây đeo vải bọc cao su màu xanh dương không chỉ giúp chiếc đồng hồ trở nên bền bỉ, thoải mái trong các hoạt động hằng ngày mà còn làm tôn lên vẻ đẹp mạnh mẽ của bộ vỏ đa tầng phức tạp. Bên trong là bộ máy <b data-path-to-node=""6"" data-index-in-node=""461"">Calibre 4302</b> bền bỉ với 70 giờ dự trữ năng lượng, đảm bảo độ chính xác tuyệt đối. 15210OR.01 là tuyên ngôn về một phong cách sống mới: nơi giá trị vàng khối trường tồn được làm mới bởi những sáng tạo mang hơi thở của thời đại.</p>","849000000","1","1","AUDEMARS PIGUET, AUDEMARS PIGUET > Code 11:59","https://theempire.vn/wp-content/uploads/2026/01/Audemars-Piguet-Selfwinding-Code-11.59-15210OR.OO_.A348KB.01.png","Thương hiệu","AUDEMARS PIGUET","1","1","Bộ sưu tập","Code 11:59","1","1"
"audemars-piguet-selfwinding-code-11-59-77410or-oo-a342cr-01-2","simple","Audemars Piguet Selfwinding Code 11.59 77410OR.OO.A342CR.01","1","0","visible","Audemars Piguet Code 11.59 Selfwinding 77410OR.01 phiên bản mặt số tím là một trong những thiết kế táo bạo và rực rỡ nhất trong dải kích thước 38mm. Sự kết hợp giữa bộ vỏ Vàng hồng 18k ấm áp và mặt số Sơn mài màu tím (Purple Lacquer) tạo nên một sức hút thị giác mãnh liệt. Với hiệu ứng chuyển màu (Smoked), sắc tím rực rỡ ở tâm điểm dần trở nên đậm đà, huyền bí hơn ở phần rìa, mang lại một diện mạo đầy mê hoặc, vừa mang nét vương giả cổ điển vừa đậm chất thời trang đương đại.","<p data-path-to-node=""5""><b data-path-to-node=""5"" data-index-in-node=""0""><a href=""https://theempire.vn/danh-muc/audemars-piguet/"">Audemars Piguet</a> Code 11.59 Selfwinding 77410OR.01</b> phiên bản mặt số tím là một trong những thiết kế táo bạo và rực rỡ nhất trong dải kích thước 38mm. Sự kết hợp giữa bộ vỏ <b data-path-to-node=""5"" data-index-in-node=""171"">Vàng hồng 18k</b> ấm áp và mặt số <b data-path-to-node=""5"" data-index-in-node=""201"">Sơn mài màu tím (Purple Lacquer)</b> tạo nên một sức hút thị giác mãnh liệt. Với hiệu ứng chuyển màu (Smoked), sắc tím rực rỡ ở tâm điểm dần trở nên đậm đà, huyền bí hơn ở phần rìa, mang lại một diện mạo đầy mê hoặc, vừa mang nét vương giả cổ điển vừa đậm chất thời trang đương đại.</p>
<p data-path-to-node=""6"">Trải nghiệm trên cổ tay là sự tận hưởng một “bản giao hưởng” màu sắc độc đáo. Dưới lớp kính sapphire vòm kép đặc trưng, mặt số sơn mài tím bóng bẩy làm nổi bật các cọc số và bộ kim bằng vàng hồng, tạo nên những hiệu ứng ánh sáng lung linh theo từng chuyển động của cổ tay. Bên trong là bộ máy tự động thế hệ mới <b data-path-to-node=""6"" data-index-in-node=""312"">Calibre 5900</b> mỏng nhẹ nhưng mạnh mẽ, với tần số dao động 4Hz và khả năng dự trữ năng lượng 60 giờ. Đi kèm với dây da cá sấu màu tím đồng điệu, mẫu 77410OR này không chỉ là một cỗ máy thời gian mà còn là một tuyên ngôn phong cách cá nhân mạnh mẽ, dành cho những người phụ nữ quyền lực hoặc những nhà sưu tầm yêu thích sự phá cách, độc bản trong thế giới xa xỉ.</p>","820000000","1","1","AUDEMARS PIGUET, AUDEMARS PIGUET > Code 11:59","https://theempire.vn/wp-content/uploads/2026/01/Audemars-Piguet-Selfwinding-Code-11.59-77410OR.OO_.A342CR.01.png","Thương hiệu","AUDEMARS PIGUET","1","1","Bộ sưu tập","Code 11:59","1","1"
"audemars-piguet-selfwinding-code-11-59-77410or-oo-a344cr-01-2","simple","Audemars Piguet Selfwinding Code 11.59 77410OR.OO.A344CR.01","1","0","visible","Audemars Piguet Code 11.59 Selfwinding 77410OR.01 phiên bản 38mm là sự kết hợp đầy mê hoặc giữa sắc thái ấm áp của Vàng hồng 18k và vẻ sâu thẳm của mặt số Sơn mài xanh dương (Blue Lacquer). Với kích thước được tinh chỉnh gọn gàng hơn, mẫu đồng hồ này là lời giải hoàn hảo cho những quý chủ nhân tìm kiếm sự sang trọng truyền thống trong một diện mạo đương đại. Mặt số xanh dương được hoàn thiện với hiệu ứng chuyển màu (Smoked), tạo nên một dải sắc độ từ xanh rực rỡ ở trung tâm đến xanh đen huyền bí ở rìa, mang lại chiều sâu cuốn hút mỗi khi ánh sáng lướt qua lớp kính sapphire vòm kép.","<p data-path-to-node=""5""><b data-path-to-node=""5"" data-index-in-node=""0""><a href=""https://theempire.vn/danh-muc/audemars-piguet/"">Audemars Piguet</a> Code 11.59 Selfwinding 77410OR.01</b> phiên bản 38mm là sự kết hợp đầy mê hoặc giữa sắc thái ấm áp của <b data-path-to-node=""5"" data-index-in-node=""115"">Vàng hồng 18k</b> và vẻ sâu thẳm của mặt số <b data-path-to-node=""5"" data-index-in-node=""155"">Sơn mài xanh dương (Blue Lacquer)</b>. Với kích thước được tinh chỉnh gọn gàng hơn, mẫu đồng hồ này là lời giải hoàn hảo cho những quý chủ nhân tìm kiếm sự sang trọng truyền thống trong một diện mạo đương đại. Mặt số xanh dương được hoàn thiện với hiệu ứng chuyển màu (Smoked), tạo nên một dải sắc độ từ xanh rực rỡ ở trung tâm đến xanh đen huyền bí ở rìa, mang lại chiều sâu cuốn hút mỗi khi ánh sáng lướt qua lớp kính sapphire vòm kép.</p>
<p data-path-to-node=""6"">Trải nghiệm trên cổ tay là sự cảm nhận về sự tinh tế và vừa vặn tuyệt vời. Trái tim của đồng hồ là bộ máy <b data-path-to-node=""6"" data-index-in-node=""106"">Calibre 5900</b>, cỗ máy tự động thế hệ mới được AP thiết kế riêng để tối ưu hóa độ mỏng cho dòng vỏ 38mm nhưng vẫn giữ được hiệu suất vận hành mạnh mẽ với tần số 4Hz và 60 giờ dự trữ năng lượng. Từng chi tiết như bộ kim, cọc số và logo AP bằng vàng hồng được đánh bóng gương, nổi bật rực rỡ trên nền xanh thẳm, tạo nên một bản giao hưởng màu sắc quý tộc. Đi kèm dây da cá sấu màu xanh dương đồng điệu, chiếc đồng hồ này không chỉ là một cỗ máy thời gian mà còn là món trang sức xa xỉ, biểu hiện của một gu thẩm mỹ tinh tường và đẳng cấp cá nhân không thể trộn lẫn.</p>","870000000","1","1","AUDEMARS PIGUET, AUDEMARS PIGUET > Code 11:59","https://theempire.vn/wp-content/uploads/2026/01/Audemars-Piguet-Selfwinding-Code-11.59-77410OR.OO_.A344CR.01.png","Thương hiệu","AUDEMARS PIGUET","1","1","Bộ sưu tập","Code 11:59","1","1"
"audermars-piguet-royal-oak-flying-tourbillon-26730ba-oo-1320ba-01","simple","Audermars Piguet Royal Oak Flying Tourbillon 41mm 26730BA.OO.1320BA.01","1","0","visible","Royal Oak Flying Tourbillon 26730BA.OO.1320BA.01 của Audermars Piguet được chế tác từ vàng vàng 18k, vỏ đồng hồ kích thước 41mm, dày 10.6mm, kết hợp mặt kính sapphire chống chói và khả năng chống nước 50m, mang lại sự sang trọng và bền bỉ.","<p>Royal Oak Flying Tourbillon 26730BA.OO.1320BA.01 của <a href=""https://theempire.vn/danh-muc/audemars-piguet/?shop_view=grid&amp;per_row=4"">Audermars Piguet</a> được chế tác từ vàng vàng 18k, vỏ đồng hồ kích thước 41mm, dày 10.6mm, kết hợp mặt kính sapphire chống chói và khả năng chống nước 50m, mang lại sự sang trọng và bền bỉ.</p>
<p>Sở hữu mặt số vàng khói với họa tiết “Grande Tapisserie” đặc trưng, được tạo nên bởi kỹ thuật chạm khắc thủ công tinh xảo, mang lại chiều sâu và hiệu ứng ánh sáng đầy mê hoặc. Tâm điểm của mặt số là lồng Flying Tourbillon được đặt tại vị trí 6 giờ – một minh chứng cho tay nghề bậc thầy của Audemars Piguet. Không chỉ là biểu tượng của kỹ nghệ chế tác đồng hồ, cơ chế Flying Tourbillon còn giảm thiểu tác động của lực hấp dẫn, đảm bảo độ chính xác vượt trội và mang đến vẻ đẹp động học đầy cuốn hút khi chuyển động.</p>
<p>Đi kèm là dây đeo tích hợp từ vàng 18k, hoàn thiện với khóa gập AP, mang lại sự thoải mái và liền mạch hoàn hảo trong thiết kế. Được vận hành bởi bộ máy Calibre 2950, tự động lên dây, tích hợp tourbillon với dự trữ năng lượng 65 giờ, chiếc đồng hồ này không chỉ là công cụ đo thời gian mà còn là một tác phẩm nghệ thuật cơ khí, khẳng định đẳng cấp của người sở hữu.</p>","","1","1","AUDEMARS PIGUET, AUDEMARS PIGUET > Royal Oak","https://theempire.vn/wp-content/uploads/2024/11/Audemars-Piquet-Royal-Oak-Flying-Tourbillon-41mm-1.png,https://theempire.vn/wp-content/uploads/2024/11/Audermars_Piguet_Royal_Oak_Flying_Tourbillon_41mm_26730BA.OO_.1320BA.01-removebg-preview.png","Thương hiệu","AUDEMARS PIGUET","1","1","Bộ sưu tập","Royal Oak","1","1"
"audermars-piguet-royal-oak-perpetual-calendar-26574st-oo-1220st-02","simple","Audermars Piguet Royal Oak Perpetual Calendar 41mm 26574ST.OO.1220ST.02","1","0","visible","Royal Oak Perpetual Calendar 26574ST.OO.1220ST.02 của Audermars Piguet là sự kết hợp hoàn hảo giữa thiết kế tinh tế và chức năng mạnh mẽ, khẳng định đẳng cấp xứng tầm dành cho những người yêu thích sự hoàn mỹ.","<p>Royal Oak Perpetual Calendar 26574ST.OO.1220ST.02 của <a href=""https://theempire.vn/danh-muc/audemars-piguet/?shop_view=grid&amp;per_row=4"">Audermars Piguet</a> là sự kết hợp hoàn hảo giữa thiết kế tinh tế và chức năng mạnh mẽ, khẳng định đẳng cấp xứng tầm dành cho những người yêu thích sự hoàn mỹ.</p>
<p>Bề mặt vỏ được hoàn thiện bằng các đường chải xước tỉ mỉ, kết hợp với các góc cạnh được đánh bóng, mang lại sự tương phản tinh tế giữa các bề mặt. Mặt kính sapphire chống lóa không chỉ bảo vệ mặt số mà còn mang đến sự trong suốt hoàn hảo, giúp người dùng dễ dàng chiêm ngưỡng từng chi tiết.</p>
<p>Mặt số xanh lục với họa tiết “Grande Tapisserie” đặc trưng, gợi nhớ đến những mẫu Royal Oak huyền thoại, mang lại chiều sâu và hiệu ứng ánh sáng độc đáo. Các cọc số và kim đồng hồ bằng vàng trắng được phủ chất phát quang, đảm bảo khả năng hiển thị rõ ràng trong mọi điều kiện ánh sáng. Các bộ đếm trên mặt số được bố trí cân đối, hiển thị chi tiết ngày, thứ, tháng, năm nhuận và tuần trăng thiên văn, tạo nên sự hài hòa và tiện dụng.</p>
<p>Bên trong là bộ máy Calibre 5134, một bộ máy tự động lên dây được chế tác hoàn toàn in-house bởi Audemars Piguet. Với 374 chi tiết, 45 chân kính, tần số hoạt động 2.75Hz, và khả năng dự trữ năng lượng lên đến 40 giờ, bộ máy này không chỉ đảm bảo độ chính xác mà còn thể hiện kỹ nghệ chế tác bậc thầy.</p>","","1","1","AUDEMARS PIGUET, AUDEMARS PIGUET > Royal Oak","https://theempire.vn/wp-content/uploads/2024/11/Audemars-Piquet-Royal-Oak-Perpetual-Calendar-41mm-4.png,https://theempire.vn/wp-content/uploads/2024/11/Audermars_Piguet_Royal_Oak_Perpetual_Calendar_41mm_26574ST.OO_.1220ST.02-removebg-preview.png","Thương hiệu","AUDEMARS PIGUET","1","1","Bộ sưu tập","Royal Oak","1","1"
"audermars-piguet-royal-oak-selfwinding-flying-tourbillon-26532ic-ee-1220ti-01","simple","Audermars Piguet Royal Oak Selfwinding Flying Tourbillon 41mm 26532IC.EE.1220TI.01","1","0","visible","Royal Oak Selfwinding Flying Tourbillon 26532IC.EE.1220TI.01 với sự kết hợp hoàn hảo giữa công nghệ chế tác đỉnh cao, chất liệu titanium nhẹ bền và cơ chế Flying Tourbillon độc đáo, chiếc Royal Oak Selfwinding Flying Tourbillon 26532IC.EE.1220TI.01 của Audermars Piguet là một tuyệt phẩm đồng hồ thể hiện sự sáng tạo, đẳng cấp và tinh tế vượt thời gian. Được thiết kế cho những người yêu thích sự khác biệt và đam mê sự hoàn hảo trong từng chi tiết, chiếc đồng hồ này không chỉ là công cụ đo thời gian mà còn là một biểu tượng của nghệ thuật chế tác.","<p><span data-sheets-root=""1"">Royal Oak Selfwinding Flying Tourbillon 26532IC.EE.1220TI.01 với sự kết hợp hoàn hảo giữa công nghệ chế tác đỉnh cao, chất liệu titanium nhẹ bền và cơ chế Flying Tourbillon độc đáo, chiếc Royal Oak Selfwinding Flying Tourbillon 26532IC.EE.1220TI.01 của <a href=""https://theempire.vn/danh-muc/audemars-piguet/?shop_view=grid&amp;per_row=4"">Audermars Piguet</a> là một tuyệt phẩm đồng hồ thể hiện sự sáng tạo, đẳng cấp và tinh tế vượt thời gian. Được thiết kế cho những người yêu thích sự khác biệt và đam mê sự hoàn hảo trong từng chi tiết, chiếc đồng hồ này không chỉ là công cụ đo thời gian mà còn là một biểu tượng của nghệ thuật chế tác.</span></p>
<p>Điểm nhấn đặc biệt của chiếc đồng hồ này là cơ chế Flying Tourbillon – một trong những kỹ thuật tinh xảo và phức tạp nhất trong ngành chế tác đồng hồ. Không giống như các tourbillon truyền thống, Flying Tourbillon không có cầu đỡ phía trên, mang lại một hiệu ứng thị giác độc đáo khi cơ chế này quay đều đặn. Với bộ máy Automatic, chiếc đồng hồ này tự động lên dây cót khi đeo, mang lại sự tiện lợi tuyệt đối cho người sử dụng. Bộ máy được chế tác một cách tỉ mỉ, đảm bảo sự hoạt động ổn định, chính xác và hoàn hảo trong mọi tình huống.</p>
<p>Royal Oak Selfwinding Flying Tourbillon 26532IC.EE.1220TI.01 là một minh chứng cho sự hoàn hảo trong chế tác đồng hồ, kết hợp giữa kỹ thuật tiên tiến, chất liệu titanium cao cấp và Flying Tourbillon độc đáo. Đây chính là lựa chọn lý tưởng cho những ai yêu thích sự sang trọng, sự khác biệt và đẳng cấp vượt trội.</p>","","1","1","AUDEMARS PIGUET, AUDEMARS PIGUET > Royal Oak","https://theempire.vn/wp-content/uploads/2025/01/Dong-Ho-Audemars-Piguet-Royal-Oak-Selfwinding-Flying-Tourbillon-26532IC.EE_.1220TI.01-41mm.png,https://theempire.vn/wp-content/uploads/2025/01/Audermars_Piguet_Royal_Oak_Selfwinding_Flying_Tourbillon_41mm_26532IC.EE_.1220TI.01-removebg-preview.png","Thương hiệu","AUDEMARS PIGUET","1","1","Bộ sưu tập","Royal Oak","1","1"
"audermars-piguet-royal-oak-selfwinding-flying-tourbillon-26591ti-oo-1252ti-03","simple","Audermars Piguet Royal Oak Selfwinding Flying Tourbillon 42mm 26591TI.OO.1252TI.03","1","0","visible","Royal Oak Selfwinding Flying Tourbillon 26591TI.OO.1252TI.03 là sự kết hợp hoàn hảo giữa kỹ thuật chế tác cao cấp, chất liệu titanium nhẹ nhàng nhưng bền bỉ, và cơ chế Flying Tourbillon độc đáo. Đây chính là sự lựa chọn hoàn hảo cho những ai yêu thích sự khác biệt, độc đáo và đẳng cấp trong từng chi tiết.","<p><span data-sheets-root=""1"">Royal Oak Selfwinding Flying Tourbillon 26591TI.OO.1252TI.03 là một tuyệt tác đồng hồ của sự kết hợp giữa kỹ thuật chế tác cao cấp và thiết kế vượt thời gian, mang đến một trải nghiệm hoàn hảo cho những người yêu thích sự độc đáo và đẳng cấp. Với vỏ và dây đeo titanium cao cấp, cùng với cơ chế Flying Tourbillon tinh xảo, chiếc đồng hồ này không chỉ đảm bảo độ chính xác mà còn thể hiện rõ nét phong cách và sự sáng tạo của <a href=""https://theempire.vn/danh-muc/audemars-piguet/?shop_view=grid&amp;per_row=4"">Audemars Piguet</a>.</span></p>
<p>Với vỏ và dây đeo làm từ titanium, chiếc đồng hồ này không chỉ sở hữu vẻ ngoài mạnh mẽ mà còn rất nhẹ và bền bỉ. Titanium là một chất liệu cao cấp, không những có độ bền cực cao mà còn không bị ăn mòn, giúp đồng hồ luôn giữ được vẻ sáng bóng và mới mẻ theo thời gian. Điều này khiến cho chiếc đồng hồ cực kỳ thoải mái khi đeo, đồng thời mang đến một cảm giác thanh lịch và chắc chắn. Flying Tourbillon là một trong những điểm nhấn đặc biệt của chiếc đồng hồ này.</p>
<p>Khác với các tourbillon truyền thống, Flying Tourbillon không có cầu đỡ trên mặt số, tạo ra hiệu ứng quay đẹp mắt khi nhìn vào. Cơ chế này không chỉ giúp cải thiện độ chính xác của đồng hồ mà còn là một minh chứng cho sự khéo léo và kỹ thuật tinh xảo trong chế tác của Audemars Piguet. Việc đưa Flying Tourbillon vào trong mẫu đồng hồ này còn giúp tạo nên một sự kết hợp hoàn hảo giữa tính năng và thẩm mỹ.</p>","","1","1","AUDEMARS PIGUET, AUDEMARS PIGUET > Royal Oak","https://theempire.vn/wp-content/uploads/2025/01/Dong-Ho-Audemars-Piguet-Royal-Oak-Selfwinding-Flying-Tourbillon-26591TI.OO_.1252TI.03.png,https://theempire.vn/wp-content/uploads/2025/01/Audermars_Piguet_Royal_Oak_Selfwinding_Flying_Tourbillon_42mm_26591TI.OO_.1252TI.03-removebg-preview-1.png","Thương hiệu","AUDEMARS PIGUET","1","1","Bộ sưu tập","Royal Oak","1","1"
"audermars-piguet-royal-oak-tourbillon-extra-thin-26530ti-oo-1220ti-01","simple","Audermars Piguet Royal Oak Sellfwinding Flying Tourbillon 41mm 26530TI.OO.1220TI.01","1","0","visible","Royal Oak Tourbillon Extra-Thin 26530TI.OO.1220TI.01 là một mẫu đồng hồ cao cấp nổi bật trong bộ sưu tập Royal Oak của Audemars Piguet. Chiếc đồng hồ này không chỉ sở hữu thiết kế tinh tế mà còn là một tác phẩm nghệ thuật cơ khí, kết hợp hoàn hảo giữa công nghệ chế tác và phong cách đương đại. Được chế tác từ vật liệu titanium cao cấp, chiếc đồng hồ này mang đến sự nhẹ nhàng, bền bỉ và sang trọng, là sự lựa chọn lý tưởng cho những người yêu thích sự hoàn hảo.","<p><span data-sheets-root=""1"">Royal Oak Tourbillon Extra-Thin 26530TI.OO.1220TI.01 là một mẫu đồng hồ cao cấp nổi bật trong bộ sưu tập Royal Oak của <a href=""https://theempire.vn/danh-muc/audemars-piguet/?shop_view=grid&amp;per_row=4"">Audemars Piguet</a>. Chiếc đồng hồ này không chỉ sở hữu thiết kế tinh tế mà còn là một tác phẩm nghệ thuật cơ khí, kết hợp hoàn hảo giữa công nghệ chế tác và phong cách đương đại. Được chế tác từ vật liệu titanium cao cấp, chiếc đồng hồ này mang đến sự nhẹ nhàng, bền bỉ và sang trọng, là sự lựa chọn lý tưởng cho những người yêu thích sự hoàn hảo.</span></p>
<p>Vỏ và dây đồng hồ đều được chế tác từ titanium, một vật liệu siêu nhẹ nhưng cực kỳ bền bỉ. Titanium giúp giảm trọng lượng đồng hồ, mang lại cảm giác dễ chịu khi đeo, đồng thời có khả năng chống mài mòn và chống ăn mòn tuyệt vời. Điều này giúp duy trì vẻ đẹp của đồng hồ lâu dài, đồng thời tăng thêm phần hiện đại và tinh tế.</p>
<p>Royal Oak Tourbillon Extra-Thin 26530TI.OO.1220TI.01 là sự kết hợp tuyệt vời giữa thiết kế tinh tế và công nghệ chế tác đồng hồ bậc thầy. Vật liệu titanium cao cấp, bộ máy Tourbillon Extra-Thin và kích thước 41mm làm cho chiếc đồng hồ này trở thành một biểu tượng của sự sang trọng, đẳng cấp và tính nghệ thuật cao. Đây là lựa chọn hoàn hảo cho những người đam mê đồng hồ cao cấp và muốn sở hữu một sản phẩm có giá trị bền vững, vượt thời gian.</p>","","1","1","AUDEMARS PIGUET, AUDEMARS PIGUET > Royal Oak","https://theempire.vn/wp-content/uploads/2025/01/Dong-Ho-Audemars-Piguet-Royal-Oak-Tourbillon-Extra-Thin-26510ST.OO_.1220ST.01-41mm-2.png,https://theempire.vn/wp-content/uploads/2025/01/Audermars_Piguet_Royal_Oak_Sellfwinding_Flying_Tourbillon_41mm_26530TI.OO_.1220TI.01-removebg-preview.png","Thương hiệu","AUDEMARS PIGUET","1","1","Bộ sưu tập","Royal Oak","1","1"
